user,date,type,category,subcategory,content,amount,pay,memo
천세원,2024-01-01,이체,저축,미분류,예금해지,39523389.0,저축예금,
천세원,2024-01-01,지출,금융,은행,예금신규,-40000000.0,저축예금,
하유진,2024-01-01,이체,이체,미분류,여민전,-200000.0,KB마이핏통장,
천세원,2024-01-01,지출,생활,편의점,세븐일레븐 일산,-2100.0,카드의 정석 POINT 주거래,
하유진,2024-01-01,지출,문화/여가,미분류,ALIPAY CONNECT PTE. LTD,-132.0,카카오페이 간편결제,
하유진,2024-01-02,지출,주거/통신,미분류,LH2023년12월,-214500.0,KB마이핏통장,
하유진,2024-01-02,이체,카드대금,미분류,신한카드,-304650.0,KB마이핏통장,
천세원,2024-01-02,지출,주거/통신,월세,LH2023년12월,-66510.0,저축예금,
천세원,2024-01-02,지출,문화/여가,게임,1207-1510,-88310.0,저축예금,
하유진,2024-01-03,수입,금융수입,미분류,신한카드캐시백,4802.0,KB마이핏통장,
하유진,2024-01-03,지출,문화/여가,미분류,ALIPAY CONNECT PTE. LTD,-4161.0,카카오페이 간편결제,
하유진,2024-01-03,지출,문화/여가,미분류,ALIPAY CONNECT PTE. LTD,-6300.0,카카오페이 간편결제,
하유진,2024-01-03,지출,교통,미분류,KCP결제_1,-1000.0,네이버 현대카드,
천세원,2024-01-03,지출,금융,은행,세종동부농업협동,-5000.0,갤러리아 체크카드,
천세원,2024-01-03,지출,금융,은행,세종동부농업협동,-50000.0,갤러리아 체크카드,
천세원,2024-01-03,지출,자동차,통행료,에스엠하이플러스,-50000.0,카드의 정석 POINT 주거래,
천세원,2024-01-04,지출,식비,패스트푸드,버거킹 세종반곡점,-9700.0,KB국민 첵첵 체크카드(RF),
천세원,2024-01-05,이체,내계좌이체,미분류,카카오페이,-20595.0,저축예금,
천세원,2024-01-05,지출,식비,배달,주식회사 우아한형제들,-24900.0,카카오페이 간편결제,
천세원,2024-01-05,이체,내계좌이체,미분류,천*원,20595.0,카카오페이 머니,
천세원,2024-01-06,지출,온라인쇼핑,인터넷쇼핑,주식회사 카카오,-33000.0,카카오페이 간편결제,
천세원,2024-01-06,이체,내계좌이체,미분류,천*원,33000.0,카카오페이 머니,
하유진,2024-01-07,지출,식사,미분류,네이버페이,-26648.0,네이버 현대카드,
하유진,2024-01-07,지출,식사,미분류,두끼대전둔산점,-21800.0,네이버 현대카드,
하유진,2024-01-07,지출,생활,미분류,다이소아성산업,-11000.0,네이버 현대카드,
하유진,2024-01-07,지출,카페/간식,미분류,냥다방,-16000.0,네이버 현대카드,
천세원,2024-01-07,지출,생활,생필품,세종전자담배마켓,-160000.0,세종 여민전 하나멤버스 1Q체크카드(후불교통),
천세원,2024-01-07,지출,문화/여가,취미/체험,더큐이스케이프,-44000.0,카드의 정석 POINT 주거래,
하유진,2024-01-09,이체,이체,미분류,여민전,-100000.0,KB마이핏통장,
하유진,2024-01-09,지출,교통,미분류,주식회사 티머니,-500.0,카카오페이 간편결제,
하유진,2024-01-09,지출,교통,미분류,주식회사 티머니,3800.0,카카오페이 간편결제,
하유진,2024-01-09,지출,교통,미분류,주식회사 티머니,-3800.0,카카오페이 간편결제,
하유진,2024-01-09,지출,주거/통신,미분류,LG유플러스통신요금,-16500.0,네이버 현대카드,
하유진,2024-01-09,지출,생활,미분류,에브리데이세종캐슬점,-3790.0,네이버 현대카드,
하유진,2024-01-09,지출,식사,미분류,네이버페이,-23450.0,네이버 현대카드,
하유진,2024-01-09,지출,의복/미용,미분류,네이버파이낸셜,-19780.0,네이버 현대카드,
천세원,2024-01-09,지출,술/유흥,이자카야,토리아에즈 세종점,-36000.0,세종 여민전 하나멤버스 1Q체크카드(후불교통),
하유진,2024-01-09,지출,교통,미분류,주식회사 티머니,-3300.0,카카오페이 간편결제,
천세원,2024-01-09,이체,이체,미분류,여민전,-100000.0,저축예금,
천세원,2024-01-09,지출,카페/간식,커피/음료,그린브라우니 부강점,-16000.0,세종 여민전 하나멤버스 1Q체크카드(후불교통),
하유진,2024-01-10,지출,문화/여가,미분류,ALIPAY CONNECT PTE. LTD,-13667.0,카카오페이 간편결제,
하유진,2024-01-10,지출,카페/간식,미분류,아워홈콘티넨탈세종점,-5250.0,네이버 현대카드,
천세원,2024-01-10,지출,의료/건강,비뇨기과,세종연합비뇨기과,-34400.0,카드의 정석 POINT 주거래,
천세원,2024-01-10,지출,자동차,정비/수리,현대블루핸즈 세,-15000.0,카드의 정석 POINT 주거래,
천세원,2024-01-11,지출,교통,대중교통,교통-버스6건,-10550.0,카드의 정석 POINT 주거래,
하유진,2024-01-11,지출,자동차,미분류,DB손해보험,-12590.0,네이버 현대카드,
하유진,2024-01-11,지출,자동차,미분류,인터넷상거래,-59000.0,네이버 현대카드,
천세원,2024-01-11,지출,교통,대중교통,티머니GO,-13900.0,네이버페이 간편결제,
천세원,2024-01-11,지출,교통,대중교통,티머니GO,-13900.0,네이버페이 간편결제,
천세원,2024-01-11,지출,교통,대중교통,교통-지하철1건,-1400.0,카드의 정석 POINT 주거래,
천세원,2024-01-12,지출,식비,배달,주식회사 우아한형제들,-22900.0,카카오페이 간편결제,
하유진,2024-01-12,이체,카드대금,미분류,현대카드대금,-941101.0,KB마이핏통장,
천세원,2024-01-13,지출,술/유흥,맥주/호프,브루웍스백석점,-30200.0,카드의 정석 POINT 주거래,
하유진,2024-01-13,지출,카페/간식,미분류,김영모과자점,-20200.0,네이버 현대카드,
하유진,2024-01-13,이체,이체,미분류,송금 내역,-19000.0,카카오페이 머니,
천세원,2024-01-14,지출,생활,편의점,대보유통(주)/,-60000.0,카드의 정석 POINT 주거래,
하유진,2024-01-14,지출,문화/여가,미분류,ALIPAY CONNECT PTE. LTD,6300.0,카카오페이 간편결제,
천세원,2024-01-15,지출,카페/간식,커피/음료,(주)아워홈 콘,-1300.0,갤러리아 체크카드,
천세원,2024-01-15,지출,주거/통신,휴대폰,SKB구_티브로드),-16500.0,저축예금,
하유진,2024-01-15,지출,카페/간식,미분류,아워홈콘티넨탈세종점,-1200.0,네이버 현대카드,
하유진,2024-01-15,이체,저축,미분류,CONTINENTA,138600.0,KB마이핏통장,
하유진,2024-01-16,지출,자동차,미분류,금융결제원,-165770.0,네이버 현대카드,
하유진,2024-01-16,수입,금융수입,미분류,계란비밀,1.0,KB마이핏통장,
하유진,2024-01-17,지출,카페/간식,미분류,아워홈콘티넨탈세종점,-1200.0,네이버 현대카드,
하유진,2024-01-18,이체,이체,미분류,김*담,50000.0,카카오페이 머니,
하유진,2024-01-18,이체,이체,미분류,송금 내역,-8333.0,카카오페이 머니,
하유진,2024-01-18,이체,이체,미분류,송금 내역,-38900.0,카카오페이 머니,
천세원,2024-01-18,지출,식비,한식,곤드레말(주),-47000.0,세종 여민전 하나멤버스 1Q체크카드(후불교통),
천세원,2024-01-18,지출,카페/간식,커피/음료,복도리 협동조합,-7500.0,세종 여민전 하나멤버스 1Q체크카드(후불교통),
천세원,2024-01-18,이체,내계좌이체,미분류,천*원,40000.0,카카오페이 머니,
천세원,2024-01-18,이체,이체,미분류,송금 내역,-8333.0,카카오페이 머니,
천세원,2024-01-18,이체,내계좌이체,미분류,카카오페이,-10000.0,저축예금,
천세원,2024-01-18,이체,내계좌이체,미분류,천*원,10000.0,카카오페이 머니,
천세원,2024-01-18,이체,이체,미분류,송금 내역,-30500.0,카카오페이 머니,
천세원,2024-01-18,이체,내계좌이체,미분류,카카오페이,-30000.0,저축예금,
천세원,2024-01-18,이체,내계좌이체,미분류,천*원,30000.0,카카오페이 머니,
천세원,2024-01-18,이체,이체,미분류,송금 내역,-38900.0,카카오페이 머니,
천세원,2024-01-18,이체,내계좌이체,미분류,카카오페이,-40000.0,저축예금,
하유진,2024-01-19,지출,식사,미분류,코스트코코리아,-58670.0,네이버 현대카드,
천세원,2024-01-19,지출,주거/통신,휴대폰,국민은행LiivM,-45490.0,KB국민 첵첵 체크카드(RF),
천세원,2024-01-19,지출,식비,배달,주식회사 우아한형제들,-18900.0,카카오페이 간편결제,
하유진,2024-01-19,지출,미분류,미분류,네이버페이,-997837.0,네이버 현대카드,
하유진,2024-01-19,이체,저축,미분류,천세원_뉴욕숙박,499000.0,KB마이핏통장,
하유진,2024-01-19,이체,미분류,미분류,국민은행LiivM,-24100.0,KB국민 nori 체크카드(RF),
천세원,2024-01-19,지출,금융,세금/과태료,국민하유진,-499000.0,저축예금,
하유진,2024-01-20,지출,카페/간식,미분류,런던베이글뮤지엄도산,-26300.0,네이버 현대카드,
하유진,2024-01-20,이체,이체,미분류,천*원,100000.0,카카오페이 머니,
하유진,2024-01-20,이체,미분류,미분류,출금 내역,-300000.0,KB마이핏통장,
천세원,2024-01-20,이체,이체,미분류,송금 내역,-13900.0,카카오페이 머니,
천세원,2024-01-20,이체,내계좌이체,미분류,카카오페이,-20000.0,저축예금,
천세원,2024-01-20,지출,생활,편의점,이마트24 서울,-2500.0,카드의 정석 POINT 주거래,
천세원,2024-01-20,지출,교통,대중교통,티머니GO,13300.0,네이버페이 간편결제,
천세원,2024-01-20,지출,카페/간식,커피/음료,평화다방강남역점,-9800.0,갤러리아 체크카드,
천세원,2024-01-20,이체,이체,미분류,송금 내역,-100000.0,카카오페이 머니,
천세원,2024-01-20,이체,내계좌이체,미분류,카카오페이,-100000.0,저축예금,
천세원,2024-01-20,이체,내계좌이체,미분류,천*원,100000.0,카카오페이 머니,
천세원,2024-01-20,이체,내계좌이체,미분류,천*원,20000.0,카카오페이 머니,
하유진,2024-01-20,이체,이체,미분류,천*원,13900.0,카카오페이 머니,
하유진,2024-01-21,수입,금융수입,미분류,예금이자원가,0.0,딴주머니,
하유진,2024-01-21,수입,금융수입,미분류,예금이자원가,0.0,잇(it)딴주머니통장,
하유진,2024-01-21,지출,의복/미용,미분류,네이버파이낸셜,-25900.0,네이버 현대카드,
천세원,2024-01-22,이체,내계좌이체,미분류,카카오페이,-10000.0,저축예금,
천세원,2024-01-22,수입,금융수입,미분류,체크취소입금,13300.0,저축예금,
천세원,2024-01-22,이체,이체,미분류,송금 내역,-16000.0,카카오페이 머니,
천세원,2024-01-22,이체,내계좌이체,미분류,천*원,10000.0,카카오페이 머니,
천세원,2024-01-22,지출,자동차,차량보험,DB손11501,-30000.0,저축예금,
천세원,2024-01-22,지출,교통,시외버스,전국고속버스운송사업조합,13300.0,카드의 정석 POINT 주거래,
하유진,2024-01-22,지출,식사,미분류,네이버페이,-18900.0,네이버 현대카드,
하유진,2024-01-22,지출,카페/간식,미분류,아워홈콘티넨탈세종점,-2500.0,네이버 현대카드,
하유진,2024-01-22,이체,이체,미분류,송금 내역,-16000.0,카카오페이 머니,
하유진,2024-01-22,지출,미분류,미분류,11번가,-65590.0,네이버 현대카드,
천세원,2024-01-23,지출,카페/간식,커피/음료,(주)아워홈 콘,-1300.0,갤러리아 체크카드,
하유진,2024-01-24,이체,이체,미분류,하*헌,3600.0,카카오페이 머니,
하유진,2024-01-24,지출,카페/간식,미분류,주식회사 카카오,-990.0,카카오페이 간편결제,
천세원,2024-01-24,지출,생활,생필품,세종전자담배마켓,-160000.0,세종 여민전 하나멤버스 1Q체크카드(후불교통),
하유진,2024-01-24,지출,문화/여가,미분류,ALIPAY CONNECT PTE. LTD,1168.0,카카오페이 간편결제,
천세원,2024-01-24,이체,이체,미분류,여민전,-200000.0,저축예금,
하유진,2024-01-24,이체,이체,미분류,여민전,-200000.0,KB마이핏통장,
천세원,2024-01-24,지출,생활,마트,홈플러스세종점O,-57030.0,카드의 정석 POINT 주거래,
천세원,2024-01-25,이체,이체,미분류,하*진,76000.0,카카오페이 머니,
천세원,2024-01-25,수입,급여,미분류,급여 콘티넨탈,5002238.0,저축예금,
천세원,2024-01-25,이체,내계좌이체,미분류,LH천세원,-3060000.0,저축예금,
천세원,2024-01-25,지출,금융,보험,메리츠001건,-36120.0,저축예금,
하유진,2024-01-25,수입,급여,미분류,급여 콘티넨탈,4215771.0,KB마이핏통장,
하유진,2024-01-25,이체,이체,미분류,송금 내역,-76000.0,카카오페이 머니,
하유진,2024-01-25,지출,카페/간식,미분류,아워홈콘티넨탈세종점,-1200.0,네이버 현대카드,
하유진,2024-01-25,지출,주거/통신,미분류,아파트관리비,-231420.0,네이버 현대카드,
천세원,2024-01-25,이체,카드대금,미분류,우리카드결제대금,-11950.0,저축예금,
하유진,2024-01-26,지출,생활,미분류,다이소세종부강점,-7000.0,네이버 현대카드,
하유진,2024-01-26,지출,미분류,미분류,지마켓,-16730.0,Deep ECO,
하유진,2024-01-26,지출,교통,미분류,티머니 버스.지하철,-4200.0,KB국민행복카드,
하유진,2024-01-26,지출,교통,미분류,티머니 버스.지하철,-4500.0,KB국민행복카드,
천세원,2024-01-26,지출,금융,은행,예금신규,-30000.0,저축예금,
천세원,2024-01-26,이체,저축,미분류,예금해지,6126480.0,저축예금,
천세원,2024-01-26,이체,내계좌이체,미분류,천세원청약70,-100000.0,저축예금,
천세원,2024-01-26,이체,내계좌이체,미분류,입금 내역,100000.0,주택청약종합저축,
천세원,2024-01-26,이체,내계좌이체,미분류,9회-천세원,-500000.0,저축예금,
천세원,2024-01-26,지출,식비,배달,주식회사 우아한형제들,-27800.0,카카오페이 간편결제,
천세원,2024-01-27,지출,식비,배달,주식회사 우아한형제들,-24900.0,카카오페이 간편결제,
하유진,2024-01-27,지출,카페/간식,미분류,르배,-38000.0,네이버 현대카드,
천세원,2024-01-27,지출,온라인쇼핑,인터넷쇼핑,쿠팡 주식회사,-54090.0,카드의 정석 POINT 주거래,
하유진,2024-01-27,이체,저축,미분류,정기이자 입금,1.0,세이프박스,
천세원,2024-01-27,이체,내계좌이체,미분류,2회-천세원,-30000.0,저축예금,
천세원,2024-01-27,지출,식비,일식,오유미당 세종보람점,-13900.0,세종 여민전 하나멤버스 1Q체크카드(후불교통),
천세원,2024-01-27,수입,금융수입,미분류,이자,0.0,MY 입출금통장,
하유진,2024-01-27,지출,문화/여가,미분류,ALIPAY CONNECT PTE. LTD,782.0,카카오페이 간편결제,
하유진,2024-01-27,이체,이체,미분류,송금 내역,-30000.0,카카오페이 머니,
하유진,2024-01-27,수입,금융수입,미분류,이자,0.0,MY 입출금통장,
하유진,2024-01-27,수입,금융수입,미분류,입출금통장 이자,0.0,입출금통장,
천세원,2024-01-27,지출,뷰티/미용,헤어샵,라봄헤어,-18000.0,세종 여민전 하나멤버스 1Q체크카드(후불교통),
하유진,2024-01-28,지출,미분류,미분류,쿠팡,-23680.0,Deep ECO,
하유진,2024-01-28,이체,투자,미분류,김경희쿠팡물구매비용,24000.0,KB마이핏통장,
천세원,2024-01-28,이체,내계좌이체,미분류,3회-천세원,-30000.0,저축예금,
천세원,2024-01-28,지출,식비,배달,주식회사 우아한형제들,-20040.0,카카오페이 간편결제,
천세원,2024-01-29,이체,내계좌이체,미분류,국민천세원,-6000000.0,저축예금,
천세원,2024-01-29,이체,내계좌이체,미분류,천세원,6000000.0,KB마이핏통장,
천세원,2024-01-29,지출,교통,대중교통,티머니GO,-13900.0,네이버페이 간편결제,
천세원,2024-01-29,지출,주거/통신,휴대폰,8035150125519,-6000000.0,KB마이핏통장,
천세원,2024-01-29,이체,내계좌이체,미분류,4회-천세원,-30000.0,저축예금,
천세원,2024-01-29,지출,생활,생활서비스,"80350300078630  , 6회차",-300000.0,KB마이핏통장,
하유진,2024-01-29,이체,카드대금,미분류,BC바로카드,-4147433.0,KB마이핏통장,
천세원,2024-01-29,이체,내계좌이체,미분류,퇴직연금-천세원,-100000.0,저축예금,
천세원,2024-01-30,지출,교통,대중교통,티머니GO,-13900.0,네이버페이 간편결제,
하유진,2024-01-30,이체,이체,미분류,김경희,-200000.0,KB마이핏통장,
하유진,2024-01-30,지출,자동차,미분류,NICE_주차장,-1500.0,네이버 현대카드,
하유진,2024-01-30,이체,이체,미분류,이*원,40000.0,카카오페이 머니,
하유진,2024-01-30,이체,이체,미분류,김*화,40000.0,카카오페이 머니,
천세원,2024-01-30,이체,내계좌이체,미분류,5회-천세원,-30000.0,저축예금,
하유진,2024-01-30,이체,이체,미분류,하봉수,-200000.0,KB마이핏통장,
천세원,2024-01-30,지출,생활,편의점,세븐일레븐 세종새나루점,-9900.0,세종 여민전 하나멤버스 1Q체크카드(후불교통),
천세원,2024-01-31,지출,온라인쇼핑,인터넷쇼핑,더블디스토어,-5300.0,네이버페이 간편결제,
천세원,2024-01-31,지출,문화/여가,게임,1207-1510,-87740.0,저축예금,
천세원,2024-01-31,지출,주거/통신,월세,LH2024년01월,-66510.0,저축예금,
천세원,2024-01-31,이체,내계좌이체,미분류,6회-천세원,-30000.0,저축예금,
천세원,2024-01-31,지출,카페/간식,커피/음료,(주)아워홈 콘,-1300.0,갤러리아 체크카드,
천세원,2024-01-31,이체,이체,미분류,송금 내역,-13900.0,카카오페이 머니,
천세원,2024-01-31,지출,생활,편의점,GS25세종캐슬점,-3800.0,세종 여민전 하나멤버스 1Q체크카드(후불교통),
하유진,2024-01-31,지출,주거/통신,미분류,LH2024년01월,-214500.0,KB마이핏통장,
하유진,2024-01-31,이체,이체,미분류,송금 내역,-13900.0,카카오페이 머니,
천세원,2024-02-01,이체,내계좌이체,미분류,7회-천세원,-30000.0,저축예금,
천세원,2024-02-01,지출,생활,생필품,주식회사 아성다,-5000.0,카드의 정석 POINT 주거래,
하유진,2024-02-01,이체,이체,미분류,김*화,48695.0,카카오페이 머니,
하유진,2024-02-01,지출,미분류,미분류,쿠팡,-97390.0,Deep ECO,
하유진,2024-02-01,이체,카드대금,미분류,신한카드,-103880.0,KB마이핏통장,
하유진,2024-02-01,이체,이체,미분류,여민전,-200000.0,KB마이핏통장,
하유진,2024-02-02,지출,미분류,미분류,(주)케이지이니시스,-49780.0,카카오페이 간편결제,
하유진,2024-02-02,지출,미분류,미분류,(주)케이지이니시스,-60880.0,카카오페이 간편결제,
천세원,2024-02-02,지출,식비,한식,신전떡볶이 세종새롬점,-14800.0,세종 여민전 하나멤버스 1Q체크카드(후불교통),
천세원,2024-02-02,지출,카페/간식,디저트/떡,세종떡궁,-2500.0,세종 여민전 하나멤버스 1Q체크카드(후불교통),
천세원,2024-02-02,이체,내계좌이체,미분류,8회-천세원,-30000.0,저축예금,
천세원,2024-02-03,지출,생활,편의점,청사정류장 편의점,-2400.0,세종 여민전 하나멤버스 1Q체크카드(후불교통),
천세원,2024-02-03,이체,이체,미분류,여민전,-100000.0,저축예금,
천세원,2024-02-03,이체,내계좌이체,미분류,9회-천세원,-30000.0,저축예금,
천세원,2024-02-04,이체,내계좌이체,미분류,10회-천세원,-30000.0,저축예금,
하유진,2024-02-04,지출,의복/미용,미분류,네이버파이낸셜,-36163.0,네이버 현대카드,
천세원,2024-02-04,지출,식비,식재료,로컬푸드직매장 새롬점,-26600.0,세종 여민전 하나멤버스 1Q체크카드(후불교통),
천세원,2024-02-05,이체,내계좌이체,미분류,11회-천세원,-30000.0,저축예금,
하유진,2024-02-05,지출,미분류,미분류,지마켓,-18530.0,Deep ECO,
하유진,2024-02-05,지출,식사,미분류,네이버페이,-15000.0,네이버 현대카드,
천세원,2024-02-06,이체,내계좌이체,미분류,12회-천세원,-30000.0,저축예금,
하유진,2024-02-06,지출,의료/건강,미분류,서산부인과,-36800.0,네이버 현대카드,
천세원,2024-02-06,수입,급여,미분류,상여 콘티넨탈,1897572.0,저축예금,
천세원,2024-02-06,지출,생활,편의점,세븐일레븐 세종새나루점,-7200.0,세종 여민전 하나멤버스 1Q체크카드(후불교통),
하유진,2024-02-06,수입,급여,미분류,상여 콘티넨탈,1785662.0,KB마이핏통장,
하유진,2024-02-07,이체,카드대금,미분류,연스튜디오(정연수),-400000.0,KB마이핏통장,
하유진,2024-02-07,이체,이체,미분류,문찬호,-100000.0,KB마이핏통장,
천세원,2024-02-07,지출,자동차,주유,(주) 동인청사구도일주유소세종,-60000.0,세종 여민전 하나멤버스 1Q체크카드(후불교통),
천세원,2024-02-07,이체,내계좌이체,미분류,13회-천세원,-30000.0,저축예금,
천세원,2024-02-07,지출,온라인쇼핑,인터넷쇼핑,쿠팡 주식회사,-34660.0,카드의 정석 POINT 주거래,
천세원,2024-02-08,지출,교통,대중교통,교통-버스3건,-4400.0,카드의 정석 POINT 주거래,
하유진,2024-02-08,지출,카페/간식,미분류,아워홈콘티넨탈세종점,-7700.0,네이버 현대카드,
하유진,2024-02-08,이체,이체,미분류,한*순,500000.0,카카오페이 머니,
하유진,2024-02-08,지출,미분류,미분류,네이버페이,-96800.0,네이버 현대카드,
천세원,2024-02-08,이체,내계좌이체,미분류,14회-천세원,-30000.0,저축예금,
천세원,2024-02-08,지출,교통,대중교통,교통-지하철4건,-5600.0,카드의 정석 POINT 주거래,
하유진,2024-02-08,지출,자동차,미분류,포토이즘박스세종나성점,-12000.0,네이버 현대카드,
천세원,2024-02-09,이체,내계좌이체,미분류,15회-천세원,-30000.0,저축예금,
천세원,2024-02-09,이체,이체,미분류,송금 내역,-11600.0,카카오페이 머니,
천세원,2024-02-09,지출,생활,편의점,GS25응암가온,-15950.0,카드의 정석 POINT 주거래,
천세원,2024-02-09,지출,생활,편의점,세븐일레븐응암중,-1000.0,카드의 정석 POINT 주거래,
하유진,2024-02-09,이체,이체,미분류,최송희,6000.0,KB마이핏통장,
하유진,2024-02-09,이체,이체,미분류,여민전,-50000.0,KB마이핏통장,
하유진,2024-02-09,이체,이체,미분류,여민전,-100000.0,KB마이핏통장,
하유진,2024-02-09,이체,이체,미분류,천*원,11600.0,카카오페이 머니,
하유진,2024-02-09,이체,이체,미분류,정*영,11600.0,카카오페이 머니,
하유진,2024-02-09,이체,이체,미분류,김*영,11600.0,카카오페이 머니,
천세원,2024-02-10,이체,미분류,미분류,입금 내역,433.0,KB마이핏통장,
천세원,2024-02-10,지출,생활,편의점,(주)코리아세븐,-800.0,카드의 정석 POINT 주거래,
천세원,2024-02-10,지출,주거/통신,휴대폰,0203372020333,-600000.0,저축예금,
천세원,2024-02-10,이체,내계좌이체,미분류,16회-천세원,-30000.0,저축예금,
하유진,2024-02-10,이체,미분류,미분류,입금 내역,1214.0,KB마이핏통장,
하유진,2024-02-11,이체,이체,미분류,하봉수,-300000.0,KB마이핏통장,
천세원,2024-02-11,이체,내계좌이체,미분류,17회-천세원,-30000.0,저축예금,
하유진,2024-02-11,이체,이체,미분류,김경희,20000.0,KB마이핏통장,
하유진,2024-02-11,지출,식사,미분류,네이버페이,-25675.0,네이버 현대카드,
하유진,2024-02-11,이체,이체,미분류,김경희,-300000.0,KB마이핏통장,
하유진,2024-02-11,이체,이체,미분류,김경희,25000.0,KB마이핏통장,
하유진,2024-02-11,지출,미분류,미분류,쿠팡,-19790.0,Deep ECO,
천세원,2024-02-12,이체,내계좌이체,미분류,18회-천세원,-30000.0,저축예금,
천세원,2024-02-12,지출,자동차,통행료,한국도로공사안성,-40000.0,카드의 정석 POINT 주거래,
하유진,2024-02-12,지출,의복/미용,미분류,네이버파이낸셜,-13900.0,네이버 현대카드,
천세원,2024-02-12,지출,카페/간식,커피/음료,메가엠지씨커피,-10600.0,카드의 정석 POINT 주거래,
하유진,2024-02-13,지출,자동차,미분류,DB손해보험,-12590.0,네이버 현대카드,
천세원,2024-02-13,이체,내계좌이체,미분류,19회-천세원,-30000.0,저축예금,
천세원,2024-02-13,지출,문화/여가,영화,메가박스중앙 (주)세종나성지점,-3500.0,세종 여민전 하나멤버스 1Q체크카드(후불교통),
천세원,2024-02-13,지출,식비,아시아음식,베트남쌀국수 퍼짱,-23000.0,세종 여민전 하나멤버스 1Q체크카드(후불교통),
천세원,2024-02-13,이체,이체,미분류,여민전,-100000.0,저축예금,
하유진,2024-02-13,지출,주거/통신,미분류,LG유플러스통신요금,-20050.0,네이버 현대카드,
하유진,2024-02-13,지출,카페/간식,미분류,네이버페이,-7800.0,네이버 현대카드,
하유진,2024-02-13,지출,주거/통신,미분류,LG유플러스통신요금,-16500.0,네이버 현대카드,
하유진,2024-02-13,이체,카드대금,미분류,현대카드대금,-1879995.0,KB마이핏통장,
하유진,2024-02-13,이체,카드대금,미분류,KB카드출금,-8700.0,KB마이핏통장,
하유진,2024-02-13,지출,식사,미분류,네이버페이,-23800.0,네이버 현대카드,
천세원,2024-02-14,이체,내계좌이체,미분류,20회-천세원,-30000.0,저축예금,
하유진,2024-02-14,이체,미분류,미분류,상품권_이니시스,-1.0,KB마이핏통장,
하유진,2024-02-15,지출,미분류,미분류,KICC_ARS결제,-120000.0,네이버 현대카드,
천세원,2024-02-15,지출,금융,세금/과태료,공공기관,-3000.0,KB국민 첵첵 체크카드(RF),
천세원,2024-02-15,이체,내계좌이체,미분류,21회-천세원,-30000.0,저축예금,
하유진,2024-02-15,이체,저축,미분류,빗썸440,1.0,KB마이핏통장,
천세원,2024-02-16,이체,내계좌이체,미분류,22회-천세원,-30000.0,저축예금,
천세원,2024-02-16,지출,주거/통신,휴대폰,SKB구_티브로드),-16500.0,저축예금,
천세원,2024-02-16,지출,식비,고기,88양꼬치,-62000.0,세종 여민전 하나멤버스 1Q체크카드(후불교통),
천세원,2024-02-17,지출,금융,세금/과태료,국민하유진_본식정산,-250000.0,저축예금,
천세원,2024-02-17,지출,술/유흥,맥주/호프,무지개맥주 세종보람점,-23200.0,세종 여민전 하나멤버스 1Q체크카드(후불교통),
천세원,2024-02-17,이체,내계좌이체,미분류,23회-천세원,-30000.0,저축예금,
천세원,2024-02-17,이체,이체,미분류,여민전,-100000.0,저축예금,
천세원,2024-02-17,지출,생활,편의점,세븐일레븐 세종새나루점,-19440.0,세종 여민전 하나멤버스 1Q체크카드(후불교통),
하유진,2024-02-17,지출,식사,미분류,써브웨이세종새롬점,-12600.0,네이버 현대카드,
하유진,2024-02-17,이체,투자,미분류,천세원_본식스냅정산,250000.0,KB마이핏통장,
하유진,2024-02-18,수입,금융수입,미분류,예금이자원가,0.0,잇(it)딴주머니통장,
하유진,2024-02-18,지출,식사,미분류,장원갑칼국수세,-27000.0,KB마이핏통장,
천세원,2024-02-18,이체,내계좌이체,미분류,24회-천세원,-30000.0,저축예금,
천세원,2024-02-19,이체,내계좌이체,미분류,25회-천세원,-30000.0,저축예금,
천세원,2024-02-19,지출,생활,편의점,세븐일레븐 세종새나루점,-5300.0,세종 여민전 하나멤버스 1Q체크카드(후불교통),
하유진,2024-02-19,지출,식사,미분류,네이버페이,-13407.0,네이버 현대카드,
하유진,2024-02-19,지출,식사,미분류,코스트코코리아,-24180.0,네이버 현대카드,
천세원,2024-02-20,지출,교통,대중교통,티머니GO,-13900.0,네이버페이 간편결제,
천세원,2024-02-20,지출,금융,세금/과태료,공공기관,-3000.0,갤러리아 체크카드,
천세원,2024-02-20,이체,내계좌이체,미분류,26회-천세원,-30000.0,저축예금,
천세원,2024-02-20,지출,교통,대중교통,티머니GO,-13900.0,네이버페이 간편결제,
하유진,2024-02-21,이체,미분류,미분류,국민은행LiivM,-24100.0,KB국민 nori 체크카드(RF),
천세원,2024-02-21,지출,주거/통신,휴대폰,국민은행LiivM,-40490.0,KB국민 첵첵 체크카드(RF),
천세원,2024-02-21,이체,내계좌이체,미분류,27회-천세원,-30000.0,저축예금,
천세원,2024-02-21,지출,자동차,차량보험,DB손11602,-30000.0,저축예금,
하유진,2024-02-21,지출,생활,미분류,세종중앙농협새뜸지점,-2970.0,네이버 현대카드,
하유진,2024-02-21,지출,의복/미용,미분류,네이버파이낸셜,-17750.0,네이버 현대카드,
천세원,2024-02-22,이체,내계좌이체,미분류,28회-천세원,-30000.0,저축예금,
천세원,2024-02-22,이체,이체,미분류,송금 내역,-13000.0,카카오페이 머니,
천세원,2024-02-22,지출,카페/간식,커피/음료,(주)아워홈 콘,-5100.0,갤러리아 체크카드,
천세원,2024-02-22,지출,카페/간식,베이커리,디엠포스트(유)뚜레쥬르세종소담점,-19000.0,세종 여민전 하나멤버스 1Q체크카드(후불교통),
하유진,2024-02-22,이체,이체,미분류,송금 내역,-13000.0,카카오페이 머니,
천세원,2024-02-23,지출,식비,한식,신대구막창 나성점,-50600.0,세종 여민전 하나멤버스 1Q체크카드(후불교통),
천세원,2024-02-23,지출,온라인쇼핑,서비스구독,엔에이치엔케이씨피 주식회사,-1000.0,카카오페이 간편결제,
천세원,2024-02-23,수입,급여,미분류,급여 콘티넨탈,3837564.0,저축예금,
천세원,2024-02-23,이체,내계좌이체,미분류,29회-천세원,-30000.0,저축예금,
하유진,2024-02-23,수입,급여,미분류,급여 콘티넨탈,4456276.0,KB마이핏통장,
하유진,2024-02-23,지출,주거/통신,미분류,아파트관리비,-264200.0,네이버 현대카드,
천세원,2024-02-24,지출,교통,택시,카카오페이(택시,5000.0,카드의 정석 POINT 주거래,
천세원,2024-02-24,지출,온라인쇼핑,서비스구독,씨제이올리브네트,-5400.0,카드의 정석 POINT 주거래,
천세원,2024-02-24,지출,패션/쇼핑,백화점,(주)뉴코아아울,-120000.0,카드의 정석 POINT 주거래,
천세원,2024-02-24,이체,내계좌이체,미분류,30회-천세원,-30000.0,저축예금,
천세원,2024-02-24,지출,식비,패스트푸드,BKR버거킹일산,-9700.0,카드의 정석 POINT 주거래,
천세원,2024-02-24,이체,이체,미분류,여민전,-100000.0,저축예금,
천세원,2024-02-24,지출,생활,편의점,청사정류장 편의점,-2400.0,세종 여민전 하나멤버스 1Q체크카드(후불교통),
천세원,2024-02-24,이체,내계좌이체,미분류,카카오페이,-17000.0,저축예금,
천세원,2024-02-24,이체,내계좌이체,미분류,천*원,17000.0,카카오페이 머니,
천세원,2024-02-24,수입,금융수입,미분류,이자,0.0,MY 입출금통장,
천세원,2024-02-24,이체,이체,미분류,송금 내역,-250000.0,카카오페이 머니,
천세원,2024-02-24,이체,내계좌이체,미분류,카카오페이,-231019.0,저축예금,
천세원,2024-02-24,이체,내계좌이체,미분류,천*원,231019.0,카카오페이 머니,
천세원,2024-02-24,지출,교통,택시,주식회사 티머니,-2000.0,카카오페이 간편결제,
천세원,2024-02-24,이체,이체,미분류,송금 내역,-17000.0,카카오페이 머니,
천세원,2024-02-24,지출,교통,택시,주식회사 티머니,5000.0,카카오페이 간편결제,
천세원,2024-02-24,지출,교통,택시,주식회사 티머니,2000.0,카카오페이 간편결제,
천세원,2024-02-24,지출,술/유흥,이자카야,노군꼬치나성점,-18100.0,세종 여민전 하나멤버스 1Q체크카드(후불교통),
하유진,2024-02-24,지출,식사,미분류,인생네컷세종로데오,-4000.0,네이버 현대카드,
하유진,2024-02-24,이체,이체,미분류,천*원,250000.0,카카오페이 머니,
하유진,2024-02-24,이체,저축,미분류,정기이자 입금,1.0,세이프박스,
하유진,2024-02-24,수입,금융수입,미분류,이자,0.0,MY 입출금통장,
하유진,2024-02-24,수입,금융수입,미분류,입출금통장 이자,0.0,입출금통장,
하유진,2024-02-24,지출,카페/간식,미분류,주식회사 카카오,-990.0,카카오페이 간편결제,
천세원,2024-02-24,지출,교통,택시,주식회사 티머니,-5000.0,카카오페이 간편결제,
하유진,2024-02-24,이체,이체,미분류,송금 내역,-17000.0,카카오페이 머니,
천세원,2024-02-25,지출,식비,중식,라부파 마라탕,-22400.0,세종 여민전 하나멤버스 1Q체크카드(후불교통),
천세원,2024-02-25,지출,교통,대중교통,티머니GO,13300.0,네이버페이 간편결제,
천세원,2024-02-25,지출,교통,대중교통,티머니GO,-13000.0,네이버페이 간편결제,
천세원,2024-02-25,지출,문화/여가,취미/체험,선도예공방,-22000.0,카드의 정석 POINT 주거래,
천세원,2024-02-25,이체,이체,미분류,송금 내역,-300000.0,카카오페이 머니,
천세원,2024-02-25,이체,내계좌이체,미분류,카카오페이,-300000.0,저축예금,
천세원,2024-02-25,이체,내계좌이체,미분류,천*원,300000.0,카카오페이 머니,
천세원,2024-02-25,이체,내계좌이체,미분류,31회-천세원,-30000.0,저축예금,
하유진,2024-02-25,이체,투자,미분류,김경희쿠팡토레타구매,19000.0,KB마이핏통장,
하유진,2024-02-25,지출,미분류,미분류,쿠팡,-18410.0,Deep ECO,
천세원,2024-02-26,이체,내계좌이체,미분류,농협천세원,-96920.0,저축예금,
하유진,2024-02-26,지출,생활,미분류,한화손02건,-97508.0,KB마이핏통장,
천세원,2024-02-26,이체,카드대금,미분류,우리카드결제대금,-10000.0,저축예금,
천세원,2024-02-26,지출,금융,보험,메리츠001건,-36120.0,저축예금,
천세원,2024-02-26,이체,내계좌이체,미분류,32회-천세원,-30000.0,저축예금,
천세원,2024-02-26,이체,내계좌이체,미분류,입금 내역,100000.0,주택청약종합저축,
천세원,2024-02-26,이체,내계좌이체,미분류,천세원청약71,-100000.0,저축예금,
천세원,2024-02-26,이체,내계좌이체,미분류,10회-천세원,-500000.0,저축예금,
천세원,2024-02-27,수입,금융수입,미분류,체크취소입금,13300.0,저축예금,
천세원,2024-02-27,이체,내계좌이체,미분류,퇴직연금-천세원,-100000.0,저축예금,
천세원,2024-02-27,이체,내계좌이체,미분류,33회-천세원,-30000.0,저축예금,
천세원,2024-02-27,지출,교통,시외버스,전국고속버스운송사업조합,13300.0,카드의 정석 POINT 주거래,
하유진,2024-02-27,지출,카페/간식,미분류,아워홈콘티넨탈세종점,-1200.0,네이버 현대카드,
하유진,2024-02-27,지출,여행/숙박,미분류,주식회사 여기어때컴퍼니,-121600.0,카카오페이 간편결제,
하유진,2024-02-27,수입,급여,미분류,김경희 호텔 예약비,130000.0,KB마이핏통장,
하유진,2024-02-28,지출,식사,미분류,써브웨이세종새롬점,-6300.0,네이버 현대카드,
천세원,2024-02-28,이체,내계좌이체,미분류,34회-천세원,-30000.0,저축예금,
천세원,2024-02-28,지출,식비,패스트푸드,롯데리아 세종새롬점,-16400.0,세종 여민전 하나멤버스 1Q체크카드(후불교통),
하유진,2024-02-28,지출,문화/여가,미분류,STEAMGAMES.COM 4259522985,-32379.0,네이버 현대카드,
천세원,2024-02-29,이체,저축,미분류,만기자동해지803503-00-078630,1817778.0,KB마이핏통장,
천세원,2024-02-29,지출,문화/여가,게임,1207-1510,-126050.0,저축예금,
천세원,2024-02-29,지출,주거/통신,월세,LH2024년02월,-79030.0,저축예금,
천세원,2024-02-29,지출,자동차,주유,(주) 동인청사구도일주유소세종,-50000.0,세종 여민전 하나멤버스 1Q체크카드(후불교통),
천세원,2024-02-29,이체,내계좌이체,미분류,카카오페이,-23877.0,저축예금,
천세원,2024-02-29,지출,식비,배달,주식회사 우아한형제들,-23900.0,카카오페이 간편결제,
천세원,2024-02-29,이체,내계좌이체,미분류,천*원,23877.0,카카오페이 머니,
천세원,2024-02-29,이체,내계좌이체,미분류,35회-천세원,-30000.0,저축예금,
하유진,2024-02-29,지출,주거/통신,미분류,LH2024년02월,-214500.0,KB마이핏통장,
하유진,2024-02-29,지출,카페/간식,미분류,아워홈콘티넨탈세종점,-1200.0,네이버 현대카드,
하유진,2024-03-01,지출,생활,미분류,에브리데이세종캐슬점,-27520.0,네이버 현대카드,
천세원,2024-03-01,이체,내계좌이체,미분류,36회-천세원,-30000.0,저축예금,
하유진,2024-03-01,이체,이체,미분류,여민전,-200000.0,KB마이핏통장,
천세원,2024-03-01,지출,금융,증권/투자,04806198EF432,-301000.0,저축예금,
천세원,2024-03-02,지출,카페/간식,커피/음료,빽다방성성점,-12100.0,카드의 정석 POINT 주거래,
천세원,2024-03-02,이체,내계좌이체,미분류,37회-천세원,-30000.0,저축예금,
천세원,2024-03-02,지출,식비,한식,백소전세종점,-29000.0,세종 여민전 하나멤버스 1Q체크카드(후불교통),
천세원,2024-03-02,이체,이체,미분류,여민전,-100000.0,저축예금,
하유진,2024-03-02,지출,의료/건강,미분류,할머니학화호두과자(공단점),-12000.0,네이버 현대카드,
천세원,2024-03-03,이체,내계좌이체,미분류,38회-천세원,-30000.0,저축예금,
천세원,2024-03-03,지출,식비,고기,우리축산,-9800.0,세종 여민전 하나멤버스 1Q체크카드(후불교통),
천세원,2024-03-03,지출,카페/간식,도넛/핫도그,명랑핫도그새롬점,-7100.0,세종 여민전 하나멤버스 1Q체크카드(후불교통),
천세원,2024-03-03,지출,생활,마트,세종중앙농협 새뜸지점,-1100.0,세종 여민전 하나멤버스 1Q체크카드(후불교통),
천세원,2024-03-03,지출,식비,배달,주식회사 우아한형제들,17600.0,카카오페이 간편결제,
천세원,2024-03-03,지출,식비,배달,주식회사 우아한형제들,-17600.0,카카오페이 간편결제,
하유진,2024-03-03,지출,의복/미용,미분류,네이버파이낸셜,-18730.0,네이버 현대카드,
천세원,2024-03-04,이체,내계좌이체,미분류,39회-천세원,-30000.0,저축예금,
하유진,2024-03-04,지출,카페/간식,미분류,아워홈콘티넨탈세종점,-3500.0,네이버 현대카드,
하유진,2024-03-04,이체,카드대금,미분류,신한카드,-176120.0,KB마이핏통장,
천세원,2024-03-05,이체,내계좌이체,미분류,40회-천세원,-30000.0,저축예금,
천세원,2024-03-05,이체,내계좌이체,미분류,카카오페이,-56800.0,저축예금,
천세원,2024-03-05,이체,이체,미분류,송금 내역,-74400.0,카카오페이 머니,
천세원,2024-03-05,이체,내계좌이체,미분류,천*원,56800.0,카카오페이 머니,
천세원,2024-03-05,지출,생활,편의점,세븐일레븐 세종새나루점,-15000.0,세종 여민전 하나멤버스 1Q체크카드(후불교통),
하유진,2024-03-05,이체,이체,미분류,천*원,74400.0,카카오페이 머니,
하유진,2024-03-05,지출,생활,미분류,지에스더프레시세종도담점,-4360.0,네이버 현대카드,
하유진,2024-03-05,지출,미분류,미분류,옥션,-14080.0,Deep ECO,
하유진,2024-03-06,지출,식사,미분류,코스트코코리아,-280470.0,네이버 현대카드,
하유진,2024-03-06,이체,이체,미분류,송금 내역,-50000.0,카카오페이 머니,
천세원,2024-03-06,이체,내계좌이체,미분류,41회-천세원,-30000.0,저축예금,
천세원,2024-03-07,지출,카페/간식,커피/음료,(주)아워홈 콘,-1300.0,갤러리아 체크카드,
천세원,2024-03-07,이체,내계좌이체,미분류,42회-천세원,-30000.0,저축예금,
하유진,2024-03-07,지출,생활,미분류,에브리데이세종캐슬점,-2980.0,네이버 현대카드,
하유진,2024-03-08,이체,이체,미분류,여민전,-100000.0,KB마이핏통장,
천세원,2024-03-08,이체,이체,미분류,여민전,-100000.0,저축예금,
천세원,2024-03-08,지출,식비,한식,진성민속촌,-50000.0,세종 여민전 하나멤버스 1Q체크카드(후불교통),
천세원,2024-03-08,지출,카페/간식,커피/음료,이디야커피 세종시 부강점,-16700.0,세종 여민전 하나멤버스 1Q체크카드(후불교통),
천세원,2024-03-08,지출,자동차,주유,(주) 동인청사구도일주유소세종,-40000.0,세종 여민전 하나멤버스 1Q체크카드(후불교통),
천세원,2024-03-08,이체,이체,미분류,여민전,-100000.0,저축예금,
하유진,2024-03-08,지출,카페/간식,미분류,아워홈콘티넨탈세종점,-1200.0,네이버 현대카드,
천세원,2024-03-08,이체,내계좌이체,미분류,43회-천세원,-30000.0,저축예금,
하유진,2024-03-08,지출,교통,미분류,KCP결제_1,-1000.0,네이버 현대카드,
천세원,2024-03-08,지출,식비,일식,어샵식당,-79000.0,세종 여민전 하나멤버스 1Q체크카드(후불교통),
하유진,2024-03-09,지출,술/유흥,미분류,역전할머니맥주세종나성점,-30500.0,네이버 현대카드,
천세원,2024-03-09,지출,교통,택시,주식회사 티머니,4600.0,카카오페이 간편결제,
하유진,2024-03-09,지출,미분류,미분류,KCP_결제,-1500.0,네이버 현대카드,
하유진,2024-03-09,지출,카페/간식,미분류,달리는커피세종다정점,-5000.0,네이버 현대카드,
천세원,2024-03-09,지출,교통,택시,주식회사 티머니,-4600.0,카카오페이 간편결제,
천세원,2024-03-09,지출,교통,택시,주식회사 티머니,-4120.0,카카오페이 간편결제,
천세원,2024-03-09,이체,내계좌이체,미분류,44회-천세원,-30000.0,저축예금,
천세원,2024-03-10,지출,식비,배달,주식회사 우아한형제들,-23500.0,카카오페이 간편결제,
천세원,2024-03-10,이체,내계좌이체,미분류,천*원,23500.0,카카오페이 머니,
천세원,2024-03-10,이체,내계좌이체,미분류,45회-천세원,-30000.0,저축예금,
하유진,2024-03-10,지출,의복/미용,미분류,한섬팩토리아울렛대구점,-115500.0,네이버 현대카드,
하유진,2024-03-10,지출,문화/여가,미분류,ALIPAY CONNECT PTE. LTD,-136.0,카카오페이 간편결제,
천세원,2024-03-10,지출,뷰티/미용,헤어샵,꾸미오HAIRS,-15000.0,갤러리아 체크카드,
천세원,2024-03-11,이체,내계좌이체,미분류,46회-천세원,-30000.0,저축예금,
하유진,2024-03-11,지출,주거/통신,미분류,LG유플러스통신요금,-16500.0,네이버 현대카드,
하유진,2024-03-11,지출,주거/통신,미분류,LG유플러스통신요금,-16150.0,네이버 현대카드,
하유진,2024-03-11,지출,자동차,미분류,DB손해보험,-12590.0,네이버 현대카드,
천세원,2024-03-11,지출,교통,대중교통,교통-버스2건,-4200.0,카드의 정석 POINT 주거래,
천세원,2024-03-11,지출,교통,대중교통,교통-지하철2건,-3300.0,카드의 정석 POINT 주거래,
천세원,2024-03-12,이체,이체,미분류,신*수,13200.0,카카오페이 머니,
천세원,2024-03-12,지출,식비,한식,곤드레말(주),-69000.0,세종 여민전 하나멤버스 1Q체크카드(후불교통),
천세원,2024-03-12,이체,이체,미분류,여민전,-100000.0,저축예금,
천세원,2024-03-12,이체,이체,미분류,하*진,13900.0,카카오페이 머니,
천세원,2024-03-12,이체,이체,미분류,김*영,13200.0,카카오페이 머니,
천세원,2024-03-12,이체,이체,미분류,정*영,13200.0,카카오페이 머니,
천세원,2024-03-12,지출,식비,양식,타코-15 세종나성점,-21500.0,세종 여민전 하나멤버스 1Q체크카드(후불교통),
천세원,2024-03-12,이체,내계좌이체,미분류,47회-천세원,-30000.0,저축예금,
하유진,2024-03-12,지출,교육,미분류,하이패스3191,-50000.0,KB마이핏통장,
하유진,2024-03-12,이체,카드대금,미분류,현대카드대금,-695785.0,KB마이핏통장,
하유진,2024-03-12,지출,미분류,미분류,KICC_ARS결제,-120000.0,네이버 현대카드,
하유진,2024-03-12,이체,이체,미분류,송금 내역,-13900.0,카카오페이 머니,
천세원,2024-03-13,지출,생활,생필품,주식회사 아성다,-11000.0,카드의 정석 POINT 주거래,
천세원,2024-03-13,지출,의료/건강,약국,하늘약국,-8500.0,세종 여민전 하나멤버스 1Q체크카드(후불교통),
천세원,2024-03-13,지출,의료/건강,피부과,세종톡스앤필의원,-177210.0,세종 여민전 하나멤버스 1Q체크카드(후불교통),
천세원,2024-03-13,이체,내계좌이체,미분류,48회-천세원,-30000.0,저축예금,
천세원,2024-03-13,지출,식비,패스트푸드,노브랜드버거  세종새롬점,-6600.0,세종 여민전 하나멤버스 1Q체크카드(후불교통),
하유진,2024-03-13,이체,이체,미분류,오픈지역사랑상품,-40000.0,KB마이핏통장,
하유진,2024-03-13,이체,이체,미분류,오픈지역사랑상품,-20000.0,KB마이핏통장,
하유진,2024-03-13,이체,이체,미분류,여민전,-100000.0,KB마이핏통장,
천세원,2024-03-14,지출,자동차,정비/수리,현대블루핸즈 세종금남점,-122800.0,세종 여민전 하나멤버스 1Q체크카드(후불교통),
천세원,2024-03-14,이체,내계좌이체,미분류,49회-천세원,-30000.0,저축예금,
천세원,2024-03-15,지출,주거/통신,휴대폰,SKB구_티브로드),-16500.0,저축예금,
천세원,2024-03-15,이체,내계좌이체,미분류,50회-천세원,-30000.0,저축예금,
하유진,2024-03-15,지출,카페/간식,미분류,아워홈콘티넨탈세종점,-1200.0,네이버 현대카드,
천세원,2024-03-16,이체,내계좌이체,미분류,51회-천세원,-30000.0,저축예금,
천세원,2024-03-16,수입,금융수입,미분류,예금결산이자,892.0,저축예금,
천세원,2024-03-16,이체,미분류,미분류,입금 내역,0.0,저축예금,
하유진,2024-03-16,이체,저축,미분류,예금결산이자,0.0,저축예금,
하유진,2024-03-16,이체,미분류,미분류,입금 내역,4.0,행복knowhow 주거래 우대통장,
하유진,2024-03-16,지출,식사,미분류,네이버페이,-29354.0,네이버 현대카드,
천세원,2024-03-17,이체,이체,미분류,하유진,495000.0,저축예금,
하유진,2024-03-17,이체,이체,미분류,천세원,41300.0,KB마이핏통장,
하유진,2024-03-17,이체,이체,미분류,천세원,-495000.0,KB마이핏통장,
하유진,2024-03-17,지출,미분류,미분류,네이버페이,-82600.0,네이버 현대카드,
하유진,2024-03-17,수입,금융수입,미분류,예금이자원가,0.0,잇(it)딴주머니통장,
천세원,2024-03-17,이체,내계좌이체,미분류,52회-천세원,-30000.0,저축예금,
천세원,2024-03-17,이체,카드대금,미분류,국민(주) 웨딩크라,-990000.0,저축예금,
천세원,2024-03-17,지출,금융,세금/과태료,국민하유진,-41300.0,저축예금,
하유진,2024-03-18,지출,식사,미분류,아워홈콘티넨탈세종점,-1200.0,네이버 현대카드,
하유진,2024-03-18,이체,이체,미분류,천세원,6000.0,KB마이핏통장,
하유진,2024-03-18,이체,이체,미분류,김서율,-12000.0,KB마이핏통장,
천세원,2024-03-18,지출,금융,세금/과태료,국민하유진,-6000.0,저축예금,
천세원,2024-03-18,이체,내계좌이체,미분류,53회-천세원,-30000.0,저축예금,
천세원,2024-03-19,이체,내계좌이체,미분류,54회-천세원,-30000.0,저축예금,
하유진,2024-03-19,지출,미분류,미분류,쿠팡,-30000.0,Deep ECO,
하유진,2024-03-19,이체,투자,미분류,김경희쿠팡구매,30000.0,KB마이핏통장,
하유진,2024-03-19,지출,식사,미분류,아워홈콘티넨탈세종점,-5100.0,네이버 현대카드,
천세원,2024-03-20,이체,내계좌이체,미분류,55회-천세원,-30000.0,저축예금,
천세원,2024-03-20,지출,온라인쇼핑,인터넷쇼핑,주식회사 카카오,-24000.0,카카오페이 간편결제,
천세원,2024-03-20,이체,이체,미분류,송금 내역,-8050.0,카카오페이 머니,
천세원,2024-03-20,지출,생활,마트,세종중앙농협 새뜸지점,-2580.0,세종 여민전 하나멤버스 1Q체크카드(후불교통),
하유진,2024-03-20,지출,식사,미분류,아워홈콘티넨탈세종점,-1200.0,네이버 현대카드,
하유진,2024-03-20,이체,이체,미분류,송금 내역,-8050.0,카카오페이 머니,
천세원,2024-03-21,이체,이체,미분류,송금 내역,-100000.0,카카오페이 머니,
천세원,2024-03-21,지출,자동차,차량보험,DB손11703,-30000.0,저축예금,
천세원,2024-03-21,이체,내계좌이체,미분류,56회-천세원,-30000.0,저축예금,
천세원,2024-03-21,이체,내계좌이체,미분류,천*원,78510.0,카카오페이 머니,
천세원,2024-03-21,이체,내계좌이체,미분류,카카오페이,-78510.0,저축예금,
천세원,2024-03-21,지출,주거/통신,휴대폰,국민은행LiivM,-40490.0,KB국민 첵첵 체크카드(RF),
하유진,2024-03-21,지출,주거/통신,미분류,국민은행LiivM,-24100.0,KB마이핏통장,
하유진,2024-03-21,지출,식사,미분류,아워홈콘티넨탈세종점,-2000.0,네이버 현대카드,
천세원,2024-03-22,이체,내계좌이체,미분류,57회-천세원,-30000.0,저축예금,
천세원,2024-03-22,이체,내계좌이체,미분류,천*원,17500.0,카카오페이 머니,
천세원,2024-03-22,지출,식비,배달,주식회사 우아한형제들,-17500.0,카카오페이 간편결제,
하유진,2024-03-23,수입,금융수입,미분류,결산이자,0.0,자립예탁금,
하유진,2024-03-23,수입,금융수입,미분류,이자,0.0,MY 입출금통장,
하유진,2024-03-23,수입,금융수입,미분류,입출금통장 이자,0.0,입출금통장,
하유진,2024-03-23,이체,저축,미분류,정기이자 입금,1.0,세이프박스,
하유진,2024-03-23,이체,이체,미분류,*****,1.0,신한 주거래 S20통장,
하유진,2024-03-23,지출,카페/간식,미분류,네이버페이,-9350.0,네이버 현대카드,
하유진,2024-03-23,지출,미분류,미분류,네이버페이,-37000.0,네이버 현대카드,
하유진,2024-03-23,이체,이체,미분류,천*원,40000.0,카카오페이 머니,
하유진,2024-03-23,지출,식사,미분류,맛찬들왕소금구이,-67000.0,네이버 현대카드,
하유진,2024-03-23,이체,이체,미분류,방해정,-80000.0,KB마이핏통장,
하유진,2024-03-23,수입,금융수입,미분류,결산이자,0.0,자립예탁금,
천세원,2024-03-23,지출,생활,마트,세종중합농협 하,-16280.0,카드의 정석 POINT 주거래,
천세원,2024-03-23,지출,생활,생필품,세종전자담배마켓,-80000.0,세종 여민전 하나멤버스 1Q체크카드(후불교통),
천세원,2024-03-23,이체,이체,미분류,송금 내역,-40000.0,카카오페이 머니,
천세원,2024-03-23,이체,내계좌이체,미분류,카카오페이,-40000.0,저축예금,
천세원,2024-03-23,이체,내계좌이체,미분류,천*원,40000.0,카카오페이 머니,
천세원,2024-03-23,이체,내계좌이체,미분류,58회-천세원,-30000.0,저축예금,
천세원,2024-03-23,수입,금융수입,미분류,이자,0.0,MY 입출금통장,
하유진,2024-03-24,이체,투자,미분류,김경희쿠팡트리트,40000.0,KB마이핏통장,
하유진,2024-03-24,이체,미분류,미분류,입금 내역,0.0,NH1934우대통장(저축예금),
하유진,2024-03-24,지출,카페/간식,미분류,주식회사 카카오,-990.0,카카오페이 간편결제,
하유진,2024-03-24,지출,미분류,미분류,쿠팡,-34610.0,Deep ECO,
하유진,2024-03-24,지출,의복/미용,미분류,네이버파이낸셜,-19900.0,네이버 현대카드,
천세원,2024-03-24,이체,내계좌이체,미분류,59회-천세원,-30000.0,저축예금,
천세원,2024-03-24,지출,식비,한식,최고당돈가스 세,-20800.0,카드의 정석 POINT 주거래,
천세원,2024-03-24,이체,이체,미분류,49너0572도,-5500.0,저축예금,
천세원,2024-03-24,이체,미분류,미분류,입금 내역,0.0,자립예탁금,
천세원,2024-03-25,수입,급여,미분류,급여 콘티넨탈,4078250.0,저축예금,
천세원,2024-03-25,지출,금융,보험,메리츠001건,-36120.0,저축예금,
천세원,2024-03-25,이체,카드대금,미분류,우리카드결제대금,-7500.0,저축예금,
천세원,2024-03-25,지출,자동차,통행료,에스엠하이플러스,-50000.0,카드의 정석 POINT 주거래,
천세원,2024-03-25,지출,생활,편의점,세븐일레븐 세종새나루점,-5000.0,KB국민 첵첵 체크카드(RF),
하유진,2024-03-25,지출,생활,미분류,한화손02건,-97508.0,KB마이핏통장,
천세원,2024-03-25,이체,내계좌이체,미분류,60회-천세원,-30000.0,저축예금,
하유진,2024-03-25,수입,급여,미분류,급여 콘티넨탈,3996307.0,KB마이핏통장,
하유진,2024-03-25,지출,카페/간식,미분류,달리는커피세종다정점,-8900.0,네이버 현대카드,
하유진,2024-03-25,지출,미분류,미분류,네이버페이,-49800.0,네이버 현대카드,
천세원,2024-03-26,이체,이체,미분류,송금 내역,-14500.0,카카오페이 머니,
천세원,2024-03-26,이체,내계좌이체,미분류,카카오페이,-14500.0,저축예금,
천세원,2024-03-26,이체,내계좌이체,미분류,천*원,14500.0,카카오페이 머니,
천세원,2024-03-26,이체,내계좌이체,미분류,61회-천세원,-30000.0,저축예금,
천세원,2024-03-26,이체,내계좌이체,미분류,천세원청약72,-100000.0,저축예금,
천세원,2024-03-26,이체,내계좌이체,미분류,입금 내역,100000.0,주택청약종합저축,
천세원,2024-03-26,이체,내계좌이체,미분류,11회-천세원,-500000.0,저축예금,
천세원,2024-03-26,지출,카페/간식,커피/음료,하나박지욱,-50000.0,저축예금,
천세원,2024-03-26,이체,이체,미분류,송금 내역,-50000.0,카카오페이 머니,
천세원,2024-03-26,이체,내계좌이체,미분류,천*원,49976.0,카카오페이 머니,
천세원,2024-03-26,이체,내계좌이체,미분류,카카오페이,-49976.0,저축예금,
하유진,2024-03-26,지출,주거/통신,미분류,아파트관리비,-235490.0,네이버 현대카드,
하유진,2024-03-26,이체,이체,미분류,송금 내역,-13000.0,카카오페이 머니,
하유진,2024-03-26,이체,이체,미분류,천*원,50000.0,카카오페이 머니,
하유진,2024-03-27,이체,카드대금,미분류,BC바로카드,-62095.0,KB마이핏통장,
천세원,2024-03-27,이체,내계좌이체,미분류,62회-천세원,-30000.0,저축예금,
천세원,2024-03-27,이체,내계좌이체,미분류,퇴직연금-천세원,-100000.0,저축예금,
천세원,2024-03-28,지출,뷰티/미용,미용관리,약손명가 에스테,-400000.0,카드의 정석 POINT 주거래,
천세원,2024-03-28,지출,뷰티/미용,미용관리,약손명가 에스테,-200000.0,카드의 정석 POINT 주거래,
천세원,2024-03-28,지출,뷰티/미용,미용관리,약손명가 에스테,-200000.0,카드의 정석 POINT 주거래,
천세원,2024-03-28,지출,뷰티/미용,미용관리,약손명가 에스테,-200000.0,카드의 정석 POINT 주거래,
천세원,2024-03-28,지출,뷰티/미용,미용관리,약손명가 에스테,-400000.0,카드의 정석 POINT 주거래,
천세원,2024-03-28,이체,내계좌이체,미분류,63회-천세원,-30000.0,저축예금,
천세원,2024-03-28,지출,뷰티/미용,미용관리,약손명가 에스테,-400000.0,카드의 정석 POINT 주거래,
천세원,2024-03-28,지출,뷰티/미용,미용관리,약손명가 에스테,-400000.0,카드의 정석 POINT 주거래,
천세원,2024-03-28,지출,뷰티/미용,미용관리,약손명가 에스테,-200000.0,카드의 정석 POINT 주거래,
천세원,2024-03-28,지출,뷰티/미용,미용관리,약손명가 에스테,-200000.0,카드의 정석 POINT 주거래,
천세원,2024-03-28,지출,뷰티/미용,미용관리,약손명가 에스테,-400000.0,카드의 정석 POINT 주거래,
천세원,2024-03-28,지출,생활,편의점,지에스25 세종,-19040.0,카드의 정석 POINT 주거래,
천세원,2024-03-28,지출,뷰티/미용,미용관리,약손명가 에스테,-200000.0,카드의 정석 POINT 주거래,
천세원,2024-03-28,지출,뷰티/미용,미용관리,약손명가 에스테,-200000.0,카드의 정석 POINT 주거래,
하유진,2024-03-28,지출,식사,미분류,아워홈콘티넨탈세종점,-1200.0,네이버 현대카드,
하유진,2024-03-28,지출,식사,미분류,원탁세종점,-35500.0,네이버 현대카드,
천세원,2024-03-29,이체,내계좌이체,미분류,64회-천세원,-30000.0,저축예금,
하유진,2024-03-29,지출,식사,미분류,한성양꼬치양갈비,-100000.0,네이버 현대카드,
하유진,2024-03-29,지출,식사,미분류,아워홈콘티넨탈세종점,-1200.0,네이버 현대카드,
천세원,2024-03-29,지출,생활,편의점,GS25세종캐슬,-7300.0,카드의 정석 POINT 주거래,
천세원,2024-03-29,이체,내계좌이체,미분류,천*원,48600.0,카카오페이 머니,
하유진,2024-03-29,지출,자동차,미분류,주식회사 카카오,-12000.0,카카오페이 간편결제,
천세원,2024-03-29,지출,생활,마트,*25원캐쉬백다이소,-4975.0,KB마이핏통장,
천세원,2024-03-29,지출,식비,배달,주식회사 우아한형제들,-48600.0,카카오페이 간편결제,
천세원,2024-03-29,지출,문화/여가,취미/체험,포토이즘박스 세,-8000.0,카드의 정석 POINT 주거래,
천세원,2024-03-29,지출,여행/숙박,숙박비,베스트웨스턴호텔,-100000.0,카드의 정석 POINT 주거래,
천세원,2024-03-29,지출,생활,편의점,지에스(GS)2,-5700.0,카드의 정석 POINT 주거래,
천세원,2024-03-30,지출,식비,한식,곤드레말,-33000.0,카드의 정석 POINT 주거래,
천세원,2024-03-30,지출,식비,한식,곤드레말,-22000.0,카드의 정석 POINT 주거래,
하유진,2024-03-30,지출,카페/간식,미분류,컴포즈커피세종새롬점,-4500.0,네이버 현대카드,
천세원,2024-03-30,지출,카페/간식,커피/음료,컴포즈커피 세종,-3000.0,카드의 정석 POINT 주거래,
천세원,2024-03-30,이체,내계좌이체,미분류,65회-천세원,-30000.0,저축예금,
천세원,2024-03-30,지출,식비,고기,본삼겹살,-53000.0,갤러리아 체크카드,
천세원,2024-03-30,지출,문화/여가,스포츠,주식회사 세종스,-20000.0,카드의 정석 POINT 주거래,
하유진,2024-03-30,지출,카페/간식,미분류,뚜레쥬르세종새롬점,-12600.0,네이버 현대카드,
하유진,2024-03-31,지출,미분류,미분류,네이버페이,-45000.0,네이버 현대카드,
하유진,2024-03-31,지출,미분류,미분류,네이버페이,-124837.0,네이버 현대카드,
하유진,2024-03-31,이체,이체,미분류,네이버페이결제,-10000.0,KB마이핏통장,
천세원,2024-03-31,이체,내계좌이체,미분류,66회-천세원,-30000.0,저축예금,
하유진,2024-03-31,지출,카페/간식,미분류,네이버페이,-2014.0,네이버 현대카드,
천세원,2024-03-31,지출,뷰티/미용,헤어샵,라봄헤어,-18000.0,카드의 정석 POINT 주거래,
천세원,2024-03-31,지출,온라인쇼핑,인터넷쇼핑,퍼무로그,-10000.0,네이버페이 간편결제,
천세원,2024-04-01,지출,뷰티/미용,미용관리,약손명가 에스테틱(세종어반아트리,-200000.0,세종 여민전 하나멤버스 1Q체크카드(후불교통),
천세원,2024-04-01,지출,뷰티/미용,미용관리,약손명가 에스테,200000.0,카드의 정석 POINT 주거래,
하유진,2024-04-01,이체,이체,미분류,여민전,-168910.0,KB마이핏통장,
하유진,2024-04-01,지출,주거/통신,미분류,LH2024년03월,-214500.0,KB마이핏통장,
하유진,2024-04-01,이체,이체,미분류,여민전,-200000.0,KB마이핏통장,
천세원,2024-04-01,지출,문화/여가,게임,1207-1510,-108410.0,저축예금,
천세원,2024-04-01,지출,주거/통신,월세,LH2024년03월,-79030.0,저축예금,
천세원,2024-04-01,이체,내계좌이체,미분류,67회-천세원,-30000.0,저축예금,
천세원,2024-04-01,이체,이체,미분류,여민전,-400000.0,저축예금,
천세원,2024-04-01,지출,뷰티/미용,미용관리,약손명가 에스테,200000.0,카드의 정석 POINT 주거래,
하유진,2024-04-01,지출,자동차,미분류,인터넷상거래,-170800.0,네이버 현대카드,
하유진,2024-04-01,이체,카드대금,미분류,신한카드,-32490.0,KB마이핏통장,
천세원,2024-04-02,이체,이체,미분류,하*진,33500.0,카카오페이 머니,
천세원,2024-04-02,지출,생활,가구/가전,나리온,-58900.0,네이버페이 간편결제,
천세원,2024-04-02,이체,내계좌이체,미분류,68회-천세원,-30000.0,저축예금,
하유진,2024-04-02,지출,식사,미분류,아워홈콘티넨탈세종점,-1200.0,네이버 현대카드,
천세원,2024-04-02,이체,내계좌이체,미분류,카카오페이,-56872.0,저축예금,
천세원,2024-04-02,지출,패션/쇼핑,패션,주식회사 무신사,-81872.0,카카오페이 간편결제,
천세원,2024-04-02,지출,금융,세금/과태료,국민하유진,-85400.0,저축예금,
천세원,2024-04-02,이체,이체,미분류,하*진,25000.0,카카오페이 머니,
하유진,2024-04-02,이체,이체,미분류,송금 내역,-25000.0,카카오페이 머니,
하유진,2024-04-02,이체,이체,미분류,천세원,85400.0,KB마이핏통장,
하유진,2024-04-02,이체,이체,미분류,송금 내역,-33500.0,카카오페이 머니,
천세원,2024-04-02,이체,내계좌이체,미분류,천*원,56872.0,카카오페이 머니,
천세원,2024-04-03,이체,내계좌이체,미분류,69회-천세원,-30000.0,저축예금,
천세원,2024-04-03,이체,이체,미분류,송금 내역,-13857.0,카카오페이 머니,
천세원,2024-04-03,지출,패션/쇼핑,패션,스파오 세종AK,-79900.0,갤러리아 체크카드,
천세원,2024-04-03,지출,생활,생필품,세종전자담배마켓,-80000.0,갤러리아 체크카드,
하유진,2024-04-03,이체,이체,미분류,송금 내역,-13857.0,카카오페이 머니,
하유진,2024-04-04,지출,생활,미분류,지에스더프레시세종도담점,-5660.0,네이버 현대카드,
천세원,2024-04-04,이체,내계좌이체,미분류,70회-천세원,-30000.0,저축예금,
천세원,2024-04-05,이체,내계좌이체,미분류,71회-천세원,-30000.0,저축예금,
천세원,2024-04-05,지출,카페/간식,디저트/떡,복호두,-3500.0,세종 여민전 하나멤버스 1Q체크카드(후불교통),
천세원,2024-04-05,지출,자동차,주유,(주) 동인청사구도일주유소세종,-60000.0,세종 여민전 하나멤버스 1Q체크카드(후불교통),
하유진,2024-04-05,이체,투자,미분류,김경희쿠팡책구매,35000.0,KB마이핏통장,
천세원,2024-04-05,지출,식비,한식,사리원면옥,-16000.0,세종 여민전 하나멤버스 1Q체크카드(후불교통),
하유진,2024-04-05,지출,카페/간식,미분류,메가엠지씨커피조치원역점,-4000.0,네이버 현대카드,
하유진,2024-04-05,이체,이체,미분류,이다솜,-40000.0,KB마이핏통장,
하유진,2024-04-05,지출,식사,미분류,써브웨이세종새롬점,-14500.0,네이버 현대카드,
하유진,2024-04-05,지출,미분류,미분류,쿠팡,-30250.0,Deep ECO,
천세원,2024-04-06,지출,주거/통신,관리비,(주)기와집,-44000.0,갤러리아 체크카드,
천세원,2024-04-06,이체,내계좌이체,미분류,72회-천세원,-30000.0,저축예금,
천세원,2024-04-06,지출,주거/통신,휴대폰,0204858040037,-200000.0,저축예금,
천세원,2024-04-06,지출,생활,생활서비스,제본공작소 오송점,-500.0,세종 여민전 하나멤버스 1Q체크카드(후불교통),
하유진,2024-04-06,지출,카페/간식,미분류,컴포즈커피세종새롬점,-3000.0,네이버 현대카드,
하유진,2024-04-06,지출,식사,미분류,서리서리멸치국수새롬점,-13600.0,네이버 현대카드,
하유진,2024-04-06,지출,미분류,미분류,네이버페이,-41452.0,네이버 현대카드,
하유진,2024-04-06,지출,생활,미분류,홈플러스경기하남점,-15030.0,네이버 현대카드,
천세원,2024-04-07,이체,내계좌이체,미분류,73회-천세원,-30000.0,저축예금,
하유진,2024-04-07,지출,식사,미분류,중국집,-20000.0,네이버 현대카드,
하유진,2024-04-07,지출,카페/간식,미분류,섬프로젝트,-660000.0,네이버 현대카드,
하유진,2024-04-07,지출,생활,미분류,GS25세종캐슬점,-10000.0,네이버 현대카드,
하유진,2024-04-07,지출,의복/미용,미분류,네이버파이낸셜,-19500.0,네이버 현대카드,
하유진,2024-04-07,지출,문화/여가,미분류,포토이즘박스세종나성점,-4000.0,네이버 현대카드,
천세원,2024-04-08,이체,이체,미분류,송금 내역,-6000.0,카카오페이 머니,
천세원,2024-04-08,이체,내계좌이체,미분류,74회-천세원,-30000.0,저축예금,
천세원,2024-04-08,지출,금융,세금/과태료,국민하유진,-230000.0,저축예금,
하유진,2024-04-08,지출,생활,미분류,다이소아성산업,-1000.0,네이버 현대카드,
하유진,2024-04-08,이체,이체,미분류,곽*경,1500.0,카카오페이 머니,
하유진,2024-04-08,이체,이체,미분류,정*영,1500.0,카카오페이 머니,
하유진,2024-04-08,이체,이체,미분류,천*원,1500.0,카카오페이 머니,
하유진,2024-04-08,이체,이체,미분류,신*수,1500.0,카카오페이 머니,
하유진,2024-04-08,이체,이체,미분류,김*영,1500.0,카카오페이 머니,
하유진,2024-04-08,이체,이체,미분류,김*수,1500.0,카카오페이 머니,
하유진,2024-04-08,이체,이체,미분류,송금 내역,-7300.0,카카오페이 머니,
하유진,2024-04-08,지출,카페/간식,미분류,컴포즈커피세종시청점,-10500.0,네이버 현대카드,
하유진,2024-04-08,이체,저축,미분류,천세원_섬스튜디오,230000.0,KB마이핏통장,
천세원,2024-04-08,이체,이체,미분류,송금 내역,-1500.0,카카오페이 머니,
천세원,2024-04-09,지출,금융,세금/과태료,국민하유진,-150000.0,저축예금,
천세원,2024-04-09,이체,이체,미분류,이종인,150000.0,저축예금,
하유진,2024-04-09,이체,이체,미분류,송금 내역,-30000.0,카카오페이 머니,
하유진,2024-04-09,이체,이체,미분류,천세원,150000.0,KB마이핏통장,
하유진,2024-04-09,지출,주거/통신,미분류,LG유플러스통신요금,-16150.0,네이버 현대카드,
천세원,2024-04-09,이체,내계좌이체,미분류,75회-천세원,-30000.0,저축예금,
하유진,2024-04-09,지출,주거/통신,미분류,LG유플러스통신요금,-16500.0,네이버 현대카드,
천세원,2024-04-10,지출,생활,세탁,크린토피아 세정,-17440.0,카드의 정석 POINT 주거래,
천세원,2024-04-10,지출,카페/간식,커피/음료,메가엠지씨커피,-4000.0,카드의 정석 POINT 주거래,
천세원,2024-04-10,이체,내계좌이체,미분류,76회-천세원,-30000.0,저축예금,
천세원,2024-04-10,이체,이체,미분류,하유진,-87000.0,KB마이핏통장,
천세원,2024-04-10,이체,이체,미분류,하유진,-30000.0,KB마이핏통장,
하유진,2024-04-10,지출,카페/간식,미분류,브라더꽈배기새롬점,-2000.0,네이버 현대카드,
하유진,2024-04-10,이체,이체,미분류,천세원,87000.0,KB마이핏통장,
하유진,2024-04-10,이체,이체,미분류,천세원,30000.0,KB마이핏통장,
하유진,2024-04-10,지출,생활,미분류,GS25세종으뜸점,-18500.0,네이버 현대카드,
천세원,2024-04-11,이체,내계좌이체,미분류,77회-천세원,-30000.0,저축예금,
하유진,2024-04-11,지출,자동차,미분류,DB손해보험,-12590.0,네이버 현대카드,
천세원,2024-04-12,이체,내계좌이체,미분류,78회-천세원,-30000.0,저축예금,
하유진,2024-04-12,지출,문화/여가,미분류,ALIPAY CONNECT PTE. LTD,-12550.0,카카오페이 간편결제,
하유진,2024-04-12,지출,문화/여가,미분류,ALIPAY CONNECT PTE. LTD,-14965.0,카카오페이 간편결제,
하유진,2024-04-12,지출,미분류,미분류,쿠팡,-8000.0,Deep ECO,
하유진,2024-04-12,이체,카드대금,미분류,현대카드대금,-1579300.0,KB마이핏통장,
하유진,2024-04-12,지출,식사,미분류,참치정육점세종점,-49000.0,네이버 현대카드,
하유진,2024-04-12,지출,생활,미분류,씨유CU세종행복점,-5400.0,네이버 현대카드,
천세원,2024-04-12,지출,자동차,주유,(주) 동인청사구도일주유소세종,-60000.0,세종 여민전 하나멤버스 1Q체크카드(후불교통),
하유진,2024-04-13,지출,문화/여가,미분류,ALIPAY CONNECT PTE. LTD,12550.0,카카오페이 간편결제,
하유진,2024-04-13,지출,생활,미분류,다이소아성산업,-4500.0,네이버 현대카드,
천세원,2024-04-13,이체,내계좌이체,미분류,79회-천세원,-30000.0,저축예금,
천세원,2024-04-13,지출,생활,마트,홈플러스세종점O,-19230.0,갤러리아 체크카드,
천세원,2024-04-14,이체,이체,미분류,하유진,-45800.0,KB마이핏통장,
천세원,2024-04-14,지출,온라인쇼핑,인터넷쇼핑,인터넷상거래_3,-38800.0,KB국민 첵첵 체크카드(RF),
천세원,2024-04-14,이체,내계좌이체,미분류,80회-천세원,-30000.0,저축예금,
천세원,2024-04-14,지출,카페/간식,기타간식,팡시온2,-59000.0,KB국민 첵첵 체크카드(RF),
천세원,2024-04-14,이체,투자,미분류,하유진화과자,92850.0,저축예금,
하유진,2024-04-14,이체,이체,미분류,천세원,45800.0,KB마이핏통장,
하유진,2024-04-14,이체,이체,미분류,천세원,-92850.0,KB마이핏통장,
천세원,2024-04-14,지출,카페/간식,디저트/떡,공오이삼디저트,-94100.0,네이버페이 간편결제,
천세원,2024-04-15,이체,내계좌이체,미분류,천세원,300000.0,저축예금,
천세원,2024-04-15,이체,내계좌이체,미분류,천세원,-300000.0,KB마이핏통장,
천세원,2024-04-15,이체,내계좌이체,미분류,81회-천세원,-30000.0,저축예금,
하유진,2024-04-15,지출,식사,미분류,아워홈콘티넨탈세종점,-1200.0,네이버 현대카드,
하유진,2024-04-15,지출,문화/여가,미분류,ALIPAY CONNECT PTE. LTD,-11620.0,카카오페이 간편결제,
천세원,2024-04-16,지출,카페/간식,커피/음료,복도리 협동조합,-7500.0,세종 여민전 하나멤버스 1Q체크카드(후불교통),
천세원,2024-04-16,이체,내계좌이체,미분류,82회-천세원,-30000.0,저축예금,
천세원,2024-04-16,지출,주거/통신,휴대폰,SKB구_티브로드),-16500.0,저축예금,
하유진,2024-04-16,지출,생활,미분류,씨유부강점,-6600.0,네이버 현대카드,
천세원,2024-04-17,지출,생활,마트,(주)이마트에브리데이세종캐슬점,-2500.0,세종 여민전 하나멤버스 1Q체크카드(후불교통),
천세원,2024-04-17,이체,내계좌이체,미분류,83회-천세원,-30000.0,저축예금,
하유진,2024-04-17,지출,문화/여가,미분류,더풋샵세종새롬점,-5000.0,네이버 현대카드,
천세원,2024-04-18,이체,내계좌이체,미분류,84회-천세원,-30000.0,저축예금,
천세원,2024-04-18,지출,생활,편의점,세븐일레븐 세종새나루점,-8100.0,세종 여민전 하나멤버스 1Q체크카드(후불교통),
하유진,2024-04-18,이체,저축,미분류,김경희쿠팡물구매,30000.0,KB마이핏통장,
하유진,2024-04-18,지출,식사,미분류,아워홈콘티넨탈세종점,-1200.0,네이버 현대카드,
하유진,2024-04-18,지출,미분류,미분류,KICC_ARS결제,-120000.0,네이버 현대카드,
하유진,2024-04-18,지출,미분류,미분류,쿠팡,-29330.0,Deep ECO,
천세원,2024-04-18,지출,자동차,주유,(주) 동인청사구도일주유소세종,-30000.0,세종 여민전 하나멤버스 1Q체크카드(후불교통),
천세원,2024-04-19,이체,이체,미분류,김*영,13400.0,카카오페이 머니,
천세원,2024-04-19,이체,이체,미분류,한*화,13357.0,카카오페이 머니,
하유진,2024-04-19,지출,식사,미분류,코스트코코리아,-80620.0,네이버 현대카드,
하유진,2024-04-19,이체,이체,미분류,송금 내역,-13357.0,카카오페이 머니,
천세원,2024-04-19,이체,이체,미분류,김*수,13357.0,카카오페이 머니,
천세원,2024-04-19,수입,기타수입,미분류,적립 내역,1.0,카카오페이 머니,
천세원,2024-04-19,지출,식비,일식,두두돈,-93500.0,세종 여민전 하나멤버스 1Q체크카드(후불교통),
천세원,2024-04-19,이체,내계좌이체,미분류,85회-천세원,-30000.0,저축예금,
천세원,2024-04-19,이체,이체,미분류,하*진,13357.0,카카오페이 머니,
천세원,2024-04-19,이체,이체,미분류,곽*경,13357.0,카카오페이 머니,
천세원,2024-04-19,이체,이체,미분류,신*수,13357.0,카카오페이 머니,
천세원,2024-04-20,지출,문화/여가,게임,긱스타PC CAFE,-3000.0,네이버페이 간편결제(포인트),
천세원,2024-04-20,이체,내계좌이체,미분류,86회-천세원,-30000.0,저축예금,
천세원,2024-04-20,지출,생활,편의점,세븐일레븐 일산,-19000.0,카드의 정석 POINT 주거래,
하유진,2024-04-20,지출,미분류,미분류,쿠팡,-79580.0,Deep ECO,
하유진,2024-04-20,이체,투자,미분류,김경희쿠팡화장품구매,80000.0,KB마이핏통장,
천세원,2024-04-21,이체,내계좌이체,미분류,87회-천세원,-30000.0,저축예금,
천세원,2024-04-21,지출,식비,패스트푸드,빅빅버거 하남미,-24800.0,카드의 정석 POINT 주거래,
하유진,2024-04-21,지출,미분류,미분류,네이버페이,-248520.0,네이버 현대카드,
하유진,2024-04-21,수입,금융수입,미분류,예금이자원가,0.0,잇(it)딴주머니통장,
천세원,2024-04-21,지출,식비,패스트푸드,(주)하카전자담,-8000.0,카드의 정석 POINT 주거래,
하유진,2024-04-21,이체,저축,미분류,김경희타이어값,250000.0,KB마이핏통장,
천세원,2024-04-22,이체,이체,미분류,49너0572도,-10900.0,저축예금,
하유진,2024-04-22,지출,주거/통신,미분류,국민은행LiivM,-24100.0,KB마이핏통장,
천세원,2024-04-22,지출,카페/간식,기타간식,세종 스타 베이프,-80000.0,KB국민 첵첵 체크카드(RF),
천세원,2024-04-22,지출,자동차,주유,(주) 동인청사구도일주유소세종,-40000.0,세종 여민전 하나멤버스 1Q체크카드(후불교통),
천세원,2024-04-22,지출,주거/통신,휴대폰,국민은행LiivM,-40490.0,KB국민 첵첵 체크카드(RF),
천세원,2024-04-22,이체,내계좌이체,미분류,88회-천세원,-30000.0,저축예금,
천세원,2024-04-22,지출,자동차,차량보험,DB손11804,-30000.0,저축예금,
하유진,2024-04-22,지출,미분류,미분류,주식회사 티몬,-18036.0,카카오페이 간편결제,
천세원,2024-04-23,지출,생활,편의점,세븐일레븐 세종,-4900.0,카드의 정석 POINT 주거래,
천세원,2024-04-23,이체,내계좌이체,미분류,89회-천세원,-30000.0,저축예금,
하유진,2024-04-24,지출,미분류,미분류,주식회사 카카오,-990.0,카카오페이 간편결제,
하유진,2024-04-24,지출,주거/통신,미분류,아파트관리비,-218010.0,네이버 현대카드,
하유진,2024-04-24,지출,자동차,미분류,동인청사구도일주유소세종,-40000.0,네이버 현대카드,
하유진,2024-04-24,지출,식사,미분류,네이버페이,-30000.0,네이버 현대카드,
천세원,2024-04-24,이체,내계좌이체,미분류,90회-천세원,-30000.0,저축예금,
천세원,2024-04-24,지출,생활,편의점,세븐일레븐 세종새나루점,-4200.0,KB국민 첵첵 체크카드(RF),
하유진,2024-04-25,지출,생활,미분류,한화손02건,-102105.0,KB마이핏통장,
천세원,2024-04-25,지출,식비,패스트푸드,써브웨이 세종새,-16700.0,카드의 정석 POINT 주거래,
천세원,2024-04-25,지출,온라인쇼핑,결제/충전,주식회사 더즌,-3200.0,카카오페이 간편결제,
하유진,2024-04-25,수입,급여,미분류,급여 콘티넨탈,8994039.0,KB마이핏통장,
천세원,2024-04-25,수입,급여,미분류,급여 콘티넨탈,10882946.0,저축예금,
천세원,2024-04-25,이체,내계좌이체,미분류,91회-천세원,-30000.0,저축예금,
천세원,2024-04-25,지출,금융,보험,메리츠001건,-36120.0,저축예금,
천세원,2024-04-25,지출,금융,세금/과태료,국민정상희,-50000.0,저축예금,
천세원,2024-04-26,지출,자동차,주유,주식회사 동인청,-30000.0,카드의 정석 POINT 주거래,
천세원,2024-04-26,이체,내계좌이체,미분류,입금 내역,100000.0,주택청약종합저축,
천세원,2024-04-26,이체,내계좌이체,미분류,천세원청약73,-100000.0,저축예금,
하유진,2024-04-26,지출,의복/미용,미분류,안,-98000.0,네이버 현대카드,
천세원,2024-04-26,이체,내계좌이체,미분류,92회-천세원,-30000.0,저축예금,
하유진,2024-04-26,지출,식사,미분류,아워홈콘티넨탈세종점,-1200.0,네이버 현대카드,
하유진,2024-04-26,지출,교통,미분류,티머니 버스.지하철,-1700.0,KB국민행복카드,
천세원,2024-04-26,이체,내계좌이체,미분류,12회-천세원,-500000.0,저축예금,
천세원,2024-04-27,지출,카페/간식,커피/음료,컴포즈커피 세종새롬점,-5300.0,KB국민 첵첵 체크카드(RF),
천세원,2024-04-27,지출,생활,편의점,GS25세종캐슬,-4400.0,카드의 정석 POINT 주거래,
천세원,2024-04-27,수입,금융수입,미분류,이자,0.0,MY 입출금통장,
하유진,2024-04-27,이체,이체,미분류,임재건,-14000.0,KB마이핏통장,
하유진,2024-04-27,이체,저축,미분류,정기이자 입금,1.0,세이프박스,
하유진,2024-04-27,수입,금융수입,미분류,입출금통장 이자,0.0,입출금통장,
하유진,2024-04-27,수입,금융수입,미분류,이자,0.0,MY 입출금통장,
하유진,2024-04-27,지출,의료/건강,미분류,연세미니성형외과,-251230.0,네이버 현대카드,
하유진,2024-04-27,지출,의료/건강,미분류,더세종약국,-28200.0,네이버 현대카드,
하유진,2024-04-27,지출,미분류,미분류,쿠팡,-20090.0,Deep ECO,
천세원,2024-04-27,지출,식비,배달,주식회사 우아한형제들,-18100.0,카카오페이 간편결제,
천세원,2024-04-27,이체,내계좌이체,미분류,93회-천세원,-30000.0,저축예금,
천세원,2024-04-27,지출,문화/여가,취미/체험,꽃 담,-80000.0,카드의 정석 POINT 주거래,
천세원,2024-04-27,지출,술/유흥,이자카야,부타하우스,-46000.0,갤러리아 체크카드,
천세원,2024-04-27,지출,문화/여가,취미/체험,포토이즘박스 세,-12000.0,갤러리아 체크카드,
하유진,2024-04-28,지출,카페/간식,미분류,컴포즈커피세종새롬점,-3000.0,네이버 현대카드,
천세원,2024-04-28,이체,내계좌이체,미분류,94회-천세원,-30000.0,저축예금,
하유진,2024-04-28,지출,의료/건강,미분류,새뜸365약국,-1500.0,네이버 현대카드,
하유진,2024-04-28,지출,카페/간식,미분류,하이오아시스매송휴게소목포방향,-21000.0,네이버 현대카드,
하유진,2024-04-29,지출,의료/건강,미분류,더세종약국,-8000.0,네이버 현대카드,
하유진,2024-04-29,지출,미분류,미분류,쿠팡,-21120.0,Deep ECO,
하유진,2024-04-29,이체,카드대금,미분류,BC바로카드,-107066.0,KB마이핏통장,
하유진,2024-04-29,지출,생활,미분류,에브리데이세종캐슬점,-2000.0,네이버 현대카드,
천세원,2024-04-29,지출,식비,치킨,(주)다날,-4000.0,카카오페이 간편결제,
천세원,2024-04-29,지출,금융,보험,DB손해보험(주,-582900.0,카드의 정석 POINT 주거래,
천세원,2024-04-29,지출,카페/간식,커피/음료,복도리 카페,-7500.0,KB국민 첵첵 체크카드(RF),
천세원,2024-04-29,이체,내계좌이체,미분류,퇴직연금-천세원,-100000.0,저축예금,
천세원,2024-04-29,이체,내계좌이체,미분류,95회-천세원,-30000.0,저축예금,
하유진,2024-04-29,지출,의료/건강,미분류,연세미니성형외과,-104800.0,네이버 현대카드,
하유진,2024-04-30,이체,이체,미분류,송금 내역,-390000.0,카카오페이 머니,
하유진,2024-04-30,지출,주거/통신,미분류,LH2024년04월,-214500.0,KB마이핏통장,
천세원,2024-04-30,이체,내계좌이체,미분류,96회-천세원,-30000.0,저축예금,
천세원,2024-04-30,지출,카페/간식,베이커리,파리바게뜨새롬점,-21500.0,카드의 정석 POINT 주거래,
천세원,2024-04-30,지출,뷰티/미용,미용관리,약손명가 에스테,400000.0,카드의 정석 POINT 주거래,
천세원,2024-04-30,지출,문화/여가,취미/체험,581BLVD,-45000.0,네이버페이 간편결제,
천세원,2024-04-30,지출,주거/통신,월세,LH2024년04월,-79030.0,저축예금,
천세원,2024-04-30,지출,문화/여가,게임,1207-1510,-104030.0,저축예금,
천세원,2024-05-01,이체,이체,미분류,여민전,-400000.0,저축예금,
하유진,2024-05-01,이체,이체,미분류,여민전,-200000.0,KB마이핏통장,
하유진,2024-05-01,이체,이체,미분류,여민전,-200000.0,KB마이핏통장,
하유진,2024-05-01,지출,생활,미분류,이마트세종점,-22690.0,네이버 현대카드,
하유진,2024-05-01,지출,경조사,미분류,주식회사 카카오,-37000.0,카카오페이 간편결제,
천세원,2024-05-01,이체,내계좌이체,미분류,97회-천세원,-30000.0,저축예금,
하유진,2024-05-02,지출,식사,미분류,아워홈콘티넨탈세종점,-1200.0,네이버 현대카드,
하유진,2024-05-02,이체,이체,미분류,박유경,-72800.0,KB마이핏통장,
하유진,2024-05-02,이체,저축,미분류,천세원_사진보정,36400.0,KB마이핏통장,
하유진,2024-05-02,이체,카드대금,미분류,신한카드,-114860.0,KB마이핏통장,
천세원,2024-05-02,이체,내계좌이체,미분류,98회-천세원,-30000.0,저축예금,
천세원,2024-05-02,지출,자동차,주유,(주) 동인청사구도일주유소세종,-60000.0,세종 여민전 하나멤버스 1Q체크카드(후불교통),
천세원,2024-05-02,지출,금융,세금/과태료,국민하유진,-36400.0,저축예금,
천세원,2024-05-03,이체,저축,미분류,예금해지,6086175.0,저축예금,
천세원,2024-05-03,이체,내계좌이체,미분류,99회-천세원,-30000.0,저축예금,
천세원,2024-05-03,지출,생활,생필품,세종전자담배마켓,-160000.0,세종 여민전 하나멤버스 1Q체크카드(후불교통),
하유진,2024-05-03,지출,의료/건강,미분류,연세미니성형외과,-58.0,네이버 현대카드,
하유진,2024-05-03,지출,의료/건강,미분류,연세미니성형외과,-5742.0,네이버 현대카드,
천세원,2024-05-04,지출,금융,세금/과태료,국민하유진,-195000.0,저축예금,
하유진,2024-05-04,지출,카페/간식,미분류,카페브람스,-13500.0,네이버 현대카드,
하유진,2024-05-04,이체,이체,미분류,박영미,-390000.0,KB마이핏통장,
하유진,2024-05-04,이체,저축,미분류,천세원_한복,195000.0,KB마이핏통장,
하유진,2024-05-04,지출,카페/간식,미분류,네이버페이,-1204.0,네이버 현대카드,
천세원,2024-05-04,지출,카페/간식,기타간식,왕가탕후루,-3000.0,갤러리아 체크카드,
천세원,2024-05-04,이체,내계좌이체,미분류,100회-천세원,-30000.0,저축예금,
천세원,2024-05-04,지출,의료/건강,건강용품,라온아띠,-13500.0,카드의 정석 POINT 주거래,
천세원,2024-05-04,지출,카페/간식,커피/음료,투썸플레이스 대,-4500.0,카드의 정석 POINT 주거래,
천세원,2024-05-05,지출,카페/간식,커피/음료,메가엠지씨커피,-2000.0,카드의 정석 POINT 주거래,
천세원,2024-05-05,지출,생활,편의점,CU 인계자이점,-4700.0,카카오페이 간편결제,
천세원,2024-05-05,지출,식비,한식,참큰곤드레시래기,-18000.0,카드의 정석 POINT 주거래,
하유진,2024-05-05,지출,의복/미용,미분류,현대아울렛대전점,-150000.0,네이버 현대카드,
하유진,2024-05-05,지출,의복/미용,미분류,현대아울렛대전점,-514000.0,네이버 현대카드,
하유진,2024-05-05,지출,의복/미용,미분류,현대아울렛대전점,-14500.0,네이버 현대카드,
하유진,2024-05-05,지출,의복/미용,미분류,현대아울렛대전점,-14000.0,네이버 현대카드,
하유진,2024-05-05,이체,이체,미분류,김경희,300000.0,KB마이핏통장,
천세원,2024-05-06,지출,식비,고기,남포동갈비,-53000.0,갤러리아 체크카드,
천세원,2024-05-06,이체,저축,미분류,예금해지,3017916.0,저축예금,
천세원,2024-05-06,지출,카페/간식,아이스크림/빙수,배스킨라빈스 세,-200.0,갤러리아 체크카드,
천세원,2024-05-06,지출,온라인쇼핑,인터넷쇼핑,제이엠스퀘어,-56800.0,네이버페이 간편결제,
천세원,2024-05-06,지출,문화/여가,음악,그뤠잇 동전 노,-6000.0,갤러리아 체크카드,
천세원,2024-05-06,지출,문화/여가,음악,그뤠잇 동전 노,-6000.0,갤러리아 체크카드,
하유진,2024-05-06,이체,이체,미분류,김태정,27000.0,KB마이핏통장,
하유진,2024-05-07,지출,의료/건강,미분류,연세미니성형외과,-4600.0,네이버 현대카드,
하유진,2024-05-07,지출,의료/건강,미분류,세종권약국,-35000.0,네이버 현대카드,
하유진,2024-05-07,지출,생활,미분류,마켓세종,-7980.0,네이버 현대카드,
하유진,2024-05-08,이체,이체,미분류,송금 내역,-14750.0,카카오페이 머니,
하유진,2024-05-08,지출,식사,미분류,아워홈콘티넨탈세종점,-2700.0,네이버 현대카드,
하유진,2024-05-08,지출,식사,미분류,아워홈콘티넨탈세종점,-1200.0,네이버 현대카드,
천세원,2024-05-08,이체,이체,미분류,송금 내역,-14750.0,카카오페이 머니,
천세원,2024-05-08,지출,자동차,주유,주식회사 동인청,-60000.0,카드의 정석 POINT 주거래,
하유진,2024-05-09,지출,주거/통신,미분류,LG유플러스통신요금,-16150.0,네이버 현대카드,
하유진,2024-05-09,지출,주거/통신,미분류,LG유플러스통신요금,-16500.0,네이버 현대카드,
하유진,2024-05-10,지출,미분류,미분류,쿠팡,-26010.0,Deep ECO,
하유진,2024-05-10,지출,식사,미분류,완미족발세종나성점,-41900.0,네이버 현대카드,
하유진,2024-05-10,이체,카드대금,미분류,KB카드출금,-1700.0,KB마이핏통장,
천세원,2024-05-10,지출,식비,패스트푸드,버거킹 세종반곡,-7100.0,갤러리아 체크카드,
하유진,2024-05-10,이체,이체,미분류,송금 내역,-11500.0,카카오페이 머니,
천세원,2024-05-10,지출,교통,대중교통,교통-버스1건,-1450.0,카드의 정석 POINT 주거래,
천세원,2024-05-10,이체,이체,미분류,49너0572도,-4400.0,저축예금,
천세원,2024-05-10,이체,이체,미분류,송금 내역,-12500.0,카카오페이 머니,
천세원,2024-05-10,지출,카페/간식,커피/음료,(주)아워홈 콘,-8150.0,갤러리아 체크카드,
하유진,2024-05-11,이체,미분류,미분류,입금 내역,2211.0,KB마이핏통장,
천세원,2024-05-11,지출,식비,배달,주식회사 우아한형제들,-18300.0,카카오페이 간편결제,
천세원,2024-05-11,이체,미분류,미분류,입금 내역,572.0,KB마이핏통장,
하유진,2024-05-11,지출,의복/미용,미분류,네이버파이낸셜,-36900.0,네이버 현대카드,
하유진,2024-05-12,이체,이체,미분류,김경희,-300000.0,KB마이핏통장,
천세원,2024-05-12,지출,온라인쇼핑,서비스구독,엔에이치엔케이씨피 주식회사,-1000.0,카카오페이 간편결제,
하유진,2024-05-12,이체,투자,미분류,김경희쿠팡토레타,20000.0,KB마이핏통장,
하유진,2024-05-12,지출,미분류,미분류,쿠팡,-19620.0,Deep ECO,
하유진,2024-05-12,지출,교통,미분류,KCP결제_1,-1000.0,네이버 현대카드,
하유진,2024-05-12,이체,이체,미분류,하봉수,-300000.0,KB마이핏통장,
천세원,2024-05-12,지출,생활,마트,주식회사마켓세종,-17360.0,카드의 정석 POINT 주거래,
하유진,2024-05-13,지출,자동차,미분류,DB손해보험,-12590.0,네이버 현대카드,
하유진,2024-05-13,지출,미분류,미분류,쿠팡,-12600.0,Deep ECO,
하유진,2024-05-13,이체,저축,미분류,김경희책구매비용,15000.0,KB마이핏통장,
하유진,2024-05-13,이체,카드대금,미분류,현대카드대금,-2388962.0,KB마이핏통장,
하유진,2024-05-14,지출,의료/건강,미분류,연세미니성형외과,-26600.0,네이버 현대카드,
천세원,2024-05-14,지출,생활,편의점,세븐일레븐세종부,-2000.0,카드의 정석 POINT 주거래,
하유진,2024-05-14,지출,미분류,미분류,KICC_ARS결제,-120000.0,네이버 현대카드,
하유진,2024-05-15,지출,카페/간식,미분류,브라더꽈배기새롬점,-2800.0,네이버 현대카드,
하유진,2024-05-15,지출,미분류,미분류,네이버페이,-78396.0,네이버 현대카드,
천세원,2024-05-15,지출,패션/쇼핑,아울렛/몰,현대아울렛 대전,-34000.0,카드의 정석 POINT 주거래,
천세원,2024-05-15,지출,뷰티/미용,화장품,씨제이올리브영(,-3300.0,카드의 정석 POINT 주거래,
하유진,2024-05-15,지출,의복/미용,미분류,현대아울렛대전점,-4200.0,네이버 현대카드,
하유진,2024-05-16,지출,문화/여가,미분류,ALIPAY CONNECT PTE. LTD,-9870.0,카카오페이 간편결제,
하유진,2024-05-16,지출,문화/여가,미분류,ALIPAY CONNECT PTE. LTD,-140.0,카카오페이 간편결제,
천세원,2024-05-16,이체,내계좌이체,미분류,천*원,10000.0,카카오페이 머니,
천세원,2024-05-16,이체,내계좌이체,미분류,천*원,10000.0,카카오페이 머니,
천세원,2024-05-16,이체,내계좌이체,미분류,카카오페이,-10000.0,저축예금,
천세원,2024-05-16,이체,내계좌이체,미분류,카카오페이,-10000.0,저축예금,
천세원,2024-05-16,이체,이체,미분류,송금 내역,-9700.0,카카오페이 머니,
천세원,2024-05-16,이체,카드대금,미분류,신한경기고속도로(주,-2300.0,저축예금,
천세원,2024-05-16,이체,내계좌이체,미분류,천세원,1289985.0,저축예금,
천세원,2024-05-16,이체,이체,미분류,송금 내역,-23200.0,카카오페이 머니,
하유진,2024-05-17,지출,식사,미분류,아워홈콘티넨탈세종점,-1200.0,네이버 현대카드,
하유진,2024-05-17,이체,이체,미분류,송금 내역,-8000.0,카카오페이 머니,
천세원,2024-05-17,지출,주거/통신,휴대폰,SKB구_티브로드),-16500.0,저축예금,
천세원,2024-05-17,지출,온라인쇼핑,인터넷쇼핑,쿠팡 주식회사,-43540.0,카드의 정석 POINT 주거래,
천세원,2024-05-17,지출,금융,카드,(주)코페이,-60000.0,카드의 정석 POINT 주거래,
천세원,2024-05-17,지출,생활,생필품,주식회사 아성다,-14000.0,카드의 정석 POINT 주거래,
천세원,2024-05-17,이체,이체,미분류,하*진,8000.0,카카오페이 머니,
하유진,2024-05-17,지출,교통,미분류,KCP결제_1,-1000.0,네이버 현대카드,
하유진,2024-05-18,지출,식사,미분류,네이버페이,-11342.0,네이버 현대카드,
하유진,2024-05-18,지출,식사,미분류,아웃백스테이크하우스평택역사점,-124865.0,네이버 현대카드,
천세원,2024-05-18,지출,의료/건강,내과/가정의학,드림내과,-6500.0,카드의 정석 POINT 주거래,
천세원,2024-05-18,지출,의료/건강,약국,엘약국,-7100.0,카드의 정석 POINT 주거래,
천세원,2024-05-19,지출,식비,배달,주식회사 우아한형제들,-15500.0,카카오페이 간편결제,
천세원,2024-05-19,이체,내계좌이체,미분류,카카오페이,-10000.0,저축예금,
천세원,2024-05-19,지출,식비,패스트푸드,써브웨이 세종새롬점,-15600.0,KB국민 첵첵 체크카드(RF),
천세원,2024-05-19,이체,내계좌이체,미분류,천*원,10000.0,카카오페이 머니,
하유진,2024-05-19,지출,식사,미분류,롯데리아세종새롬점,-1800.0,네이버 현대카드,
하유진,2024-05-19,지출,생활,미분류,GS25고덕골든점,-3600.0,네이버 현대카드,
하유진,2024-05-19,수입,금융수입,미분류,예금이자원가,0.0,잇(it)딴주머니통장,
하유진,2024-05-20,지출,생활,미분류,에브리데이세종캐슬점,-14960.0,네이버 현대카드,
하유진,2024-05-20,이체,이체,미분류,안수용,-100000.0,KB마이핏통장,
천세원,2024-05-20,지출,자동차,주유,주식회사 동인청,-60000.0,카드의 정석 POINT 주거래,
하유진,2024-05-21,지출,식사,미분류,네이버페이,-10510.0,네이버 현대카드,
천세원,2024-05-21,지출,카페/간식,커피/음료,(주)아워홈 콘,-1300.0,갤러리아 체크카드,
천세원,2024-05-21,지출,주거/통신,휴대폰,국민은행LiivM,-40490.0,KB국민 첵첵 체크카드(RF),
천세원,2024-05-21,지출,자동차,차량보험,DB손11905,-30000.0,저축예금,
하유진,2024-05-21,지출,주거/통신,미분류,국민은행LiivM,-24100.0,KB마이핏통장,
하유진,2024-05-21,지출,식사,미분류,장호덕손만두,-6000.0,네이버 현대카드,
하유진,2024-05-21,지출,미분류,미분류,네이버페이,10510.0,네이버 현대카드,
하유진,2024-05-21,이체,이체,미분류,인지혜,-15000.0,KB마이핏통장,
하유진,2024-05-21,지출,카페/간식,미분류,네이버페이,-9415.0,네이버 현대카드,
천세원,2024-05-22,지출,카페/간식,커피/음료,복도리 카페,-12500.0,카드의 정석 POINT 주거래,
하유진,2024-05-22,지출,자동차,미분류,세종부강농업협동조합주유소,-60000.0,네이버 현대카드,
천세원,2024-05-23,지출,금융,세금/과태료,국민천변도시고속화도,-800.0,저축예금,
하유진,2024-05-23,이체,이체,미분류,송금 내역,-32400.0,카카오페이 머니,
하유진,2024-05-23,이체,이체,미분류,송금 내역,-12500.0,카카오페이 머니,
하유진,2024-05-23,지출,생활,미분류,세종스타베이프,-160000.0,네이버 현대카드,
하유진,2024-05-23,이체,이체,미분류,심현정,-30000.0,KB마이핏통장,
천세원,2024-05-23,이체,카드대금,미분류,신한경기고속도로(주,-2300.0,저축예금,
하유진,2024-05-24,수입,급여,미분류,급여 콘티넨탈,3961806.0,KB마이핏통장,
하유진,2024-05-24,지출,미분류,미분류,주식회사 카카오,-990.0,카카오페이 머니,
하유진,2024-05-24,이체,이체,미분류,조민상,-50000.0,KB마이핏통장,
천세원,2024-05-24,수입,급여,미분류,급여 콘티넨탈,4051385.0,저축예금,
천세원,2024-05-24,지출,카페/간식,커피/음료,복도리 카페,-5000.0,카드의 정석 POINT 주거래,
천세원,2024-05-24,지출,식비,고기,진짜무쇠삼겹,-45000.0,카드의 정석 POINT 주거래,
천세원,2024-05-24,지출,온라인쇼핑,서비스구독,엔에이치엔케이씨피 주식회사,-1000.0,카카오페이 간편결제,
하유진,2024-05-25,이체,저축,미분류,정기이자 입금,1.0,세이프박스,
천세원,2024-05-25,지출,카페/간식,디저트/떡,메리봉봉다정점,-41000.0,카드의 정석 POINT 주거래,
천세원,2024-05-25,수입,금융수입,미분류,이자,0.0,MY 입출금통장,
하유진,2024-05-25,지출,문화/여가,미분류,ALIPAY CONNECT PTE. LTD,-11456.0,카카오페이 간편결제,
하유진,2024-05-25,수입,금융수입,미분류,입출금통장 이자,0.0,입출금통장,
하유진,2024-05-25,수입,금융수입,미분류,이자,0.0,MY 입출금통장,
하유진,2024-05-25,지출,식사,미분류,호호식당파미에스테이션,-49000.0,네이버 현대카드,
하유진,2024-05-25,지출,카페/간식,미분류,뚜레쥬르세종새롬점,-6500.0,네이버 현대카드,
하유진,2024-05-26,지출,생활,미분류,다이소아성산업,-5000.0,네이버 현대카드,
하유진,2024-05-26,지출,의복/미용,미분류,네이버파이낸셜,-65000.0,네이버 현대카드,
천세원,2024-05-26,지출,뷰티/미용,헤어샵,라봄헤어새롬점,-18000.0,네이버페이 간편결제,
하유진,2024-05-26,지출,생활,미분류,마켓세종,-12200.0,네이버 현대카드,
하유진,2024-05-27,지출,주거/통신,미분류,아파트관리비,-167960.0,네이버 현대카드,
천세원,2024-05-27,이체,내계좌이체,미분류,입금 내역,100000.0,주택청약종합저축,
하유진,2024-05-27,지출,생활,미분류,에브리데이세종캐슬점,-16510.0,네이버 현대카드,
하유진,2024-05-27,지출,생활,미분류,한화손02건,-102105.0,KB마이핏통장,
하유진,2024-05-27,지출,미분류,미분류,쿠팡,-36900.0,Deep ECO,
하유진,2024-05-27,이체,투자,미분류,김경희쿠팡바디구매,40000.0,KB마이핏통장,
천세원,2024-05-27,이체,카드대금,미분류,우리카드결제대금,-1450.0,저축예금,
천세원,2024-05-27,이체,내계좌이체,미분류,천세원청약74,-100000.0,저축예금,
천세원,2024-05-27,지출,금융,보험,메리츠001건,-36120.0,저축예금,
천세원,2024-05-27,이체,내계좌이체,미분류,퇴직연금-천세원,-100000.0,저축예금,
천세원,2024-05-28,지출,뷰티/미용,미용관리,약손명가 에스테틱(세종어반아트리,-200000.0,세종 여민전 하나멤버스 1Q체크카드(후불교통),
천세원,2024-05-28,지출,뷰티/미용,미용관리,약손명가 에스테,400000.0,카드의 정석 POINT 주거래,
천세원,2024-05-28,지출,뷰티/미용,미용관리,약손명가 에스테,400000.0,카드의 정석 POINT 주거래,
천세원,2024-05-28,지출,생활,마트,세종부강농업협동,-60000.0,갤러리아 체크카드,
하유진,2024-05-28,지출,경조사,미분류,(재)서울그린트러스트,-1087.0,Deep ECO,
하유진,2024-05-28,이체,미분류,미분류,하유진,-240000.0,KB마이핏통장,
하유진,2024-05-28,이체,미분류,미분류,하유진,240000.0,입출금통장,
하유진,2024-05-28,이체,미분류,미분류,하*진,234712.0,카카오페이 머니,
하유진,2024-05-28,이체,이체,미분류,송금 내역,-400000.0,카카오페이 머니,
하유진,2024-05-28,이체,미분류,미분류,카카오페이,-234712.0,입출금통장,
천세원,2024-05-28,지출,자동차,통행료,에스엠하이플러스,-50000.0,카드의 정석 POINT 주거래,
천세원,2024-05-28,지출,카페/간식,커피/음료,복도리 카페,-7500.0,카드의 정석 POINT 주거래,
하유진,2024-05-29,지출,생활,미분류,에브리데이세종캐슬점,-7630.0,네이버 현대카드,
하유진,2024-05-29,지출,카페/간식,미분류,복도리카페,-1700.0,네이버 현대카드,
천세원,2024-05-30,수입,용돈,미분류,1020658023397,15469546.0,저축예금,
천세원,2024-05-30,지출,식비,치킨,가마치 통닭 새,-18000.0,카드의 정석 POINT 주거래,
하유진,2024-05-30,지출,카페/간식,미분류,복도리카페,-7500.0,네이버 현대카드,
하유진,2024-05-30,지출,생활,미분류,우정사업본부우체국,-4000.0,네이버 현대카드,
천세원,2024-05-31,지출,식비,한식,장호덕 손만두,-18000.0,카드의 정석 POINT 주거래,
하유진,2024-05-31,지출,주거/통신,미분류,LH2024년05월,-214500.0,KB마이핏통장,
하유진,2024-05-31,수입,용돈,미분류,김경희토레타쿠팡,20000.0,KB마이핏통장,
하유진,2024-05-31,지출,미분류,미분류,쿠팡,-17920.0,Deep ECO,
천세원,2024-05-31,지출,주거/통신,월세,LH2024년05월,-79030.0,저축예금,
천세원,2024-05-31,지출,문화/여가,게임,1207-1510,-97540.0,저축예금,
하유진,2024-06-01,이체,이체,미분류,이지영,-664800.0,KB마이핏통장,
하유진,2024-06-01,지출,식사,미분류,우와,-41000.0,네이버 현대카드,
하유진,2024-06-01,이체,이체,미분류,여민전,-200000.0,KB마이핏통장,
천세원,2024-06-01,이체,내계좌이체,미분류,천*원,11261.0,카카오페이 머니,
하유진,2024-06-01,이체,저축,미분류,천세원_뉴욕스냅,332400.0,KB마이핏통장,
천세원,2024-06-01,지출,식비,배달,주식회사 우아한형제들,-15900.0,카카오페이 간편결제,
천세원,2024-06-01,지출,금융,세금/과태료,국민하유진,-332400.0,저축예금,
천세원,2024-06-01,이체,내계좌이체,미분류,(주)카카오페이,-11261.0,저축예금,
천세원,2024-06-02,이체,이체,미분류,여민전,-400000.0,저축예금,
하유진,2024-06-02,지출,식사,미분류,후라토식당신사점,-38000.0,네이버 현대카드,
하유진,2024-06-02,이체,이체,미분류,송경민,-6000.0,KB마이핏통장,
하유진,2024-06-02,이체,이체,미분류,여민전,-200000.0,KB마이핏통장,
하유진,2024-06-02,지출,미분류,미분류,네이버페이,-32000.0,네이버 현대카드,
하유진,2024-06-02,지출,식사,미분류,네이버페이,-22053.0,네이버 현대카드,
하유진,2024-06-03,이체,미분류,미분류,하유진,-100000.0,KB마이핏통장,
하유진,2024-06-03,이체,미분류,미분류,하유진,100000.0,입출금통장,
하유진,2024-06-03,이체,이체,미분류,송금 내역,-17500.0,카카오페이 머니,
하유진,2024-06-03,이체,미분류,미분류,하*진,17500.0,카카오페이 머니,
하유진,2024-06-03,이체,미분류,미분류,카카오페이,-17500.0,입출금통장,
하유진,2024-06-03,이체,카드대금,미분류,신한카드,-208350.0,KB마이핏통장,
천세원,2024-06-03,지출,금융,세금/과태료,국민하유진,-27250.0,저축예금,
천세원,2024-06-03,지출,카페/간식,커피/음료,복도리 협동조합,-5000.0,세종 여민전 하나멤버스 1Q체크카드(후불교통),
하유진,2024-06-03,이체,저축,미분류,천세원_액자,27250.0,KB마이핏통장,
천세원,2024-06-04,지출,패션/쇼핑,패션,주식회사 무신사,-194895.0,카카오페이 간편결제,
천세원,2024-06-04,이체,내계좌이체,미분류,(주)카카오페이,-194892.0,저축예금,
천세원,2024-06-04,이체,내계좌이체,미분류,천*원,194892.0,카카오페이 머니,
천세원,2024-06-05,지출,식비,한식,곤드레말(주),-80000.0,세종 여민전 하나멤버스 1Q체크카드(후불교통),
천세원,2024-06-05,지출,식비,한식,꽃마실,-25000.0,세종 여민전 하나멤버스 1Q체크카드(후불교통),
천세원,2024-06-05,지출,생활,마트,(주)이마트에브리데이세종캐슬점,-16050.0,세종 여민전 하나멤버스 1Q체크카드(후불교통),
천세원,2024-06-06,지출,여행/숙박,항공권,아시아나항공,-418000.0,네이버페이 간편결제,
천세원,2024-06-06,지출,생활,마트,(주)마켓세종,-2170.0,세종 여민전 하나멤버스 1Q체크카드(후불교통),
천세원,2024-06-06,지출,의료/건강,약국,바른약국,-6000.0,카드의 정석 POINT 주거래,
천세원,2024-06-06,지출,주거/통신,휴대폰,0960606126304,-151300.0,저축예금,
하유진,2024-06-06,수입,용돈,미분류,김경희회구매비용,70000.0,KB마이핏통장,
천세원,2024-06-06,이체,내계좌이체,미분류,천*원,10000.0,카카오페이 머니,
천세원,2024-06-06,지출,카페/간식,커피/음료,컴포즈커피(대전갈마점),-4000.0,카카오페이 간편결제,
천세원,2024-06-06,이체,내계좌이체,미분류,카카오페이,-10000.0,저축예금,
하유진,2024-06-06,지출,문화/여가,미분류,아이린,-1100000.0,네이버 현대카드,
천세원,2024-06-06,지출,식비,한식,명성수산,-64000.0,카드의 정석 POINT 주거래,
천세원,2024-06-07,지출,금융,세금/과태료,국민하유진,-475000.0,저축예금,
천세원,2024-06-07,지출,생활,생활서비스,코오롱글로벌(주)스,-3000.0,갤러리아 체크카드,
천세원,2024-06-07,지출,생활,생필품,세종전자담배마켓,-80000.0,세종 여민전 하나멤버스 1Q체크카드(후불교통),
천세원,2024-06-07,이체,이체,미분류,신한이심예,-19000.0,저축예금,
하유진,2024-06-07,이체,이체,미분류,송금 내역,-64000.0,카카오페이 머니,
하유진,2024-06-07,이체,미분류,미분류,하*진,70000.0,카카오페이 머니,
하유진,2024-06-07,이체,미분류,미분류,카카오페이,-70000.0,입출금통장,
하유진,2024-06-07,이체,이체,미분류,천세원,475000.0,KB마이핏통장,
하유진,2024-06-07,지출,카페/간식,미분류,네이버페이,-3850.0,네이버 현대카드,
하유진,2024-06-08,지출,카페/간식,미분류,아워블리스,-11500.0,네이버 현대카드,
천세원,2024-06-08,이체,내계좌이체,미분류,천*원,13500.0,카카오페이 머니,
천세원,2024-06-08,이체,내계좌이체,미분류,카카오페이,-106316.0,저축예금,
천세원,2024-06-08,지출,패션/쇼핑,패션,주식회사 무신사,-112316.0,카카오페이 간편결제,
천세원,2024-06-08,이체,내계좌이체,미분류,천*원,106316.0,카카오페이 머니,
천세원,2024-06-08,이체,현금,미분류,TW302,1.0,저축예금,
하유진,2024-06-08,지출,식사,미분류,서양면옥,-41800.0,네이버 현대카드,
천세원,2024-06-08,지출,식비,배달,주식회사 우아한형제들,-13500.0,카카오페이 간편결제,
하유진,2024-06-09,지출,의복/미용,미분류,현대아울렛대구점,-280000.0,네이버 현대카드,
하유진,2024-06-10,지출,주거/통신,미분류,LG유플러스통신요금,-16150.0,네이버 현대카드,
천세원,2024-06-10,지출,교통,대중교통,티머니GO,-27800.0,네이버페이 간편결제,
천세원,2024-06-10,이체,이체,미분류,하*진,64000.0,카카오페이 머니,
하유진,2024-06-10,지출,식사,미분류,세종수선,-12000.0,네이버 현대카드,
하유진,2024-06-10,지출,식사,미분류,아워홈콘티넨탈세종점,-3900.0,네이버 현대카드,
하유진,2024-06-10,지출,주거/통신,미분류,LG유플러스통신요금,-16500.0,네이버 현대카드,
천세원,2024-06-11,지출,여행/숙박,여행,USCUSTOMS ESTA APPL PMT  INDIANAPOLIS US,-30270.0,갤러리아 체크카드,
천세원,2024-06-11,지출,여행/숙박,해외결제,트래블월렛,-137550.0,저축예금,
천세원,2024-06-11,지출,자동차,주유,주식회사 동인청,-60000.0,갤러리아 체크카드,
하유진,2024-06-11,지출,식사,미분류,송기원진주냉면세종부강점,-63000.0,네이버 현대카드,
하유진,2024-06-11,이체,미분류,미분류,하*진,34000.0,카카오페이 머니,
하유진,2024-06-11,지출,자동차,미분류,DB손해보험,-12590.0,네이버 현대카드,
하유진,2024-06-11,이체,미분류,미분류,하유진,-100000.0,KB마이핏통장,
하유진,2024-06-11,이체,미분류,미분류,하유진,100000.0,입출금통장,
하유진,2024-06-11,이체,이체,미분류,송금 내역,-40000.0,카카오페이 머니,
하유진,2024-06-11,이체,미분류,미분류,카카오페이,-34000.0,입출금통장,
천세원,2024-06-11,지출,카페/간식,커피/음료,복도리 카페,-10000.0,카드의 정석 POINT 주거래,
하유진,2024-06-12,이체,이체,미분류,정상희,-50000.0,KB마이핏통장,
하유진,2024-06-12,이체,미분류,미분류,(주)여행산책,-7848680.0,KB마이핏통장,
하유진,2024-06-12,이체,이체,미분류,천세원_신혼패키지,3924340.0,KB마이핏통장,
천세원,2024-06-12,지출,교통,대중교통,티머니GO,-30400.0,네이버페이 간편결제,
천세원,2024-06-12,지출,금융,세금/과태료,국민하유진,-3924340.0,저축예금,
천세원,2024-06-12,지출,교통,대중교통,티머니GO,-33600.0,네이버페이 간편결제,
천세원,2024-06-12,지출,교통,대중교통,티머니GO,19600.0,네이버페이 간편결제,
천세원,2024-06-12,지출,교통,대중교통,티머니GO,-27800.0,네이버페이 간편결제,
천세원,2024-06-12,지출,교통,대중교통,티머니GO,27800.0,네이버페이 간편결제,
하유진,2024-06-12,이체,카드대금,미분류,현대카드대금,-1882592.0,KB마이핏통장,
하유진,2024-06-13,지출,교통,미분류,KCP결제_1,-1000.0,네이버 현대카드,
하유진,2024-06-13,지출,의복/미용,미분류,네이버페이_올리브영,-29235.0,네이버 현대카드,
천세원,2024-06-13,지출,식비,고기,순한양꼬치,-108000.0,갤러리아 체크카드,
천세원,2024-06-13,지출,온라인쇼핑,서비스구독,엔에이치엔케이씨피 주식회사,-1000.0,카카오페이 간편결제,
천세원,2024-06-13,지출,카페/간식,커피/음료,복도리 카페,-7500.0,KB국민 첵첵 체크카드(RF),
천세원,2024-06-13,지출,교통,시외버스,청사정류장 편의,-2200.0,카드의 정석 POINT 주거래,
하유진,2024-06-13,이체,투자,미분류,김경희쿠팡토레타,18000.0,KB마이핏통장,
하유진,2024-06-13,지출,미분류,미분류,쿠팡,-17920.0,Deep ECO,
하유진,2024-06-14,지출,미분류,미분류,네이버페이,-1066523.0,네이버 현대카드,
천세원,2024-06-14,지출,식비,일식,어썸초밥(漁SO,-51000.0,카드의 정석 POINT 주거래,
천세원,2024-06-14,지출,교통,시외버스,전국고속버스운송사업조합,19600.0,카드의 정석 POINT 주거래,
천세원,2024-06-14,수입,금융수입,미분류,체크취소입금,19600.0,저축예금,
천세원,2024-06-14,지출,교통,시외버스,전국고속버스운송,27800.0,카드의 정석 POINT 주거래,
하유진,2024-06-15,이체,미분류,미분류,입금 내역,4.0,행복knowhow 주거래 우대통장,
하유진,2024-06-15,이체,저축,미분류,예금결산이자,0.0,저축예금,
하유진,2024-06-15,지출,의복/미용,미분류,HYATT GRD CENTRAL NY,-349845.0,네이버 현대카드,
하유진,2024-06-15,이체,이체,미분류,우병식,-1500000.0,KB마이핏통장,
천세원,2024-06-15,지출,식비,패스트푸드,써브웨이 세종새,-11800.0,갤러리아 체크카드,
천세원,2024-06-15,수입,금융수입,미분류,예금결산이자,2850.0,저축예금,
천세원,2024-06-15,지출,카페/간식,커피/음료,컴포즈커피 세종,-6000.0,갤러리아 체크카드,
천세원,2024-06-15,지출,생활,편의점,세븐일레븐 일산,-11000.0,카드의 정석 POINT 주거래,
천세원,2024-06-15,이체,미분류,미분류,입금 내역,0.0,저축예금,
천세원,2024-06-16,지출,식비,한식,장원갑칼국수 세,-27000.0,카드의 정석 POINT 주거래,
천세원,2024-06-16,지출,카페/간식,베이커리,파리바게뜨일산삼,-29450.0,카드의 정석 POINT 주거래,
하유진,2024-06-16,지출,미분류,미분류,네이버페이,-1029192.0,네이버 현대카드,
하유진,2024-06-16,수입,금융수입,미분류,예금이자원가,0.0,잇(it)딴주머니통장,
천세원,2024-06-16,지출,생활,편의점,세븐일레븐 일산,-6100.0,카드의 정석 POINT 주거래,
천세원,2024-06-17,이체,저축,미분류,카카오(c),4500.0,저축예금,
천세원,2024-06-17,지출,주거/통신,휴대폰,SKB구_티브로드),-16500.0,저축예금,
하유진,2024-06-17,이체,이체,미분류,박나래,15000.0,KB마이핏통장,
천세원,2024-06-17,지출,뷰티/미용,미용관리,약손명가 에스테,400000.0,카드의 정석 POINT 주거래,
천세원,2024-06-17,지출,뷰티/미용,미용관리,약손명가 에스테틱(세종어반아트리,-200000.0,세종 여민전 하나멤버스 1Q체크카드(후불교통),
천세원,2024-06-17,지출,카페/간식,커피/음료,복도리 카페,-10000.0,갤러리아 체크카드,
천세원,2024-06-18,지출,자동차,주유,주식회사 동인청,-60000.0,카드의 정석 POINT 주거래,
하유진,2024-06-18,지출,카페/간식,미분류,네이버페이,-8728.0,네이버 현대카드,
천세원,2024-06-18,지출,생활,편의점,세븐일레븐 세종,-3900.0,카드의 정석 POINT 주거래,
하유진,2024-06-18,지출,생활,미분류,세종스타베이프,-160000.0,네이버 현대카드,
천세원,2024-06-18,이체,내계좌이체,미분류,농협천세원(세종특별,-94100.0,저축예금,
천세원,2024-06-19,지출,식비,식재료,청도미나리 생삼,-99000.0,카드의 정석 POINT 주거래,
하유진,2024-06-19,지출,의료/건강,미분류,유스앤영서울뷰의원,-162800.0,네이버 현대카드,
하유진,2024-06-20,지출,여행/숙박,미분류,USCUSTOMS ESTA APPL PMT               \\,-29313.0,Trip to 로카,
하유진,2024-06-20,지출,식사,미분류,아워홈콘티넨탈세종점,-2600.0,네이버 현대카드,
하유진,2024-06-20,이체,미분류,미분류,하*진,23000.0,카카오페이 머니,
하유진,2024-06-20,지출,카페/간식,미분류,주식회사 카카오,-23000.0,카카오페이 간편결제,
천세원,2024-06-21,지출,자동차,차량보험,DB손12006,-30000.0,저축예금,
천세원,2024-06-21,지출,문화/여가,마사지/스파,스페이스(SPA,-57200.0,카드의 정석 POINT 주거래,
천세원,2024-06-21,지출,문화/여가,마사지/스파,스페이스(SPA,57200.0,카드의 정석 POINT 주거래,
천세원,2024-06-21,지출,문화/여가,마사지/스파,스페이스(SPA,-54340.0,카드의 정석 POINT 주거래,
하유진,2024-06-21,지출,주거/통신,미분류,국민은행LiivM,-24100.0,KB마이핏통장,
하유진,2024-06-21,이체,이체,미분류,김범영,-387500.0,KB마이핏통장,
천세원,2024-06-21,지출,주거/통신,휴대폰,국민은행LiivM,-40490.0,KB국민 첵첵 체크카드(RF),
하유진,2024-06-22,수입,금융수입,미분류,결산이자,0.0,자립예탁금,
하유진,2024-06-22,수입,금융수입,미분류,결산이자,0.0,자립예탁금,
하유진,2024-06-22,수입,금융수입,미분류,이자,0.0,MY 입출금통장,
천세원,2024-06-22,지출,생활,생필품,주식회사 아성다,-10000.0,카드의 정석 POINT 주거래,
천세원,2024-06-22,수입,금융수입,미분류,이자,0.0,MY 입출금통장,
하유진,2024-06-22,이체,이체,미분류,*****,1.0,신한 주거래 S20통장,
하유진,2024-06-22,지출,카페/간식,미분류,칠갑상사고려페인트,-18000.0,네이버 현대카드,
하유진,2024-06-22,이체,이체,미분류,우병식,-180000.0,KB마이핏통장,
천세원,2024-06-22,지출,생활,편의점,세븐일레븐 세종,-10400.0,갤러리아 체크카드,
하유진,2024-06-23,이체,미분류,미분류,입금 내역,0.0,NH1934우대통장(저축예금),
천세원,2024-06-23,이체,미분류,미분류,입금 내역,0.0,자립예탁금,
천세원,2024-06-23,지출,식비,식재료,올리부스,-35800.0,카드의 정석 POINT 주거래,
하유진,2024-06-24,이체,미분류,미분류,하*진,10000.0,카카오페이 머니,
하유진,2024-06-24,지출,카페/간식,미분류,주식회사 카카오,-990.0,카카오페이 간편결제,
하유진,2024-06-24,이체,미분류,미분류,카카오페이,-10000.0,입출금통장,
하유진,2024-06-24,지출,식사,미분류,아워홈콘티넨탈세종점,-1200.0,네이버 현대카드,
천세원,2024-06-24,지출,교통,시외버스,버스타고,-49000.0,네이버페이 간편결제,
하유진,2024-06-25,지출,식사,미분류,네이버페이,-26380.0,네이버 현대카드,
하유진,2024-06-25,수입,급여,미분류,급여 콘티넨탈,3959826.0,KB마이핏통장,
하유진,2024-06-25,지출,주거/통신,미분류,아파트관리비,-169940.0,네이버 현대카드,
하유진,2024-06-25,지출,생활,미분류,한화손02건,-102105.0,KB마이핏통장,
천세원,2024-06-25,수입,급여,미분류,급여 콘티넨탈,4065133.0,저축예금,
천세원,2024-06-25,지출,금융,보험,메리츠001건,-36120.0,저축예금,
천세원,2024-06-25,이체,카드대금,미분류,우리카드결제대금,-10000.0,저축예금,
천세원,2024-06-25,지출,주거/통신,휴대폰,말톡 포켓와이파이 유심,-37390.0,페이코 간편결제,
천세원,2024-06-25,이체,내계좌이체,미분류,카카오페이,-96488.0,저축예금,
천세원,2024-06-25,지출,여행/숙박,여행,주식회사 마이리얼트립,-159600.0,카카오페이 간편결제,
천세원,2024-06-25,이체,내계좌이체,미분류,천*원,96488.0,카카오페이 머니,
천세원,2024-06-25,지출,식비,배달,주식회사 우아한형제들,-25900.0,카카오페이 간편결제,
천세원,2024-06-25,이체,내계좌이체,미분류,천*원,25900.0,카카오페이 머니,
천세원,2024-06-25,이체,저축,미분류,카드매출취소환급,295.0,저축예금,
천세원,2024-06-26,지출,생활,편의점,세븐일레븐 세종,-7800.0,카드의 정석 POINT 주거래,
천세원,2024-06-26,지출,카페/간식,커피/음료,복도리 협동조합,-5000.0,세종 여민전 하나멤버스 1Q체크카드(후불교통),
천세원,2024-06-26,지출,주거/통신,관리비,환전주머니 출금,-417972.0,저축예금,
천세원,2024-06-26,이체,내계좌이체,미분류,입금 내역,100000.0,주택청약종합저축,
천세원,2024-06-26,지출,패션/쇼핑,패션,자로라코리아,-24000.0,네이버페이 간편결제,
천세원,2024-06-26,지출,주거/통신,관리비,환전주머니 출금,-278306.0,저축예금,
천세원,2024-06-26,이체,내계좌이체,미분류,천세원청약75,-100000.0,저축예금,
하유진,2024-06-26,이체,이체,미분류,하유진,-100000.0,토스머니,
하유진,2024-06-26,이체,미분류,미분류,하유진,100000.0,입출금통장,
하유진,2024-06-26,이체,미분류,미분류,하유진,100000.0,토스머니,
하유진,2024-06-26,이체,미분류,미분류,하*진,82210.0,카카오페이 머니,
하유진,2024-06-26,지출,경조사,미분류,주식회사 카카오스타일,-91220.0,카카오페이 간편결제,
하유진,2024-06-26,이체,미분류,미분류,카카오페이,-82210.0,입출금통장,
하유진,2024-06-26,지출,미분류,미분류,쿠팡,-24780.0,Deep ECO,
하유진,2024-06-26,이체,이체,미분류,김경희,25000.0,KB마이핏통장,
하유진,2024-06-26,이체,미분류,미분류,토스 하유진,-100000.0,KB마이핏통장,
하유진,2024-06-27,지출,카페/간식,미분류,엘지씨엔에스,-1000.0,네이버 현대카드,
하유진,2024-06-27,이체,카드대금,미분류,BC바로카드,-5661.0,KB마이핏통장,
천세원,2024-06-27,이체,내계좌이체,미분류,퇴직연금-천세원,-100000.0,저축예금,
하유진,2024-06-27,이체,현금,미분류,현대카드,997837.0,KB마이핏통장,
천세원,2024-06-27,지출,온라인쇼핑,인터넷쇼핑,옥션,-19160.0,카드의 정석 POINT 주거래,
천세원,2024-06-28,지출,식비,고기,맛찬들왕소금구이 세종새롬점,-69000.0,세종 여민전 하나멤버스 1Q체크카드(후불교통),
하유진,2024-06-29,지출,카페/간식,미분류,네이버페이,-7800.0,네이버 현대카드,
천세원,2024-06-29,지출,뷰티/미용,헤어샵,새롬동 미용실,-38000.0,갤러리아 체크카드,
하유진,2024-06-29,지출,카페/간식,미분류,네이버페이,-6842.0,네이버 현대카드,
하유진,2024-06-29,지출,미분류,미분류,네이버페이,6842.0,네이버 현대카드,
하유진,2024-06-29,이체,저축,미분류,정기이자 입금,1.0,세이프박스,
하유진,2024-06-29,수입,금융수입,미분류,입출금통장 이자,5.0,입출금통장,
하유진,2024-06-30,지출,미분류,미분류,쿠팡,-89210.0,Deep ECO,
하유진,2024-06-30,이체,투자,미분류,김경희쿠팡구매,90000.0,KB마이핏통장,
하유진,2024-06-30,이체,이체,미분류,송주현,-30000.0,KB마이핏통장,
하유진,2024-06-30,지출,미분류,미분류,쿠팡,-17920.0,Deep ECO,
하유진,2024-06-30,이체,저축,미분류,김경희크팡토레타구매,18000.0,KB마이핏통장,
천세원,2024-06-30,지출,생활,마트,주식회사마켓세종,-36320.0,카드의 정석 POINT 주거래,
천세원,2024-06-30,지출,카페/간식,베이커리,아쌍트 베이커리,-19300.0,카드의 정석 POINT 주거래,
천세원,2024-07-01,지출,카페/간식,커피/음료,복도리 카페,-7500.0,카드의 정석 POINT 주거래,
천세원,2024-07-01,이체,투자,미분류,1020564737040,40624332.0,저축예금,
천세원,2024-07-01,지출,주거/통신,월세,LH2024년06월,-79030.0,저축예금,
천세원,2024-07-01,지출,문화/여가,게임,1207-1510,-95810.0,저축예금,
천세원,2024-07-01,지출,패션/쇼핑,패션,주식회사 무신사,-30070.0,카카오페이 간편결제,
하유진,2024-07-01,이체,이체,미분류,김경희,50000.0,KB마이핏통장,
천세원,2024-07-01,지출,식비,한식,서리서리멸치국수,-7600.0,카드의 정석 POINT 주거래,
하유진,2024-07-01,지출,미분류,미분류,쿠팡,-48800.0,Deep ECO,
하유진,2024-07-01,이체,카드대금,미분류,신한카드,-72740.0,KB마이핏통장,
하유진,2024-07-01,이체,이체,미분류,여민전,-200000.0,KB마이핏통장,
하유진,2024-07-01,이체,카드대금,미분류,하나카드,-8750.0,KB마이핏통장,
천세원,2024-07-01,이체,내계좌이체,미분류,천*원,30070.0,카카오페이 머니,
천세원,2024-07-01,지출,식비,식재료,주식회사 대왕마,-2800.0,카드의 정석 POINT 주거래,
하유진,2024-07-01,지출,주거/통신,미분류,LH2024년06월,-214500.0,KB마이핏통장,
하유진,2024-07-01,지출,식사,미분류,네이버페이,-27440.0,네이버 현대카드,
천세원,2024-07-02,지출,온라인쇼핑,인터넷쇼핑,쿠팡 주식회사,-23620.0,카드의 정석 POINT 주거래,
천세원,2024-07-02,지출,자동차,주유,주식회사 동인청,-60000.0,카드의 정석 POINT 주거래,
천세원,2024-07-03,지출,생활,생필품,주식회사 아성다,-13000.0,카드의 정석 POINT 주거래,
천세원,2024-07-03,이체,이체,미분류,여민전,-400000.0,저축예금,
하유진,2024-07-04,수입,급여,미분류,김현우06,50000.0,KB마이핏통장,
하유진,2024-07-04,이체,이체,미분류,이근선 결혼축하,50000.0,KB마이핏통장,
천세원,2024-07-04,지출,금융,보험,DB손해보험,-83380.0,저축예금,
천세원,2024-07-04,지출,식비,패스트푸드,버거킹 세종반곡,-9700.0,갤러리아 체크카드,
천세원,2024-07-04,수입,급여,미분류,김현우06,50000.0,저축예금,
하유진,2024-07-04,지출,미분류,미분류,쿠팡,-22760.0,Deep ECO,
하유진,2024-07-05,이체,투자,미분류,채수정_축결혼,100000.0,KB마이핏통장,
하유진,2024-07-05,이체,이체,미분류,이다솜,-94000.0,KB마이핏통장,
하유진,2024-07-05,이체,이체,미분류,주화섭,100000.0,KB마이핏통장,
하유진,2024-07-05,지출,자동차,미분류,DB손해보험,-6780.0,네이버 현대카드,
하유진,2024-07-05,이체,이체,미분류,임정은 결혼축하해요,100000.0,KB마이핏통장,
천세원,2024-07-05,지출,여행/숙박,숙박비,베스트웨스턴호텔,-100000.0,카드의 정석 POINT 주거래,
하유진,2024-07-05,수입,급여,미분류,정영웅_결혼축하!,100000.0,KB마이핏통장,
하유진,2024-07-05,이체,이체,미분류,박*현,300000.0,카카오페이 머니,
하유진,2024-07-05,지출,문화/여가,미분류,이이넷,-160.0,네이버 현대카드,
하유진,2024-07-05,지출,문화/여가,미분류,이이넷,-80.0,네이버 현대카드,
하유진,2024-07-05,이체,현금,미분류,축결혼 송관백,50000.0,KB마이핏통장,
하유진,2024-07-05,이체,이체,미분류,채*락,50000.0,카카오페이 머니,
하유진,2024-07-05,이체,이체,미분류,김*진,300000.0,카카오페이 머니,
하유진,2024-07-05,이체,이체,미분류,박필선,50000.0,KB마이핏통장,
하유진,2024-07-05,지출,문화/여가,미분류,이이넷,-320.0,네이버 현대카드,
하유진,2024-07-05,이체,이체,미분류,문찬호,-275000.0,KB마이핏통장,
하유진,2024-07-05,이체,현금,미분류,현대카드,359083.0,KB마이핏통장,
천세원,2024-07-05,이체,이체,미분류,이소미,50000.0,저축예금,
천세원,2024-07-05,수입,급여,미분류,정영웅_결혼축하!,100000.0,저축예금,
천세원,2024-07-05,지출,식비,일식,설해돈,-21000.0,카드의 정석 POINT 주거래,
천세원,2024-07-05,지출,자동차,정비/수리,현대블루핸즈 세종금남점,-81800.0,세종 여민전 하나멤버스 1Q체크카드(후불교통),
천세원,2024-07-05,이체,이체,미분류,박필선,50000.0,저축예금,
천세원,2024-07-05,이체,미분류,미분류,출금 내역,-700000.0,KB마이핏통장,
천세원,2024-07-05,지출,식비,한식,등촌샤브칼국수 세종본점,-43000.0,세종 여민전 하나멤버스 1Q체크카드(후불교통),
천세원,2024-07-05,이체,내계좌이체,미분류,천세원,700000.0,KB마이핏통장,
천세원,2024-07-05,지출,생활,편의점,지에스25 세종으뜸점,-9300.0,세종 여민전 하나멤버스 1Q체크카드(후불교통),
천세원,2024-07-05,이체,이체,미분류,소*정,100000.0,카카오페이 머니,
천세원,2024-07-05,이체,이체,미분류,이*형,50000.0,카카오페이 머니,
천세원,2024-07-05,이체,내계좌이체,미분류,국민천세원,-700000.0,저축예금,
하유진,2024-07-06,이체,이체,미분류,양*영,150000.0,카카오페이 머니,
하유진,2024-07-06,이체,이체,미분류,송금 내역,-30000.0,카카오페이 머니,
하유진,2024-07-06,이체,이체,미분류,진민우,70000.0,KB마이핏통장,
하유진,2024-07-06,이체,이체,미분류,하봉수,6670000.0,KB마이핏통장,
하유진,2024-07-06,이체,이체,미분류,한*수,100000.0,카카오페이 머니,
하유진,2024-07-06,이체,이체,미분류,안수용,-600000.0,KB마이핏통장,
하유진,2024-07-06,이체,이체,미분류,윤영민,100000.0,KB마이핏통장,
하유진,2024-07-06,수입,급여,미분류,김경희버스비,700000.0,KB마이핏통장,
하유진,2024-07-06,이체,이체,미분류,정연수,-800000.0,KB마이핏통장,
하유진,2024-07-06,이체,저축,미분류,콘티 계나영,50000.0,KB마이핏통장,
하유진,2024-07-06,이체,미분류,미분류,입금 내역,5000000.0,KB마이핏통장,
하유진,2024-07-06,이체,미분류,미분류,입금 내역,1000000.0,KB마이핏통장,
하유진,2024-07-06,이체,미분류,미분류,입금 내역,900000.0,KB마이핏통장,
하유진,2024-07-06,이체,이체,미분류,김재율,300000.0,KB마이핏통장,
하유진,2024-07-06,이체,이체,미분류,박*우,100000.0,카카오페이 머니,
하유진,2024-07-06,지출,문화/여가,미분류,킹덤,-5864000.0,네이버 현대카드,
하유진,2024-07-06,이체,미분류,미분류,박지욱사회자,-200000.0,KB마이핏통장,
하유진,2024-07-06,이체,미분류,미분류,입금 내역,290000.0,KB마이핏통장,
천세원,2024-07-06,이체,투자,미분류,0204858040075,3700000.0,저축예금,
하유진,2024-07-06,이체,이체,미분류,이재복,50000.0,KB마이핏통장,
하유진,2024-07-06,이체,이체,미분류,임은혜,100000.0,KB마이핏통장,
하유진,2024-07-06,이체,이체,미분류,이*림,100000.0,카카오페이 머니,
하유진,2024-07-06,이체,이체,미분류,이*혁,200000.0,카카오페이 머니,
하유진,2024-07-06,이체,이체,미분류,정*현,100000.0,카카오페이 머니,
하유진,2024-07-06,이체,저축,미분류,허정걸_축의금,100000.0,KB마이핏통장,
하유진,2024-07-06,이체,투자,미분류,박종선축의금,50000.0,KB마이핏통장,
하유진,2024-07-06,이체,저축,미분류,오세현 축의금,50000.0,KB마이핏통장,
천세원,2024-07-06,이체,투자,미분류,0204858040077,770000.0,저축예금,
하유진,2024-07-06,이체,저축,미분류,컨트롤링서희원,50000.0,KB마이핏통장,
하유진,2024-07-06,이체,저축,미분류,결혼축하!! - 이,100000.0,KB마이핏통장,
하유진,2024-07-06,이체,저축,미분류,이선미(축하드려용),50000.0,KB마이핏통장,
하유진,2024-07-06,이체,이체,미분류,김범준,100000.0,KB마이핏통장,
하유진,2024-07-06,이체,이체,미분류,콘티_이현승,30000.0,KB마이핏통장,
천세원,2024-07-06,이체,투자,미분류,0204858040073,5500000.0,저축예금,
천세원,2024-07-06,이체,이체,미분류,이*우,50000.0,카카오페이 머니,
천세원,2024-07-06,이체,투자,미분류,송원재(출결혼!),150000.0,저축예금,
천세원,2024-07-06,이체,이체,미분류,진민우,70000.0,저축예금,
천세원,2024-07-06,이체,이체,미분류,윤*상,50000.0,카카오페이 머니,
천세원,2024-07-06,이체,이체,미분류,허*,100000.0,카카오페이 머니,
천세원,2024-07-06,이체,카드대금,미분류,농협승인컴퍼니주식회,-6620000.0,저축예금,
천세원,2024-07-06,이체,저축,미분류,결혼축하해!! -이,50000.0,저축예금,
천세원,2024-07-06,이체,이체,미분류,콘티_이현승,30000.0,저축예금,
천세원,2024-07-06,이체,저축,미분류,박종선 축의금,50000.0,저축예금,
천세원,2024-07-06,이체,이체,미분류,이승혁,100000.0,저축예금,
천세원,2024-07-06,이체,이체,미분류,정*현,50000.0,카카오페이 머니,
천세원,2024-07-06,수입,급여,미분류,정현우-결혼축하한다,100000.0,저축예금,
천세원,2024-07-06,이체,이체,미분류,김찬호,50000.0,저축예금,
천세원,2024-07-06,이체,이체,미분류,박종화,300000.0,저축예금,
천세원,2024-07-06,이체,이체,미분류,이태용,100000.0,저축예금,
천세원,2024-07-06,지출,자동차,주유,(주) 동인청사구도일주유소세종,-60000.0,세종 여민전 하나멤버스 1Q체크카드(후불교통),
천세원,2024-07-06,이체,투자,미분류,0204858040071,4250000.0,저축예금,
천세원,2024-07-06,지출,의료/건강,약국,바른약국,-28000.0,카드의 정석 POINT 주거래,
천세원,2024-07-06,이체,이체,미분류,이*림,100000.0,카카오페이 머니,
천세원,2024-07-06,이체,이체,미분류,이*영,200000.0,카카오페이 머니,
하유진,2024-07-07,이체,저축,미분류,유재표 축하드립니다,50000.0,KB마이핏통장,
하유진,2024-07-07,이체,이체,미분류,최*선,50000.0,카카오페이 머니,
천세원,2024-07-07,이체,저축,미분류,유재표 축하드립니다,50000.0,저축예금,
하유진,2024-07-07,이체,투자,미분류,콘티소예진,50000.0,KB마이핏통장,
하유진,2024-07-08,지출,술/유흥,미분류,BROOKLYN BREWERY                      \\,-11163.0,Trip to 로카,
하유진,2024-07-08,지출,여행/숙박,미분류,HYATT GRAND CENTRAL NY                \\,-814299.0,Trip to 로카,
하유진,2024-07-08,지출,의복/미용,미분류,FIVE GUYS 690                         \\,-48252.0,Trip to 로카,
하유진,2024-07-08,지출,술/유흥,미분류,BROOKLYN BREWERY                      \\,-11163.0,Trip to 로카,
하유진,2024-07-08,이체,저축,미분류,김민정-결혼축하해,50000.0,KB마이핏통장,
하유진,2024-07-08,이체,투자,미분류,콘티넨탈상조회,300000.0,KB마이핏통장,
하유진,2024-07-08,수입,급여,미분류,박형순-결혼 축하드,50000.0,KB마이핏통장,
하유진,2024-07-08,지출,의료/건강,미분류,CVS/PHARMACY #07019                   \\,-6125.0,Trip to 로카,
하유진,2024-07-08,지출,미분류,미분류,네이버페이,-321927.0,네이버 현대카드,
천세원,2024-07-08,이체,이체,미분류,박*,100000.0,카카오페이 머니,
천세원,2024-07-08,이체,투자,미분류,콘티넨탈상조회,300000.0,저축예금,
천세원,2024-07-08,수입,용돈,미분류,오상현/행복하게살길,100000.0,저축예금,
하유진,2024-07-09,지출,주거/통신,미분류,LG유플러스통신요금,-16500.0,네이버 현대카드,
하유진,2024-07-09,지출,식사,미분류,THE HALAL GUYS                        \\,-25752.0,Trip to 로카,
하유진,2024-07-09,지출,식사,미분류,PEAS AND PICKLES II                   \\,-11019.0,Trip to 로카,
하유진,2024-07-09,지출,식사,미분류,TIME OUT MARKET NY                    \\,-36354.0,Trip to 로카,
하유진,2024-07-09,지출,생활,미분류,DAWN'S TIL DUSK                       \\,-15902.0,Trip to 로카,
하유진,2024-07-09,지출,주거/통신,미분류,LG유플러스통신요금,-16150.0,네이버 현대카드,
하유진,2024-07-09,지출,카페/간식,미분류,BROAD NOSH BAGELS 58                  \\,-27361.0,Trip to 로카,
하유진,2024-07-10,지출,미분류,미분류,쿠팡,-23790.0,Deep ECO,
하유진,2024-07-10,이체,저축,미분류,김경희쿠팡복사지구매,25000.0,KB마이핏통장,
하유진,2024-07-10,지출,의복/미용,미분류,SUPREME                               \\,-245942.0,Trip to 로카,
하유진,2024-07-10,지출,의복/미용,미분류,TICKETMASTER N E OUTLETS              \\,-319725.0,Trip to 로카,
하유진,2024-07-10,지출,문화/여가,미분류,THE METROPOLITAN MUSEUM OF ART        \\,-83844.0,Trip to 로카,
하유진,2024-07-10,지출,카페/간식,미분류,THE RUM HOUSE                         \\,-90048.0,Trip to 로카,
하유진,2024-07-10,지출,의복/미용,미분류,EILEEN'S SPEC CHEESECAKE              \\,-23057.0,Trip to 로카,
하유진,2024-07-11,지출,여행/숙박,미분류,JETBLUE AIRWAYS 2104022,-48284.0,Trip to 로카,
하유진,2024-07-11,지출,의복/미용,미분류,SHG - NA                              \\,-41922.0,Trip to 로카,
하유진,2024-07-11,지출,식사,미분류,MANHATTAN LOBSTER PLACE               \\,-92815.0,Trip to 로카,
하유진,2024-07-11,지출,문화/여가,미분류,WB STUDIO ENTERPRISES INC.            \\,-20541.0,Trip to 로카,
하유진,2024-07-11,지출,의료/건강,미분류,CVS/PHARMACY #07019                   \\,-79134.0,Trip to 로카,
하유진,2024-07-11,지출,여행/숙박,미분류,JETBLUE AIRWAYS                       \\,-97818.0,Trip to 로카,
하유진,2024-07-11,지출,식사,미분류,CARNEGIE PIZZA                        \\,-21366.0,Trip to 로카,
천세원,2024-07-11,지출,교통,대중교통,교통-지하철1건,-1600.0,카드의 정석 POINT 주거래,
천세원,2024-07-11,지출,교통,대중교통,교통-버스2건,-4150.0,카드의 정석 POINT 주거래,
하유진,2024-07-11,지출,자동차,미분류,DB손해보험,-12590.0,네이버 현대카드,
하유진,2024-07-12,지출,여행/숙박,미분류,HOTEL HYATT ZIVA CANCUN               \\,-786820.0,Trip to 로카,
하유진,2024-07-12,이체,저축,미분류,CONTINENTA,400000.0,KB마이핏통장,
하유진,2024-07-12,이체,카드대금,미분류,현대카드대금,-3678280.0,KB마이핏통장,
천세원,2024-07-12,지출,여행/숙박,해외결제,트래블월렛,-274600.0,저축예금,
천세원,2024-07-12,이체,저축,미분류,CONTINENTA,400000.0,저축예금,
천세원,2024-07-12,이체,이체,미분류,고영호,-53133.0,저축예금,
하유진,2024-07-13,지출,식사,미분류,SUPER CHED CANCUN ZONA HOTELERA       \\,-236879.0,Trip to 로카,
하유진,2024-07-15,지출,여행/숙박,미분류,HOTEL XCARET ARTE LOBBY MXN           \\,-313916.0,Trip to 로카,
천세원,2024-07-15,지출,주거/통신,휴대폰,SKB구_티브로드),-16500.0,저축예금,
하유진,2024-07-15,이체,저축,미분류,사내근로복지기금,40000000.0,KB마이핏통장,
하유진,2024-07-16,이체,투자,미분류,한만정 행복한 가정,100000.0,KB마이핏통장,
천세원,2024-07-17,이체,이체,미분류,송*규,100000.0,카카오페이 머니,
천세원,2024-07-17,지출,자동차,통행료,에스엠하이플러스,-50000.0,카드의 정석 POINT 주거래,
하유진,2024-07-18,지출,미분류,미분류,쿠팡,-17120.0,Deep ECO,
하유진,2024-07-18,이체,투자,미분류,김경희쿠팡토레타,18000.0,KB마이핏통장,
하유진,2024-07-21,수입,금융수입,미분류,예금이자원가,0.0,잇(it)딴주머니통장,
하유진,2024-07-21,지출,문화/여가,미분류,AIRSHOP CONVENENCE STORE 7            \\,-6199.0,Trip to 로카,
하유진,2024-07-21,지출,미분류,미분류,네이버페이,-137210.0,네이버 현대카드,
하유진,2024-07-21,지출,식사,미분류,BUBBA GUMP                            \\,-56717.0,Trip to 로카,
하유진,2024-07-21,지출,문화/여가,미분류,AIRSHOP CONVENENCE STORE 9            \\,-38959.0,Trip to 로카,
천세원,2024-07-21,지출,패션/쇼핑,패션,HILTON GARDEN INN        BENITO JUAREZMX,-73257.0,갤러리아 체크카드,
하유진,2024-07-22,지출,여행/숙박,미분류,트립닷컴,274.0,네이버페이 간편결제(포인트),
하유진,2024-07-22,지출,여행/숙박,미분류,트립닷컴,-7764.0,네이버페이 간편결제,
하유진,2024-07-22,지출,여행/숙박,미분류,트립닷컴,-274.0,네이버페이 간편결제(포인트),
하유진,2024-07-22,지출,여행/숙박,미분류,트립닷컴,7764.0,네이버페이 간편결제,
천세원,2024-07-22,지출,교통,택시,유한회사 우티,100.0,갤러리아 체크카드,
천세원,2024-07-22,지출,교통,택시,유한회사 우티,-100.0,갤러리아 체크카드,
천세원,2024-07-22,지출,주거/통신,휴대폰,국민은행LiivM,-40490.0,KB국민 첵첵 체크카드(RF),
하유진,2024-07-22,지출,주거/통신,미분류,국민은행LiivM,-24100.0,KB마이핏통장,
하유진,2024-07-22,지출,교통,미분류,LYFT                                  \\,-140.0,Trip to 로카,
하유진,2024-07-22,지출,식사,미분류,KOI PALACE EXPRESS - ITG              \\,-7822.0,Trip to 로카,
하유진,2024-07-22,지출,미분류,미분류,네이버페이,7764.0,네이버 현대카드,
하유진,2024-07-22,지출,카페/간식,미분류,네이버페이,-7764.0,네이버 현대카드,
천세원,2024-07-22,지출,자동차,차량보험,DB손12107,-35950.0,저축예금,
하유진,2024-07-23,지출,미분류,미분류,쿠팡,-20500.0,Deep ECO,
천세원,2024-07-23,지출,자동차,주유,(주) 동인청사구도일주유소세종,-60000.0,세종 여민전 하나멤버스 1Q체크카드(후불교통),
천세원,2024-07-23,이체,이체,미분류,송금 내역,-2500.0,카카오페이 머니,
천세원,2024-07-23,지출,생활,편의점,세븐일레븐 세종새나루점,-4200.0,세종 여민전 하나멤버스 1Q체크카드(후불교통),
하유진,2024-07-23,이체,이체,미분류,송금 내역,-2500.0,카카오페이 머니,
하유진,2024-07-23,이체,투자,미분류,김경희쿠팡물구매비용,20500.0,KB마이핏통장,
천세원,2024-07-24,수입,급여,미분류,상여 콘티넨탈,2170122.0,저축예금,
천세원,2024-07-24,지출,식비,뷔페,(주)아워홈콘티넨탈세종점,-1300.0,세종 여민전 하나멤버스 1Q체크카드(후불교통),
천세원,2024-07-24,지출,교육/학습,학원/강의,주식회사 와이비엠넷,-114400.0,카카오페이 간편결제,
천세원,2024-07-24,지출,생활,생필품,세종전자담배마켓,-160000.0,세종 여민전 하나멤버스 1Q체크카드(후불교통),
하유진,2024-07-24,지출,카페/간식,미분류,주식회사 카카오,-990.0,카카오페이 간편결제,
하유진,2024-07-24,수입,급여,미분류,상여 콘티넨탈,2065142.0,KB마이핏통장,
하유진,2024-07-24,이체,이체,미분류,여민전,-100000.0,KB마이핏통장,
하유진,2024-07-24,지출,생활,미분류,이마트에브리데이세종캐슬점,-7900.0,네이버 현대카드,
하유진,2024-07-25,수입,급여,미분류,급여 콘티넨탈,3985171.0,KB마이핏통장,
하유진,2024-07-25,지출,주거/통신,미분류,아파트관리비,-168250.0,네이버 현대카드,
하유진,2024-07-25,지출,생활,미분류,한화손02건,-102105.0,KB마이핏통장,
천세원,2024-07-25,수입,기타수입,미분류,삼성834,1.0,저축예금,
천세원,2024-07-25,수입,급여,미분류,급여 콘티넨탈,4064849.0,저축예금,
천세원,2024-07-25,지출,생활,편의점,씨유(CU) 성,-3000.0,카드의 정석 POINT 주거래,
천세원,2024-07-25,지출,금융,보험,메리츠001건,-36120.0,저축예금,
천세원,2024-07-25,이체,카드대금,미분류,우리카드결제대금,-5750.0,저축예금,
천세원,2024-07-26,이체,이체,미분류,천우용,10000000.0,저축예금,
천세원,2024-07-26,이체,이체,미분류,천우용,10000000.0,저축예금,
천세원,2024-07-26,이체,이체,미분류,천우용,10000000.0,저축예금,
천세원,2024-07-26,이체,내계좌이체,미분류,천세원청약76,-100000.0,저축예금,
천세원,2024-07-26,이체,내계좌이체,미분류,입금 내역,100000.0,주택청약종합저축,
천세원,2024-07-26,이체,이체,미분류,천우용,10000000.0,저축예금,
하유진,2024-07-26,지출,의복/미용,미분류,주_카카오스타일,-23730.0,네이버 현대카드,
하유진,2024-07-26,이체,이체,미분류,송금 내역,-14142.0,카카오페이 머니,
천세원,2024-07-26,지출,자동차,주유,(주) 동인청사구도일주유소세종,-50000.0,세종 여민전 하나멤버스 1Q체크카드(후불교통),
천세원,2024-07-26,이체,이체,미분류,송금 내역,-14142.0,카카오페이 머니,
하유진,2024-07-27,이체,이체,미분류,천세원,40000000.0,KB마이핏통장,
천세원,2024-07-27,지출,금융,세금/과태료,국민하유진,-40000000.0,저축예금,
천세원,2024-07-27,이체,이체,미분류,천우용,10000000.0,저축예금,
천세원,2024-07-27,이체,이체,미분류,천우용,10000000.0,저축예금,
천세원,2024-07-27,이체,이체,미분류,천우용,10000000.0,저축예금,
천세원,2024-07-27,이체,이체,미분류,천우용,10000000.0,저축예금,
천세원,2024-07-27,지출,문화/여가,스포츠,(주)한화갤러리,-7000.0,갤러리아 체크카드,
천세원,2024-07-27,이체,이체,미분류,농협김정미,-3856000.0,저축예금,
천세원,2024-07-27,지출,카페/간식,커피/음료,공차 대전충남대,-9700.0,카드의 정석 POINT 주거래,
천세원,2024-07-27,지출,생활,마트,이마트 에브리데,-10410.0,카드의 정석 POINT 주거래,
천세원,2024-07-27,이체,내계좌이체,미분류,천세원,1000000.0,저축예금,
천세원,2024-07-27,이체,내계좌이체,미분류,천세원,-1000000.0,KB마이핏통장,
천세원,2024-07-27,수입,금융수입,미분류,이자,0.0,MY 입출금통장,
천세원,2024-07-27,이체,내계좌이체,미분류,천세원,500000.0,저축예금,
하유진,2024-07-27,수입,금융수입,미분류,이자,0.0,MY 입출금통장,
하유진,2024-07-27,이체,저축,미분류,정기이자 입금,1.0,세이프박스,
하유진,2024-07-27,수입,금융수입,미분류,입출금통장 이자,5.0,입출금통장,
천세원,2024-07-28,지출,식비,치킨,장작집,-38500.0,카드의 정석 POINT 주거래,
천세원,2024-07-28,이체,이체,미분류,천우용,10000000.0,저축예금,
천세원,2024-07-28,지출,생활,생필품,주식회사 아성다,-6000.0,카드의 정석 POINT 주거래,
하유진,2024-07-29,이체,이체,미분류,천세원,40000000.0,KB마이핏통장,
하유진,2024-07-29,이체,카드대금,미분류,BC바로카드,-306614.0,KB마이핏통장,
천세원,2024-07-29,이체,이체,미분류,지성경,5000000.0,저축예금,
천세원,2024-07-29,이체,미분류,미분류,입금 내역,6090100.0,KB마이핏통장,
하유진,2024-07-29,지출,생활,미분류,마켓세종,-25800.0,네이버 현대카드,
천세원,2024-07-29,지출,자동차,주유,주식회사 동인청,-50000.0,갤러리아 체크카드,
천세원,2024-07-29,지출,금융,세금/과태료,국민하유진,-40000000.0,저축예금,
천세원,2024-07-29,지출,금융,세금/과태료,국민하유진,-100000000.0,저축예금,
천세원,2024-07-29,지출,온라인쇼핑,결제/충전,엔에이치엔케이씨피 주식회사,-118300.0,카카오페이 간편결제,
천세원,2024-07-29,이체,이체,미분류,지성경,5000000.0,저축예금,
하유진,2024-07-29,이체,이체,미분류,천세원,100000000.0,KB마이핏통장,
천세원,2024-07-29,이체,내계좌이체,미분류,퇴직연금-천세원,-100000.0,저축예금,
천세원,2024-07-30,지출,카페/간식,커피/음료,블루홈,-21600.0,네이버페이 간편결제,
천세원,2024-07-30,지출,생활,생활서비스,세종특별자치시청,-200.0,KB국민 첵첵 체크카드(RF),
하유진,2024-07-30,이체,투자,미분류,김경희쿠팡구매,71000.0,KB마이핏통장,
하유진,2024-07-30,지출,미분류,미분류,쿠팡,-70520.0,Deep ECO,
천세원,2024-07-30,지출,카페/간식,커피/음료,컴포즈커피 세종시청점,-3000.0,KB국민 첵첵 체크카드(RF),
하유진,2024-07-30,이체,이체,미분류,신한한국토지주택공사세종,-34257630.0,KB마이핏통장,
하유진,2024-07-30,이체,이체,미분류,신한한국토지주택공사세종,-100000000.0,KB마이핏통장,
하유진,2024-07-30,지출,미분류,미분류,지자체세입금(인터넷),-1617550.0,네이버 현대카드,
천세원,2024-07-30,지출,생활,마트,주식회사마켓세종,-42500.0,카드의 정석 POINT 주거래,
하유진,2024-07-30,이체,미분류,미분류,한국토지주택공사세종,-363000.0,KB마이핏통장,
하유진,2024-07-30,이체,미분류,미분류,한국토지주택공사세종,-100000000.0,KB마이핏통장,
천세원,2024-07-31,지출,식비,한식,대독장 새롬점,-19000.0,카드의 정석 POINT 주거래,
천세원,2024-07-31,지출,자동차,정비/수리,현대자동차오송서,-142600.0,카드의 정석 POINT 주거래,
천세원,2024-07-31,지출,주거/통신,월세,LH2024년07월,-79030.0,저축예금,
천세원,2024-07-31,지출,문화/여가,게임,1207-1510,-84510.0,저축예금,
천세원,2024-07-31,지출,패션/쇼핑,아울렛/몰,취미는 쇼핑,-164900.0,네이버페이 간편결제,
하유진,2024-08-01,이체,이체,미분류,여민전,-200000.0,KB마이핏통장,
하유진,2024-08-01,지출,자동차,미분류,인터넷상거래,-237000.0,네이버 현대카드,
하유진,2024-08-01,이체,미분류,미분류,출금 내역,-700000.0,KB마이핏통장,
하유진,2024-08-01,이체,카드대금,미분류,롯데카드,-86.0,NH1934우대통장(저축예금),
하유진,2024-08-01,이체,카드대금,미분류,신한카드,-227260.0,KB마이핏통장,
천세원,2024-08-01,이체,미분류,미분류,출금 내역,-700000.0,KB마이핏통장,
천세원,2024-08-01,지출,주거/통신,휴대폰,0204252990116,-400000.0,저축예금,
하유진,2024-08-01,지출,미분류,미분류,현대카드주식회사,-237000.0,네이버페이 간편결제,
천세원,2024-08-01,지출,주거/통신,휴대폰,0204252990108,-700000.0,저축예금,
천세원,2024-08-01,이체,이체,미분류,여민전,-200000.0,저축예금,
천세원,2024-08-01,지출,식비,식재료,퍼주고또퍼주는집,-20000.0,카드의 정석 POINT 주거래,
천세원,2024-08-01,지출,자동차,주유,동대구터미널주유,-50000.0,갤러리아 체크카드,
천세원,2024-08-01,지출,주거/통신,휴대폰,0204252990114,-1000000.0,저축예금,
천세원,2024-08-02,이체,내계좌이체,미분류,천세원,-1000000.0,KB마이핏통장,
하유진,2024-08-02,이체,이체,미분류,송금 내역,-464000.0,카카오페이 머니,
천세원,2024-08-02,이체,내계좌이체,미분류,천세원,1000000.0,저축예금,
천세원,2024-08-02,지출,온라인쇼핑,인터넷쇼핑,G마켓_일반,-33910.0,우리페이 계좌결제 서비스,
천세원,2024-08-03,지출,식비,한식,두끼 세종새롬점,-21800.0,세종 여민전 하나멤버스 1Q체크카드(후불교통),
하유진,2024-08-04,지출,식사,미분류,네이버페이,-23606.0,네이버 현대카드,
하유진,2024-08-04,지출,미분류,미분류,십일번가 주식회사,-9820.0,카카오페이 간편결제,
하유진,2024-08-04,지출,의복/미용,미분류,헤트라스,-2194.0,네이버페이 간편결제(포인트),
천세원,2024-08-04,지출,생활,마트,(주)마켓세종,-37180.0,세종 여민전 하나멤버스 1Q체크카드(후불교통),
하유진,2024-08-04,지출,의복/미용,미분류,헤트라스,-23606.0,네이버페이 간편결제,
천세원,2024-08-05,이체,내계좌이체,미분류,한화천세원,182903.0,저축예금,
천세원,2024-08-05,지출,자동차,통행료,에스엠하이플러스,-50000.0,카드의 정석 POINT 주거래,
하유진,2024-08-05,지출,미분류,미분류,(주)케이지이니시스,-7600.0,카카오페이 간편결제,
하유진,2024-08-05,이체,미분류,미분류,롯데카드하유진,-1788575.0,KB마이핏통장,
하유진,2024-08-05,이체,미분류,미분류,한화하유진,182903.0,KB마이핏통장,
하유진,2024-08-05,지출,식사,미분류,아워홈콘티넨탈세종점,-3000.0,네이버 현대카드,
하유진,2024-08-06,이체,미분류,미분류,입금 내역,18516490.0,KB마이핏통장,
하유진,2024-08-07,이체,이체,미분류,김경희,20000.0,KB마이핏통장,
하유진,2024-08-07,지출,문화/여가,미분류,ALIPAY CONNECT PTE. LTD,-50407.0,카카오페이 간편결제,
하유진,2024-08-07,지출,미분류,미분류,쿠팡,-17120.0,Deep ECO,
천세원,2024-08-08,지출,카페/간식,커피/음료,복도리 협동조합,-10000.0,세종 여민전 하나멤버스 1Q체크카드(후불교통),
천세원,2024-08-09,지출,교통,대중교통,주식회사 지바이크,170.0,카카오페이 간편결제,
천세원,2024-08-09,지출,교통,대중교통,주식회사 지바이크,-170.0,카카오페이 간편결제,
천세원,2024-08-09,지출,생활,편의점,씨유(CU) 세종행복점,-4400.0,세종 여민전 하나멤버스 1Q체크카드(후불교통),
하유진,2024-08-09,지출,카페/간식,미분류,뚜레쥬르 세종소담점,-24300.0,네이버페이 간편결제(머니),
하유진,2024-08-09,이체,미분류,미분류,충전 내역,30000.0,네이버페이 머니,
하유진,2024-08-09,지출,주거/통신,미분류,LG유플러스통신요금,-16150.0,네이버 현대카드,
하유진,2024-08-09,지출,주거/통신,미분류,LG유플러스통신요금,-16500.0,네이버 현대카드,
하유진,2024-08-09,이체,이체,미분류,네이버페이결제,-30000.0,KB마이핏통장,
하유진,2024-08-10,이체,미분류,미분류,입금 내역,6099.0,KB마이핏통장,
하유진,2024-08-10,지출,문화/여가,미분류,스페이스(SPACE),-26400.0,KB마이핏통장,
천세원,2024-08-10,지출,식비,배달,주식회사 우아한형제들,-18600.0,카카오페이 간편결제,
천세원,2024-08-10,이체,미분류,미분류,입금 내역,616.0,KB마이핏통장,
천세원,2024-08-11,지출,식비,한식,송기원진주냉면 세종부강점,-26000.0,세종 여민전 하나멤버스 1Q체크카드(후불교통),
천세원,2024-08-12,이체,이체,미분류,여민전,-100000.0,저축예금,
천세원,2024-08-12,지출,자동차,주유,행복주유소,-60000.0,세종 여민전 하나멤버스 1Q체크카드(후불교통),
천세원,2024-08-12,이체,내계좌이체,미분류,한화천세원,76798.0,저축예금,
하유진,2024-08-12,이체,이체,미분류,송금 내역,-56500.0,카카오페이 머니,
천세원,2024-08-12,이체,이체,미분류,송금 내역,-2500.0,카카오페이 머니,
하유진,2024-08-12,이체,이체,미분류,송금 내역,-2500.0,카카오페이 머니,
하유진,2024-08-12,지출,주거/통신,미분류,콘티넨탈타이어코리아,-307648.0,KB마이핏통장,
하유진,2024-08-12,이체,미분류,미분류,한화하유진,13200.0,KB마이핏통장,
하유진,2024-08-12,이체,카드대금,미분류,현대카드대금,-8246387.0,KB마이핏통장,
천세원,2024-08-12,이체,이체,미분류,송금 내역,-56500.0,카카오페이 머니,
하유진,2024-08-12,지출,자동차,미분류,DB손해보험,-12590.0,네이버 현대카드,
하유진,2024-08-13,지출,미분류,미분류,쿠팡,-17920.0,Deep ECO,
하유진,2024-08-13,이체,이체,미분류,송금 내역,-5000.0,카카오페이 머니,
하유진,2024-08-13,이체,투자,미분류,김경희쿠팡토레타구매,20000.0,KB마이핏통장,
하유진,2024-08-13,지출,식사,미분류,코스트코코리아,-70450.0,네이버 현대카드,
천세원,2024-08-13,이체,이체,미분류,송금 내역,-2500.0,카카오페이 머니,
천세원,2024-08-13,지출,생활,마트,(주)마켓세종,-41350.0,세종 여민전 하나멤버스 1Q체크카드(후불교통),
하유진,2024-08-14,이체,이체,미분류,박*훈,50000.0,카카오페이 머니,
천세원,2024-08-14,이체,이체,미분류,송금 내역,-2500.0,카카오페이 머니,
하유진,2024-08-15,지출,문화/여가,미분류,ALIPAY CONNECT PTE. LTD,-140.0,카카오페이 간편결제,
하유진,2024-08-15,이체,미분류,미분류,(주)제이티네트웍스,-105000.0,KB마이핏통장,
천세원,2024-08-15,이체,이체,미분류,여민전,-100000.0,저축예금,
천세원,2024-08-15,지출,뷰티/미용,헤어샵,새롬동미용실,-21000.0,세종 여민전 하나멤버스 1Q체크카드(후불교통),
하유진,2024-08-15,이체,이체,미분류,여민전,-100000.0,KB마이핏통장,
하유진,2024-08-16,이체,이체,미분류,송금 내역,-2500.0,카카오페이 머니,
천세원,2024-08-16,이체,저축,미분류,CONTINENTA,162560.0,저축예금,
천세원,2024-08-16,지출,카페/간식,커피/음료,복도리 협동조합,-10000.0,세종 여민전 하나멤버스 1Q체크카드(후불교통),
천세원,2024-08-16,이체,이체,미분류,박*용,2500.0,카카오페이 머니,
천세원,2024-08-16,이체,이체,미분류,곽*경,2500.0,카카오페이 머니,
천세원,2024-08-16,이체,이체,미분류,하*진,2500.0,카카오페이 머니,
천세원,2024-08-16,지출,주거/통신,휴대폰,SKB구_티브로드),-16500.0,저축예금,
천세원,2024-08-18,지출,생활,편의점,이마트24 대전도마경남점,-1800.0,KB국민 첵첵 체크카드(RF),
천세원,2024-08-18,지출,카페/간식,커피/음료,카페 듀플렉스(,-49500.0,카드의 정석 POINT 주거래,
하유진,2024-08-18,지출,카페/간식,미분류,042커피배재대점,-2000.0,네이버 현대카드,
하유진,2024-08-18,이체,투자,미분류,김경희피자비용,23500.0,KB마이핏통장,
하유진,2024-08-18,수입,금융수입,미분류,예금이자원가,0.0,잇(it)딴주머니통장,
하유진,2024-08-18,지출,식사,미분류,(주)우아한형제들,-23500.0,네이버페이 간편결제(포인트),
천세원,2024-08-19,지출,식비,패스트푸드,노브랜드버거  세종새롬점,-13200.0,세종 여민전 하나멤버스 1Q체크카드(후불교통),
하유진,2024-08-19,지출,식사,미분류,아워홈콘티넨탈세종점,-1200.0,네이버 현대카드,
하유진,2024-08-19,이체,투자,미분류,김경희쿠팡책구매,25320.0,KB마이핏통장,
하유진,2024-08-19,지출,식사,미분류,롯데리아세종새롬점,-3400.0,네이버 현대카드,
하유진,2024-08-19,지출,미분류,미분류,쿠팡,-25320.0,Deep ECO,
하유진,2024-08-19,지출,문화/여가,미분류,ALIPAY CONNECT PTE. LTD,-15352.0,카카오페이 간편결제,
천세원,2024-08-20,지출,생활,생필품,세종전자담배마켓,-80000.0,세종 여민전 하나멤버스 1Q체크카드(후불교통),
천세원,2024-08-20,이체,내계좌이체,미분류,농협천세원(세종특별,-7700.0,저축예금,
하유진,2024-08-20,지출,식사,미분류,아워홈콘티넨탈세종점,-1200.0,네이버 현대카드,
하유진,2024-08-20,지출,미분류,미분류,KICC_ARS결제,-120000.0,네이버 현대카드,
천세원,2024-08-20,지출,식비,양식,(주)아워홈 콘티넨탈 세종점,-1300.0,KB국민 첵첵 체크카드(RF),
천세원,2024-08-21,지출,주거/통신,휴대폰,국민은행LiivM,-117280.0,KB국민 첵첵 체크카드(RF),
천세원,2024-08-21,지출,자동차,차량보험,DB손12208,-35950.0,저축예금,
하유진,2024-08-21,지출,주거/통신,미분류,국민은행LiivM,-37300.0,KB국민 nori 체크카드(RF),
하유진,2024-08-21,지출,식사,미분류,아워홈콘티넨탈세종점,-1200.0,네이버 현대카드,
천세원,2024-08-22,지출,뷰티/미용,화장품,CJ올리브영 세종새롬점,-4500.0,세종 여민전 하나멤버스 1Q체크카드(후불교통),
하유진,2024-08-22,이체,이체,미분류,온뱅크예탁금 해지,51903500.0,자립예탁금,
하유진,2024-08-23,이체,투자,미분류,예금51049211,41302840.0,NH1934우대통장(저축예금),
하유진,2024-08-23,수입,급여,미분류,급여 콘티넨탈,3924384.0,KB마이핏통장,
하유진,2024-08-23,지출,미분류,미분류,DB손해보험,18323.0,네이버 현대카드,
천세원,2024-08-23,수입,급여,미분류,급여 콘티넨탈,4047397.0,저축예금,
천세원,2024-08-23,지출,식비,일식,모미지 세종나성점,-87500.0,세종 여민전 하나멤버스 1Q체크카드(후불교통),
천세원,2024-08-23,지출,문화/여가,음악,(주)빅토 코인홀릭동전노래연습장,-5000.0,세종 여민전 하나멤버스 1Q체크카드(후불교통),
천세원,2024-08-23,지출,문화/여가,음악,(주)빅토 코인홀릭동전노래연습장,-5000.0,세종 여민전 하나멤버스 1Q체크카드(후불교통),
천세원,2024-08-24,지출,식비,배달,주식회사 우아한형제들,-39800.0,카카오페이 간편결제,
하유진,2024-08-24,수입,금융수입,미분류,이자,0.0,MY 입출금통장,
하유진,2024-08-24,지출,카페/간식,미분류,주식회사 카카오,-990.0,카카오페이 간편결제,
하유진,2024-08-24,지출,미분류,미분류,쿠팡,-24940.0,Deep ECO,
하유진,2024-08-24,지출,문화/여가,미분류,ALIPAY CONNECT PTE. LTD,-7983.0,카카오페이 간편결제,
하유진,2024-08-24,수입,금융수입,미분류,입출금통장 이자,5.0,입출금통장,
하유진,2024-08-24,이체,저축,미분류,정기이자 입금,1.0,세이프박스,
천세원,2024-08-24,지출,카페/간식,아이스크림/빙수,요거트 아이스크,-14500.0,카드의 정석 POINT 주거래,
천세원,2024-08-24,수입,금융수입,미분류,이자,0.0,MY 입출금통장,
하유진,2024-08-25,지출,미분류,미분류,G마켓,-36840.0,Deep ECO,
하유진,2024-08-25,지출,미분류,미분류,지자체세입금(S),-7700.0,네이버 현대카드,
하유진,2024-08-26,이체,현금,미분류,현대카드,54970.0,KB마이핏통장,
천세원,2024-08-26,이체,저축,미분류,카드매출취소환급,725.0,저축예금,
하유진,2024-08-26,지출,생활,미분류,한화손02건,-102105.0,KB마이핏통장,
천세원,2024-08-26,지출,식비,패스트푸드,써브웨이 세종새,-12600.0,카드의 정석 POINT 주거래,
천세원,2024-08-26,이체,이체,미분류,송금 내역,-5000.0,카카오페이 머니,
천세원,2024-08-26,이체,내계좌이체,미분류,천세원청약77,-100000.0,저축예금,
천세원,2024-08-26,이체,내계좌이체,미분류,입금 내역,100000.0,주택청약종합저축,
천세원,2024-08-26,지출,금융,보험,메리츠001건,-36120.0,저축예금,
하유진,2024-08-27,지출,주거/통신,미분류,아파트관리비,-170200.0,네이버 현대카드,
천세원,2024-08-27,지출,자동차,주유,주식회사 동인청,-30000.0,카드의 정석 POINT 주거래,
하유진,2024-08-27,이체,카드대금,미분류,BC바로카드,-545926.0,KB마이핏통장,
천세원,2024-08-27,이체,내계좌이체,미분류,퇴직연금-천세원,-100000.0,저축예금,
하유진,2024-08-28,이체,이체,미분류,송금 내역,-1700.0,카카오페이 머니,
천세원,2024-08-28,지출,식비,일식,주누돈까스.냉면,-22000.0,카드의 정석 POINT 주거래,
하유진,2024-08-28,지출,미분류,미분류,쿠팡,-17920.0,Deep ECO,
하유진,2024-08-28,이체,투자,미분류,김경희쿠팡토레타구매,20000.0,KB마이핏통장,
하유진,2024-08-28,지출,자동차,미분류,(주)케이알산업입장(상)휴게소,-6000.0,네이버 현대카드,
천세원,2024-08-28,이체,이체,미분류,송금 내역,-600.0,카카오페이 머니,
천세원,2024-08-28,지출,패션/쇼핑,백화점,AK플라자 분당,-10000.0,카드의 정석 POINT 주거래,
하유진,2024-08-28,지출,미분류,미분류,메리츠화재해상보험주식회사,-732890.0,KB국민 nori 체크카드(RF),
천세원,2024-08-29,이체,이체,미분류,송금 내역,-2500.0,카카오페이 머니,
하유진,2024-08-29,이체,이체,미분류,송금 내역,-2500.0,카카오페이 머니,
천세원,2024-08-29,이체,이체,미분류,송금 내역,-7400.0,카카오페이 머니,
하유진,2024-08-30,지출,문화/여가,미분류,STEAM PURCHASE,-25363.0,KB국민 nori 체크카드(RF),
하유진,2024-08-30,지출,여행/숙박,미분류,비자해외승인대금출금,-27139.0,KB마이핏통장,
하유진,2024-08-30,지출,미분류,미분류,NHNKCP,-1000.0,네이버페이 간편결제,
하유진,2024-08-30,지출,교통,미분류,KCP결제_1,-1000.0,네이버 현대카드,
하유진,2024-08-31,이체,이체,미분류,송금 내역,-2500.0,카카오페이 머니,
하유진,2024-08-31,이체,투자,미분류,김경희쿠팡구매,51000.0,KB마이핏통장,
하유진,2024-08-31,이체,이체,미분류,여민전,-100000.0,KB마이핏통장,
천세원,2024-08-31,지출,카페/간식,커피/음료,메가엠지씨커피 세종나성점,-7100.0,카카오페이 간편결제,
천세원,2024-08-31,이체,이체,미분류,송금 내역,-2500.0,카카오페이 머니,
천세원,2024-08-31,지출,식비,배달,주식회사 우아한형제들,-22790.0,카카오페이 간편결제,
하유진,2024-08-31,지출,미분류,미분류,쿠팡,-50080.0,Deep ECO,
천세원,2024-09-01,지출,식비,치킨,갓 튀긴 후라이드,-13500.0,세종 여민전 하나멤버스 1Q체크카드(후불교통),
천세원,2024-09-01,이체,이체,미분류,여민전,-100000.0,저축예금,
천세원,2024-09-01,이체,이체,미분류,여민전,-100000.0,저축예금,
하유진,2024-09-01,수입,급여,미분류,김경희사무실잡화,35000.0,KB마이핏통장,
하유진,2024-09-01,이체,저축,미분류,김경희쿠팡물구매,30000.0,KB마이핏통장,
하유진,2024-09-01,지출,미분류,미분류,쿠팡,-29520.0,Deep ECO,
하유진,2024-09-01,지출,미분류,미분류,쿠팡,-34690.0,Deep ECO,
하유진,2024-09-01,지출,생활,미분류,마켓세종,-10200.0,네이버 현대카드,
하유진,2024-09-01,이체,이체,미분류,여민전,-200000.0,KB마이핏통장,
하유진,2024-09-02,지출,자동차,미분류,인터넷상거래,-63520.0,네이버 현대카드,
천세원,2024-09-02,지출,온라인쇼핑,인터넷쇼핑,주식회사블랙빈,-63520.0,우리페이 계좌결제 서비스,
하유진,2024-09-02,지출,식사,미분류,장호덕손만두,-18000.0,KB마이핏통장,
하유진,2024-09-02,이체,카드대금,미분류,신한카드,-143180.0,KB마이핏통장,
하유진,2024-09-02,지출,자동차,미분류,인터넷상거래,-51340.0,네이버 현대카드,
하유진,2024-09-02,이체,카드대금,미분류,롯데카드2409,-123010.0,KB마이핏통장,
천세원,2024-09-02,지출,식비,중식,차이니스루,-75000.0,세종 여민전 하나멤버스 1Q체크카드(후불교통),
하유진,2024-09-02,지출,미분류,미분류,현대카드주식회사,-51340.0,네이버페이 간편결제,
천세원,2024-09-02,지출,주거/통신,월세,LH2024년08월,-79030.0,저축예금,
천세원,2024-09-02,지출,문화/여가,게임,1207-1510,-91740.0,저축예금,
하유진,2024-09-03,지출,식사,미분류,요기요,-22400.0,네이버페이 간편결제(포인트),
천세원,2024-09-03,지출,생활,생필품,세종전자담배마켓,-80000.0,세종 여민전 하나멤버스 1Q체크카드(후불교통),
하유진,2024-09-03,지출,식사,미분류,아워홈콘티넨탈세종점,-1200.0,네이버 현대카드,
천세원,2024-09-03,이체,이체,미분류,여민전,-100000.0,저축예금,
하유진,2024-09-04,이체,이체,미분류,송금 내역,-12500.0,카카오페이 머니,
천세원,2024-09-04,이체,이체,미분류,김*영,12500.0,카카오페이 머니,
천세원,2024-09-04,이체,이체,미분류,하*진,12500.0,카카오페이 머니,
천세원,2024-09-04,이체,이체,미분류,김*수,12500.0,카카오페이 머니,
천세원,2024-09-04,이체,이체,미분류,박*용,12500.0,카카오페이 머니,
천세원,2024-09-04,이체,이체,미분류,송금 내역,-2500.0,카카오페이 머니,
천세원,2024-09-04,지출,생활,마트,(주)마켓세종,-17700.0,세종 여민전 하나멤버스 1Q체크카드(후불교통),
천세원,2024-09-04,이체,이체,미분류,신*수,12500.0,카카오페이 머니,
하유진,2024-09-05,지출,식사,미분류,아워홈콘티넨탈세종점,-1200.0,네이버 현대카드,
천세원,2024-09-05,지출,자동차,주유,(주) 동인청사구도일주유소세종,-60000.0,세종 여민전 하나멤버스 1Q체크카드(후불교통),
천세원,2024-09-05,이체,이체,미분류,여민전,-100000.0,저축예금,
천세원,2024-09-06,지출,온라인쇼핑,인터넷쇼핑,린클 공식 스토어,-539600.0,네이버페이 간편결제,
천세원,2024-09-06,지출,생활,편의점,GS25세종캐슬,-13740.0,카드의 정석 POINT 주거래,
천세원,2024-09-06,지출,식비,배달,주식회사 우아한형제들,-37990.0,카카오페이 간편결제,
천세원,2024-09-06,지출,식비,패스트푸드,프랭크버거 세종나성점,-18800.0,세종 여민전 하나멤버스 1Q체크카드(후불교통),
천세원,2024-09-06,지출,온라인쇼핑,인터넷쇼핑,린클 공식 스토어,-30400.0,네이버페이 간편결제(포인트),
하유진,2024-09-06,이체,미분류,미분류,네이버페이충전,-40000.0,KB마이핏통장,
하유진,2024-09-06,이체,미분류,미분류,충전 내역,40000.0,네이버페이 머니,
하유진,2024-09-06,지출,식사,미분류,(주)우아한형제들,-20508.0,네이버페이 간편결제(포인트),
하유진,2024-09-06,지출,식사,미분류,(주)우아한형제들,-43492.0,네이버페이 간편결제(머니),
천세원,2024-09-06,지출,식비,배달,주식회사 우아한형제들,37990.0,카카오페이 간편결제,
천세원,2024-09-07,지출,생활,마트,(주)이마트세종,-70080.0,카드의 정석 POINT 주거래,
하유진,2024-09-09,지출,주거/통신,미분류,LG유플러스통신요금,-15960.0,네이버 현대카드,
하유진,2024-09-09,지출,주거/통신,미분류,LG유플러스통신요금,-16150.0,네이버 현대카드,
하유진,2024-09-10,지출,미분류,미분류,G마켓,-199000.0,Deep ECO,
하유진,2024-09-10,지출,문화/여가,미분류,ALIPAY CONNECT PTE. LTD,-37360.0,카카오페이 간편결제,
하유진,2024-09-10,이체,저축,미분류,카카오(c),1350.0,KB마이핏통장,
하유진,2024-09-10,이체,저축,미분류,카카오(c),1350.0,KB마이핏통장,
하유진,2024-09-10,지출,미분류,미분류,G마켓,-1649000.0,Deep ECO,
하유진,2024-09-10,지출,식사,미분류,네이버페이,-21418.0,네이버 현대카드,
하유진,2024-09-10,이체,이체,미분류,천세원,1000000.0,KB마이핏통장,
천세원,2024-09-10,지출,금융,세금/과태료,국민하유진,-1000000.0,저축예금,
하유진,2024-09-10,지출,생활,미분류,폴리보이코리아,-2208.0,네이버페이 간편결제(머니),
천세원,2024-09-10,지출,온라인쇼핑,인터넷쇼핑,ALIPAY CONNECT PTE. LTD,-37360.0,카카오페이 간편결제,
하유진,2024-09-10,지출,생활,미분류,폴리보이코리아,-5434.0,네이버페이 간편결제(포인트),
하유진,2024-09-10,지출,생활,미분류,폴리보이코리아,-21418.0,네이버페이 간편결제,
하유진,2024-09-11,이체,이체,미분류,송금 내역,-15000.0,카카오페이 머니,
천세원,2024-09-11,수입,급여,미분류,상여 콘티넨탈,1897572.0,저축예금,
하유진,2024-09-11,지출,자동차,미분류,DB손해보험,-13260.0,네이버 현대카드,
하유진,2024-09-11,수입,급여,미분류,상여 콘티넨탈,1785662.0,KB마이핏통장,
천세원,2024-09-11,이체,이체,미분류,송금 내역,-2500.0,카카오페이 머니,
하유진,2024-09-11,이체,이체,미분류,송금 내역,-2500.0,카카오페이 머니,
천세원,2024-09-11,이체,이체,미분류,송금 내역,-15000.0,카카오페이 머니,
하유진,2024-09-11,지출,문화/여가,미분류,ALIPAY CONNECT PTE. LTD,-6657.0,카카오페이 간편결제,
천세원,2024-09-12,이체,저축,미분류,UNITED AIR,414000.0,저축예금,
천세원,2024-09-12,지출,여행/숙박,항공권,에어로케이항공,-586000.0,우리페이 계좌결제 서비스,
하유진,2024-09-12,이체,카드대금,미분류,현대카드대금,-693196.0,KB마이핏통장,
천세원,2024-09-12,지출,생활,마트,(주)마켓세종,-7900.0,세종 여민전 하나멤버스 1Q체크카드(후불교통),
하유진,2024-09-12,지출,미분류,미분류,KICC_ARS결제,-120000.0,네이버 현대카드,
천세원,2024-09-12,이체,이체,미분류,송금 내역,-1300.0,카카오페이 머니,
하유진,2024-09-12,이체,이체,미분류,송금 내역,-1200.0,카카오페이 머니,
천세원,2024-09-13,이체,저축,미분류,CONTINENTA,148340.0,저축예금,
천세원,2024-09-13,지출,여행/숙박,항공권,092U335305487,-800000.0,저축예금,
천세원,2024-09-13,지출,금융,보험,DB손해보험,-9810.0,저축예금,
천세원,2024-09-13,이체,이체,미분류,송금 내역,-2500.0,카카오페이 머니,
하유진,2024-09-13,이체,이체,미분류,송금 내역,-2500.0,카카오페이 머니,
하유진,2024-09-13,지출,문화/여가,미분류,오잉코인노래연습장,-5000.0,네이버 현대카드,
하유진,2024-09-13,이체,저축,미분류,CONTINENTA,20000.0,KB마이핏통장,
천세원,2024-09-13,지출,생활,편의점,지에스25 세종나성점,-700.0,세종 여민전 하나멤버스 1Q체크카드(후불교통),
천세원,2024-09-13,지출,식비,고기,한성양꼬치 양갈비,-89000.0,세종 여민전 하나멤버스 1Q체크카드(후불교통),
하유진,2024-09-13,이체,투자,미분류,김경희쿠팡구매,90000.0,KB마이핏통장,
하유진,2024-09-13,지출,미분류,미분류,쿠팡,-89620.0,Deep ECO,
천세원,2024-09-14,지출,생활,마트,세종중앙농협 새뜸지점,-4980.0,세종 여민전 하나멤버스 1Q체크카드(후불교통),
천세원,2024-09-14,지출,카페/간식,커피/음료,메가엠지씨커피 세종첫마을점,-4000.0,세종 여민전 하나멤버스 1Q체크카드(후불교통),
천세원,2024-09-15,지출,자동차,주유,동도주유소,-40000.0,카드의 정석 POINT 주거래,
천세원,2024-09-16,지출,생활,편의점,세븐일레븐 일산,-12600.0,카드의 정석 POINT 주거래,
천세원,2024-09-17,지출,자동차,주유,운정드림주유소,-60000.0,갤러리아 체크카드,
천세원,2024-09-17,지출,카페/간식,커피/음료,하이오커피 금화,-17600.0,카드의 정석 POINT 주거래,
하유진,2024-09-18,이체,투자,미분류,김경희쿠팡구매,26000.0,KB마이핏통장,
하유진,2024-09-18,지출,생활,미분류,이마트세종점,-110810.0,네이버 현대카드,
하유진,2024-09-18,지출,미분류,미분류,쿠팡,-25970.0,Deep ECO,
하유진,2024-09-19,지출,미분류,미분류,쿠팡,19160.0,Deep ECO,
천세원,2024-09-19,지출,주거/통신,휴대폰,SKB구_티브로드),-49500.0,저축예금,
하유진,2024-09-19,지출,의복/미용,미분류,롯데백화점대전점,-3150.0,네이버 현대카드,
천세원,2024-09-19,지출,생활,가구/가전,(주)신성전자,-1500000.0,카드의 정석 POINT 주거래,
천세원,2024-09-19,지출,패션/쇼핑,백화점,롯데쇼핑(주)대,-45700.0,카드의 정석 POINT 주거래,
하유진,2024-09-19,지출,미분류,미분류,쿠팡,12990.0,Deep ECO,
천세원,2024-09-20,지출,생활,생필품,세종전자담배마켓,-80000.0,카드의 정석 POINT 주거래,
천세원,2024-09-20,지출,금융,카드,이지페이,-3000.0,KB국민 첵첵 체크카드(RF),
하유진,2024-09-21,이체,이체,미분류,*****,1.0,신한 주거래 S20통장,
하유진,2024-09-21,이체,저축,미분류,예금결산이자,0.0,저축예금,
하유진,2024-09-21,이체,미분류,미분류,입금 내역,5.0,행복knowhow 주거래 우대통장,
천세원,2024-09-21,수입,금융수입,미분류,예금결산이자,7518.0,저축예금,
천세원,2024-09-21,이체,미분류,미분류,입금 내역,0.0,저축예금,
하유진,2024-09-22,수입,금융수입,미분류,예금이자원가,0.0,잇(it)딴주머니통장,
하유진,2024-09-22,지출,미분류,미분류,엔에이치엔케이씨피 주식회사,-1000.0,카카오페이 간편결제,
하유진,2024-09-22,지출,식사,미분류,봄베이브로이,-31700.0,네이버 현대카드,
하유진,2024-09-22,지출,생활,미분류,GS25세종캐슬점,-5000.0,네이버 현대카드,
천세원,2024-09-22,지출,카페/간식,커피/음료,카페 세종리,-8000.0,세종 여민전 하나멤버스 1Q체크카드(후불교통),
천세원,2024-09-22,지출,온라인쇼핑,서비스구독,엔에이치엔케이씨피 주식회사,-1000.0,카카오페이 간편결제,
천세원,2024-09-23,지출,식비,패스트푸드,노브랜드버거  세종새롬점,-7800.0,세종 여민전 하나멤버스 1Q체크카드(후불교통),
천세원,2024-09-23,지출,주거/통신,휴대폰,국민은행LiivM,-40490.0,KB국민 첵첵 체크카드(RF),
천세원,2024-09-23,지출,자동차,차량보험,DB손12309,-35950.0,저축예금,
천세원,2024-09-23,이체,이체,미분류,송금 내역,-14500.0,카카오페이 머니,
하유진,2024-09-23,이체,이체,미분류,송금 내역,-14500.0,카카오페이 머니,
하유진,2024-09-23,지출,주거/통신,미분류,국민은행LiivM,-24100.0,KB국민 nori 체크카드(RF),
하유진,2024-09-23,지출,여행/숙박,미분류,주식회사 여기어때컴퍼니,-429436.0,카카오페이 간편결제,
하유진,2024-09-23,지출,미분류,미분류,DB손해보험,18323.0,네이버 현대카드,
하유진,2024-09-24,지출,주거/통신,미분류,아파트관리비,-220160.0,네이버 현대카드,
하유진,2024-09-24,지출,카페/간식,미분류,주식회사 카카오,-990.0,카카오페이 간편결제,
하유진,2024-09-24,지출,자동차,미분류,지에스칼텍스세종청사주유소,-40000.0,네이버 현대카드,
하유진,2024-09-25,수입,급여,미분류,급여 콘티넨탈,3911274.0,KB마이핏통장,
하유진,2024-09-25,지출,의복/미용,미분류,롯데쇼핑_주,-35862.0,네이버 현대카드,
하유진,2024-09-25,지출,식사,미분류,네이버페이,-12240.0,네이버 현대카드,
하유진,2024-09-25,지출,미분류,미분류,네이버페이,12240.0,네이버 현대카드,
하유진,2024-09-25,지출,식사,미분류,네이버페이,-16200.0,네이버 현대카드,
하유진,2024-09-25,이체,이체,미분류,김성일,60000.0,KB마이핏통장,
하유진,2024-09-25,지출,생활,미분류,한화손02건,-102105.0,KB마이핏통장,
하유진,2024-09-25,지출,카페/간식,미분류,네이버페이,-7800.0,네이버 현대카드,
하유진,2024-09-25,지출,생활,미분류,오늘의집,12240.0,네이버페이 간편결제,
하유진,2024-09-25,지출,미분류,미분류,현대카드주식회사,-35862.0,네이버페이 간편결제,
하유진,2024-09-25,지출,생활,미분류,오늘의집,-12240.0,네이버페이 간편결제,
하유진,2024-09-25,지출,생활,미분류,오늘의집,6600.0,네이버페이 간편결제(포인트),
천세원,2024-09-25,지출,금융,보험,메리츠001건,-36120.0,저축예금,
하유진,2024-09-25,지출,생활,미분류,오늘의집,-6600.0,네이버페이 간편결제(포인트),
하유진,2024-09-25,지출,생활,미분류,오늘의집,-16200.0,네이버페이 간편결제,
하유진,2024-09-25,지출,여행/숙박,미분류,말톡,-7800.0,네이버페이 간편결제,
천세원,2024-09-25,수입,급여,미분류,급여 콘티넨탈,4062895.0,저축예금,
천세원,2024-09-25,지출,카페/간식,커피/음료,(주)아워홈 콘,-5200.0,갤러리아 체크카드,
천세원,2024-09-25,이체,카드대금,미분류,하나카드,-30000.0,저축예금,
하유진,2024-09-25,지출,생활,미분류,오늘의집,-6600.0,네이버페이 간편결제(포인트),
천세원,2024-09-26,지출,여행/숙박,여행,말톡,-4500.0,네이버페이 간편결제,
천세원,2024-09-26,이체,내계좌이체,미분류,입금 내역,100000.0,주택청약종합저축,
천세원,2024-09-26,이체,내계좌이체,미분류,천세원청약78,-100000.0,저축예금,
천세원,2024-09-26,지출,문화/여가,스포츠,구스짐,-62900.0,네이버페이 간편결제,
하유진,2024-09-26,지출,식사,미분류,아워홈콘티넨탈세종점,-2500.0,네이버 현대카드,
하유진,2024-09-27,지출,미분류,미분류,네이버페이,-347812.0,네이버 현대카드,
하유진,2024-09-27,지출,여행/숙박,미분류,와그,-191200.0,네이버페이 간편결제,
하유진,2024-09-27,지출,여행/숙박,미분류,와그,-347812.0,네이버페이 간편결제,
하유진,2024-09-27,지출,미분류,미분류,네이버페이,-191200.0,네이버 현대카드,
천세원,2024-09-27,이체,내계좌이체,미분류,퇴직연금-천세원,-100000.0,저축예금,
천세원,2024-09-28,지출,생활,편의점,씨유(CU)청주,-6300.0,카드의 정석 POINT 주거래,
하유진,2024-09-28,수입,금융수입,미분류,결산이자,0.0,자립예탁금,
하유진,2024-09-28,수입,금융수입,미분류,결산이자,8912.0,자립예탁금,
하유진,2024-09-28,수입,금융수입,미분류,이자,0.0,MY 입출금통장,
하유진,2024-09-28,수입,금융수입,미분류,입출금통장 이자,7.0,입출금통장,
하유진,2024-09-28,이체,저축,미분류,정기이자 입금,1.0,세이프박스,
천세원,2024-09-28,수입,금융수입,미분류,이자,0.0,MY 입출금통장,
하유진,2024-09-28,이체,저축,미분류,당근 밍채리,55000.0,KB마이핏통장,
천세원,2024-09-28,지출,카페/간식,베이커리,파리바게트 청주,-8800.0,카드의 정석 POINT 주거래,
하유진,2024-09-28,지출,여행/숙박,미분류,롯데손해보험주식회사,-5700.0,카카오페이 간편결제,
하유진,2024-09-29,이체,미분류,미분류,입금 내역,4186.0,NH1934우대통장(저축예금),
하유진,2024-09-29,이체,미분류,미분류,출금 내역,-580.0,NH1934우대통장(저축예금),
하유진,2024-09-29,이체,미분류,미분류,출금 내역,-50.0,NH1934우대통장(저축예금),
천세원,2024-09-29,이체,미분류,미분류,입금 내역,0.0,자립예탁금,
천세원,2024-09-30,지출,문화/여가,게임,1207-1510,-75630.0,저축예금,
천세원,2024-09-30,지출,주거/통신,월세,LH2024년09월,-79030.0,저축예금,
천세원,2024-10-01,지출,식비,한식,80년 김치찌개,-16000.0,카드의 정석 POINT 주거래,
하유진,2024-10-01,이체,이체,미분류,여민전,-200000.0,KB마이핏통장,
천세원,2024-10-01,지출,여행/숙박,항공권,한국공항공사청주,-24000.0,카드의 정석 POINT 주거래,
천세원,2024-10-02,이체,이체,미분류,여민전,-100000.0,저축예금,
천세원,2024-10-02,지출,카페/간식,커피/음료,카페지유,-6000.0,세종 여민전 하나멤버스 1Q체크카드(후불교통),
하유진,2024-10-02,이체,카드대금,미분류,신한카드,-2124780.0,KB마이핏통장,
천세원,2024-10-03,지출,카페/간식,커피/음료,퐁당 세종점,-39800.0,세종 여민전 하나멤버스 1Q체크카드(후불교통),
천세원,2024-10-03,이체,이체,미분류,여민전,-100000.0,저축예금,
하유진,2024-10-03,지출,생활,미분류,다이소아성산업,-6000.0,네이버 현대카드,
천세원,2024-10-03,지출,생활,가구/가전,마로데코,-10800.0,네이버페이 간편결제,
천세원,2024-10-04,지출,온라인쇼핑,인터넷쇼핑,쿠팡 주식회사,-6200.0,카드의 정석 POINT 주거래,
천세원,2024-10-04,지출,생활,마트,하나마트,-2700.0,세종 여민전 하나멤버스 1Q체크카드(후불교통),
하유진,2024-10-04,지출,식사,미분류,네이버페이,-11476.0,네이버 현대카드,
하유진,2024-10-04,지출,문화/여가,미분류,ALIPAY CONNECT PTE. LTD,-22714.0,카카오페이 간편결제,
천세원,2024-10-04,지출,카페/간식,베이커리,세종첫마을 파리바게뜨,-3600.0,세종 여민전 하나멤버스 1Q체크카드(후불교통),
하유진,2024-10-04,지출,문화/여가,미분류,ALIPAY CONNECT PTE. LTD,-34248.0,카카오페이 간편결제,
하유진,2024-10-04,지출,카페/간식,미분류,복도리카페,-10000.0,네이버 현대카드,
하유진,2024-10-04,지출,식사,미분류,명태잡는날,-11476.0,네이버페이 간편결제,
하유진,2024-10-04,지출,식사,미분류,명태잡는날,-5824.0,네이버페이 간편결제(포인트),
하유진,2024-10-04,지출,생활,미분류,영마트세종점,-3980.0,네이버 현대카드,
천세원,2024-10-05,지출,생활,편의점,GS25세종캐슬점,-4100.0,세종 여민전 하나멤버스 1Q체크카드(후불교통),
하유진,2024-10-05,지출,생활,미분류,대표비인증_스마트로4,-5000.0,네이버 현대카드,
하유진,2024-10-05,이체,투자,미분류,김경희쿠팡구매,50000.0,KB마이핏통장,
하유진,2024-10-05,지출,문화/여가,미분류,ALIPAY CONNECT PTE. LTD,-11017.0,카카오페이 간편결제,
하유진,2024-10-05,지출,카페/간식,미분류,컴포즈커피세종새롬점,-3000.0,네이버 현대카드,
천세원,2024-10-05,지출,자동차,주유,아주알뜰주유소,-60000.0,세종 여민전 하나멤버스 1Q체크카드(후불교통),
천세원,2024-10-06,지출,생활,편의점,GS25세종캐슬점,-5800.0,세종 여민전 하나멤버스 1Q체크카드(후불교통),
하유진,2024-10-07,지출,교육,미분류,탄젠트,-32250.0,네이버페이 간편결제,
하유진,2024-10-07,지출,미분류,미분류,네이버페이,-32250.0,네이버 현대카드,
하유진,2024-10-07,지출,교육,미분류,탄젠트,-240.0,네이버페이 간편결제(포인트),
하유진,2024-10-08,이체,투자,미분류,김경희숙박비,100000.0,KB마이핏통장,
하유진,2024-10-08,이체,미분류,미분류,하유진,50000.0,입출금통장,
하유진,2024-10-08,이체,미분류,미분류,하유진,-50000.0,KB마이핏통장,
천세원,2024-10-08,수입,금융수입,미분류,8281 신한카드,1.0,저축예금,
천세원,2024-10-08,지출,카페/간식,커피/음료,복도리 협동조합,-10000.0,세종 여민전 하나멤버스 1Q체크카드(후불교통),
천세원,2024-10-08,이체,이체,미분류,여민전,-100000.0,저축예금,
하유진,2024-10-09,지출,교통,미분류,KCP결제_1,-1000.0,네이버 현대카드,
천세원,2024-10-09,지출,카페/간식,베이커리,아쌍트 베이커리,-15500.0,세종 여민전 하나멤버스 1Q체크카드(후불교통),
천세원,2024-10-09,지출,생활,세탁,크린토피아 세종새롬 새뜸마을4,-17550.0,세종 여민전 하나멤버스 1Q체크카드(후불교통),
천세원,2024-10-09,지출,온라인쇼핑,서비스구독,엔에이치엔케이씨피 주식회사,-1000.0,카카오페이 간편결제,
하유진,2024-10-09,지출,미분류,미분류,NHNKCP,-1000.0,네이버페이 간편결제,
하유진,2024-10-09,지출,생활,미분류,마켓세종,-42120.0,네이버 현대카드,
천세원,2024-10-10,이체,이체,미분류,여민전,-100000.0,저축예금,
천세원,2024-10-10,지출,식비,고기,맛찬들왕소금구이 세종새롬점,-72000.0,세종 여민전 하나멤버스 1Q체크카드(후불교통),
천세원,2024-10-10,지출,카페/간식,커피/음료,컴포즈커피 세종새롬점,-6000.0,세종 여민전 하나멤버스 1Q체크카드(후불교통),
천세원,2024-10-10,지출,식비,패스트푸드,노브랜드버거  세종새롬점,-11600.0,세종 여민전 하나멤버스 1Q체크카드(후불교통),
하유진,2024-10-10,지출,생활,미분류,폴라베어 전실장,-91900.0,네이버페이 간편결제,
하유진,2024-10-10,이체,이체,미분류,박영균,-400000.0,KB마이핏통장,
하유진,2024-10-10,이체,이체,미분류,한재인,-800000.0,KB마이핏통장,
하유진,2024-10-10,지출,미분류,미분류,네이버페이,-91900.0,네이버 현대카드,
하유진,2024-10-10,지출,주거/통신,미분류,LG유플러스통신요금,-16150.0,네이버 현대카드,
천세원,2024-10-11,이체,내계좌이체,미분류,천세원,-1000000.0,KB마이핏통장,
천세원,2024-10-11,지출,생활,생필품,부용산건재,-4800.0,세종 여민전 하나멤버스 1Q체크카드(후불교통),
천세원,2024-10-11,지출,카페/간식,커피/음료,복도리 협동조합,-5000.0,세종 여민전 하나멤버스 1Q체크카드(후불교통),
하유진,2024-10-11,지출,자동차,미분류,DB손해보험,-13260.0,네이버 현대카드,
천세원,2024-10-11,이체,내계좌이체,미분류,천세원,1000000.0,저축예금,
천세원,2024-10-12,이체,이체,미분류,김상준,10000.0,저축예금,
천세원,2024-10-12,지출,식비,중식,세종새롬점 홍콩반점,-14500.0,세종 여민전 하나멤버스 1Q체크카드(후불교통),
천세원,2024-10-12,지출,카페/간식,커피/음료,컴포즈커피 세종새롬점,-9000.0,세종 여민전 하나멤버스 1Q체크카드(후불교통),
천세원,2024-10-12,지출,문화/여가,게임,새롬PC방,-5000.0,카드의 정석 POINT 주거래,
하유진,2024-10-12,이체,저축,미분류,이민형당근식탁등,25000.0,KB마이핏통장,
하유진,2024-10-12,지출,문화/여가,미분류,새롬PC방,-5000.0,네이버 현대카드,
천세원,2024-10-12,이체,이체,미분류,김보민,80000.0,저축예금,
천세원,2024-10-13,지출,생활,편의점,세븐일레븐 세종새나루점,-12100.0,세종 여민전 하나멤버스 1Q체크카드(후불교통),
천세원,2024-10-13,지출,식비,배달,주식회사 우아한형제들,-22810.0,카카오페이 간편결제,
천세원,2024-10-13,지출,생활,편의점,세븐일레븐 세종새나루점,-11900.0,세종 여민전 하나멤버스 1Q체크카드(후불교통),
하유진,2024-10-14,이체,이체,미분류,모던,5000.0,KB마이핏통장,
하유진,2024-10-14,지출,식사,미분류,아워홈콘티넨탈세종점,-1200.0,네이버 현대카드,
하유진,2024-10-14,이체,이체,미분류,천세원,-10000000.0,KB마이핏통장,
하유진,2024-10-14,지출,미분류,미분류,네이버페이,-194028.0,네이버 현대카드,
하유진,2024-10-14,이체,카드대금,미분류,현대카드대금,-1331442.0,KB마이핏통장,
하유진,2024-10-14,지출,생활,미분류,영원라이팅,-572.0,네이버페이 간편결제(포인트),
하유진,2024-10-14,지출,생활,미분류,영원라이팅,-194028.0,네이버페이 간편결제,
천세원,2024-10-14,이체,이체,미분류,송금 내역,-7000.0,카카오페이 머니,
천세원,2024-10-14,이체,내계좌이체,미분류,천세원,-1000000.0,KB마이핏통장,
천세원,2024-10-14,이체,내계좌이체,미분류,천세원,1000000.0,저축예금,
천세원,2024-10-14,이체,이체,미분류,하유진,10000000.0,저축예금,
천세원,2024-10-14,지출,생활,가구/가전,(주)신성전자,-500000.0,뉴LG전자베스트샵플러스 Style T,
천세원,2024-10-14,지출,생활,가구/가전,(주)신성전자,-1500000.0,뉴LG전자베스트샵플러스 Style T,
천세원,2024-10-14,지출,온라인쇼핑,인터넷쇼핑,LG전자 베스트샵_다날,-500000.0,뉴LG전자베스트샵플러스 Style T,
천세원,2024-10-14,지출,식비,한식,샤브마니아,-31800.0,세종 여민전 하나멤버스 1Q체크카드(후불교통),
천세원,2024-10-15,지출,자동차,주유,세종부강농업협동조합 주유소,60000.0,뉴LG전자베스트샵플러스 Style T,
천세원,2024-10-15,지출,자동차,주유,세종부강농업협동조합 주유소,-58000.0,뉴LG전자베스트샵플러스 Style T,
천세원,2024-10-15,지출,자동차,주유,세종부강농업협동조합 주유소,-60000.0,뉴LG전자베스트샵플러스 Style T,
하유진,2024-10-15,이체,이체,미분류,윤관식,-2020000.0,KB마이핏통장,
하유진,2024-10-15,지출,카페/간식,미분류,뚜레쥬르세종새롬점,-9100.0,네이버 현대카드,
천세원,2024-10-16,지출,식비,한식,송림식당,-96000.0,뉴LG전자베스트샵플러스 Style T,
하유진,2024-10-16,이체,이체,미분류,김인화,-50000.0,KB마이핏통장,
하유진,2024-10-16,이체,이체,미분류,송금 내역,-14500.0,카카오페이 머니,
천세원,2024-10-16,이체,이체,미분류,정*영,14500.0,카카오페이 머니,
천세원,2024-10-16,이체,이체,미분류,김*영,14500.0,카카오페이 머니,
천세원,2024-10-16,이체,이체,미분류,한*화,14500.0,카카오페이 머니,
천세원,2024-10-16,이체,이체,미분류,곽*경,15500.0,카카오페이 머니,
천세원,2024-10-16,이체,이체,미분류,박*용,14500.0,카카오페이 머니,
천세원,2024-10-16,지출,카페/간식,커피/음료,복도리 카페,-21000.0,뉴LG전자베스트샵플러스 Style T,
천세원,2024-10-16,지출,생활,가구/가전,(주)신성전자,1500000.0,카드의 정석 POINT 주거래,
천세원,2024-10-16,이체,이체,미분류,신*수,14500.0,카카오페이 머니,
천세원,2024-10-16,이체,이체,미분류,하*진,14500.0,카카오페이 머니,
하유진,2024-10-17,지출,생활,미분류,유로조명도매샵,-27500.0,네이버페이 간편결제,
하유진,2024-10-17,이체,투자,미분류,김경희쿠팡구매,53000.0,KB마이핏통장,
하유진,2024-10-17,지출,미분류,미분류,KICC_ARS결제,-120000.0,네이버 현대카드,
천세원,2024-10-17,이체,저축,미분류,주식회사신성전자,1050000.0,저축예금,
하유진,2024-10-17,지출,식사,미분류,네이버페이,-27500.0,네이버 현대카드,
천세원,2024-10-18,지출,생활,편의점,씨유(CU) 세종페스티발점,-12540.0,뉴LG전자베스트샵플러스 Style T,
천세원,2024-10-18,지출,식비,피자,노모어피자 세종다정점,-29300.0,뉴LG전자베스트샵플러스 Style T,
천세원,2024-10-18,지출,식비,패스트푸드,노브랜드버거  세종새롬점,-6600.0,세종 여민전 하나멤버스 1Q체크카드(후불교통),
천세원,2024-10-18,지출,주거/통신,휴대폰,SKB구_티브로드),-16500.0,저축예금,
천세원,2024-10-19,지출,식비,고기,연와종,-25000.0,세종 여민전 하나멤버스 1Q체크카드(후불교통),
천세원,2024-10-19,지출,금융,카드,스마트로,-130000.0,뉴LG전자베스트샵플러스 Style T,
하유진,2024-10-19,지출,교통,미분류,한국철도공사,-5400.0,네이버페이 간편결제,
하유진,2024-10-19,수입,급여,미분류,장귀영 알뜰매장,120000.0,KB마이핏통장,
하유진,2024-10-19,지출,교통,미분류,철도승차권발매,-5400.0,네이버 현대카드,
하유진,2024-10-19,이체,이체,미분류,미덕,15000.0,KB마이핏통장,
하유진,2024-10-20,수입,금융수입,미분류,예금이자원가,0.0,잇(it)딴주머니통장,
천세원,2024-10-20,지출,주거/통신,관리비,인계자이오피스텔관리단,-30000.0,뉴LG전자베스트샵플러스 Style T,
천세원,2024-10-20,지출,생활,마트,(주)마켓세종,-39930.0,세종 여민전 하나멤버스 1Q체크카드(후불교통),
천세원,2024-10-20,지출,생활,마트,*10원캐쉬백다이소,-1990.0,KB마이핏통장,
천세원,2024-10-20,이체,저축,미분류,ENKHBAYAR,20000.0,저축예금,
천세원,2024-10-20,지출,식비,아시아음식,1059-3,-51200.0,뉴LG전자베스트샵플러스 Style T,
하유진,2024-10-20,이체,이체,미분류,천세원,20000.0,KB마이핏통장,
하유진,2024-10-20,지출,식사,미분류,코스트코코리아,-116840.0,네이버 현대카드,
하유진,2024-10-20,이체,투자,미분류,김경희쿠팡구매,35000.0,KB마이핏통장,
천세원,2024-10-20,지출,금융,세금/과태료,국민하유진,-20000.0,저축예금,
천세원,2024-10-21,지출,자동차,차량보험,DB손12410,-35950.0,저축예금,
천세원,2024-10-21,지출,식비,한식,오가네대구왕뽈데기,-45000.0,뉴LG전자베스트샵플러스 Style T,
하유진,2024-10-21,지출,주거/통신,미분류,국민은행LiivM,-24100.0,KB국민 nori 체크카드(RF),
천세원,2024-10-21,지출,주거/통신,휴대폰,국민은행LiivM,-44020.0,KB국민 첵첵 체크카드(RF),
천세원,2024-10-22,이체,이체,미분류,송금 내역,-2500.0,카카오페이 머니,
천세원,2024-10-22,지출,생활,생필품,세종전자담배마켓,-80000.0,세종 여민전 하나멤버스 1Q체크카드(후불교통),
하유진,2024-10-22,이체,투자,미분류,세종전자담배마,160000.0,KB마이핏통장,
하유진,2024-10-22,이체,미분류,미분류,세종전자담배마,-160000.0,KB마이핏통장,
하유진,2024-10-22,이체,이체,미분류,송금 내역,-2500.0,카카오페이 머니,
하유진,2024-10-23,지출,식사,미분류,아워홈콘티넨탈세종점,-1200.0,네이버 현대카드,
하유진,2024-10-23,이체,저축,미분류,김경희동전모음,39460.0,KB마이핏통장,
하유진,2024-10-23,지출,미분류,미분류,DB손해보험,18323.0,네이버 현대카드,
천세원,2024-10-23,지출,생활,미분류,주식회사 버킷플레이스,-19400.0,카카오페이 간편결제,
천세원,2024-10-23,지출,식비,양식,(주)아워홈 콘티넨탈 세종점,-2600.0,뉴LG전자베스트샵플러스 Style T,
하유진,2024-10-24,지출,식사,미분류,아워홈콘티넨탈세종점,-1200.0,네이버 현대카드,
하유진,2024-10-24,지출,카페/간식,미분류,주식회사 카카오,-990.0,카카오페이 간편결제,
천세원,2024-10-24,이체,이체,미분류,송금 내역,-2500.0,카카오페이 머니,
하유진,2024-10-25,수입,급여,미분류,김영,14000.0,KB마이핏통장,
천세원,2024-10-25,이체,이체,미분류,정*영,15750.0,카카오페이 머니,
천세원,2024-10-25,수입,급여,미분류,급여 콘티넨탈,4063316.0,저축예금,
천세원,2024-10-25,지출,식비,한식,곤드레말 주식회사,-126000.0,뉴LG전자베스트샵플러스 Style T,
천세원,2024-10-25,이체,이체,미분류,하*진,15750.0,카카오페이 머니,
천세원,2024-10-25,이체,이체,미분류,김*수,15750.0,카카오페이 머니,
천세원,2024-10-25,이체,이체,미분류,신*수,15750.0,카카오페이 머니,
천세원,2024-10-25,이체,이체,미분류,한*화,15750.0,카카오페이 머니,
천세원,2024-10-25,이체,이체,미분류,김*영,15750.0,카카오페이 머니,
천세원,2024-10-25,이체,카드대금,미분류,신한카드,-22000.0,저축예금,
천세원,2024-10-25,지출,생활,마트,주식회사 마켓세종,-15790.0,뉴LG전자베스트샵플러스 Style T,
하유진,2024-10-25,지출,생활,미분류,한화손02건,-102105.0,KB마이핏통장,
하유진,2024-10-25,이체,이체,미분류,여민전,-200000.0,KB마이핏통장,
하유진,2024-10-25,이체,이체,미분류,송금 내역,-15750.0,카카오페이 머니,
하유진,2024-10-25,지출,주거/통신,미분류,아파트관리비,-215650.0,네이버 현대카드,
하유진,2024-10-25,수입,급여,미분류,급여 콘티넨탈,3912370.0,KB마이핏통장,
천세원,2024-10-25,지출,금융,보험,메리츠001건,-36120.0,저축예금,
천세원,2024-10-25,이체,이체,미분류,박*용,15750.0,카카오페이 머니,
하유진,2024-10-25,지출,식사,미분류,코스트코코리아,-93450.0,네이버 현대카드,
천세원,2024-10-26,지출,생활,가구/가전,해피램프,-5730.0,네이버페이 간편결제,
천세원,2024-10-26,수입,금융수입,미분류,이자,0.0,MY 입출금통장,
천세원,2024-10-26,이체,이체,미분류,송금 내역,-60000.0,카카오페이 머니,
천세원,2024-10-26,지출,뷰티/미용,헤어샵,새롬동 미용실,-21000.0,뉴LG전자베스트샵플러스 Style T,
하유진,2024-10-26,지출,교통,미분류,주식회사 티머니,-9500.0,카카오페이 간편결제,
하유진,2024-10-26,지출,교통,미분류,주식회사 티머니,8500.0,카카오페이 간편결제,
하유진,2024-10-26,지출,교통,미분류,주식회사 티머니,-8500.0,카카오페이 간편결제,
하유진,2024-10-26,이체,이체,미분류,송금 내역,-23500.0,카카오페이 머니,
하유진,2024-10-26,이체,이체,미분류,송금 내역,-60000.0,카카오페이 머니,
하유진,2024-10-26,수입,금융수입,미분류,이자,0.0,MY 입출금통장,
하유진,2024-10-26,수입,금융수입,미분류,입출금통장 이자,8.0,입출금통장,
하유진,2024-10-26,이체,저축,미분류,정기이자 입금,1.0,세이프박스,
하유진,2024-10-26,이체,이체,미분류,천*원,60000.0,카카오페이 머니,
하유진,2024-10-27,지출,카페/간식,미분류,뚜레쥬르파주운정가람점,-33000.0,네이버 현대카드,
천세원,2024-10-27,지출,생활,가구/가전,(주)막스앤,-2573000.0,저축예금,
천세원,2024-10-27,지출,식비,아시아음식,퍼부어 밤리단길점,-40200.0,뉴LG전자베스트샵플러스 Style T,
천세원,2024-10-28,이체,내계좌이체,미분류,퇴직연금-천세원,-100000.0,저축예금,
천세원,2024-10-28,이체,내계좌이체,미분류,입금 내역,100000.0,주택청약종합저축,
천세원,2024-10-28,이체,내계좌이체,미분류,천세원청약79,-100000.0,저축예금,
천세원,2024-10-28,지출,생활,가구/가전,건자재스토리,-55000.0,네이버페이 간편결제(포인트),
하유진,2024-10-28,이체,카드대금,미분류,BC바로카드,-97565.0,KB마이핏통장,
하유진,2024-10-29,이체,투자,미분류,김경희쿠팡토레타,38000.0,KB마이핏통장,
하유진,2024-10-29,이체,이체,미분류,송금 내역,-2500.0,카카오페이 머니,
하유진,2024-10-29,이체,이체,미분류,송금 내역,-2500.0,카카오페이 머니,
천세원,2024-10-29,이체,이체,미분류,송금 내역,-2500.0,카카오페이 머니,
천세원,2024-10-29,지출,자동차,통행료,에스엠하이플러스,-50000.0,카드의 정석 POINT 주거래,
천세원,2024-10-29,이체,이체,미분류,송금 내역,-2500.0,카카오페이 머니,
하유진,2024-10-30,지출,생활,미분류,다이소세종부강점,-4000.0,네이버 현대카드,
천세원,2024-10-30,지출,패션/쇼핑,패션,(주)더블유컨셉코리아,-60000.0,카카오페이 간편결제,
천세원,2024-10-30,지출,식비,패스트푸드,노브랜드버거  세종새롬점,-6600.0,뉴LG전자베스트샵플러스 Style T,
천세원,2024-10-31,지출,금융,카드,10월카드사용알림서비스이용료,0.0,뉴LG전자베스트샵플러스 Style T,
천세원,2024-10-31,지출,자동차,주유,세종부강농업협동조합 주유소,-60000.0,뉴LG전자베스트샵플러스 Style T,
천세원,2024-10-31,지출,주거/통신,월세,LH2024년10월,-79030.0,저축예금,
천세원,2024-10-31,지출,문화/여가,게임,1207-1510,-68480.0,저축예금,
하유진,2024-11-01,이체,이체,미분류,여민전,-200000.0,KB마이핏통장,
하유진,2024-11-01,이체,이체,미분류,곽*경,20000.0,카카오페이 머니,
천세원,2024-11-01,지출,카페/간식,커피/음료,복도리 카페,-10000.0,뉴LG전자베스트샵플러스 Style T,
천세원,2024-11-01,이체,이체,미분류,송금 내역,-2500.0,카카오페이 머니,
천세원,2024-11-01,이체,이체,미분류,하*진,2500.0,카카오페이 머니,
천세원,2024-11-01,이체,이체,미분류,정*영,2500.0,카카오페이 머니,
천세원,2024-11-01,이체,이체,미분류,박*용,2500.0,카카오페이 머니,
천세원,2024-11-01,지출,식비,한식,청미관,-37000.0,뉴LG전자베스트샵플러스 Style T,
하유진,2024-11-01,이체,이체,미분류,송금 내역,-2500.0,카카오페이 머니,
하유진,2024-11-01,이체,카드대금,미분류,신한카드,-127240.0,KB마이핏통장,
하유진,2024-11-01,이체,이체,미분류,송금 내역,-2500.0,카카오페이 머니,
하유진,2024-11-03,지출,생활,미분류,온누리페이,-1080000.0,KB마이핏통장,
천세원,2024-11-03,지출,카페/간식,커피/음료,이디야커피대구텍스빌점,-6400.0,뉴LG전자베스트샵플러스 Style T,
천세원,2024-11-04,지출,식비,한식,가온밀면,-16000.0,뉴LG전자베스트샵플러스 Style T,
천세원,2024-11-04,지출,자동차,주차,김광석길 공영주차장,-1000.0,뉴LG전자베스트샵플러스 Style T,
천세원,2024-11-04,지출,생활,가구/가전,한샘,-200000.0,뉴LG전자베스트샵플러스 Style T,
하유진,2024-11-04,지출,생활,미분류,온누리페이,-306000.0,KB마이핏통장,
하유진,2024-11-04,지출,식사,미분류,(주)우아한형제들,-15400.0,네이버페이 간편결제(포인트),
하유진,2024-11-04,수입,금융수입,미분류,신한카드캐시백,5063.0,KB마이핏통장,
하유진,2024-11-04,지출,생활,미분류,한샘,-2153333.0,네이버 현대카드,
하유진,2024-11-04,지출,생활,미분류,GS25세종하늘점,-12000.0,네이버 현대카드,
천세원,2024-11-05,지출,생활,마트,*15원캐쉬백다이소,-2985.0,KB마이핏통장,
천세원,2024-11-05,지출,뷰티/미용,화장품,에스티 로더,-285000.0,네이버페이 간편결제,
천세원,2024-11-05,지출,생활,마트,세종부강농업협동,-60000.0,갤러리아 체크카드,
하유진,2024-11-06,이체,이체,미분류,지수인,190000.0,KB마이핏통장,
천세원,2024-11-06,이체,이체,미분류,송금 내역,-2500.0,카카오페이 머니,
천세원,2024-11-06,이체,내계좌이체,미분류,농협천세원(세종특별,-32000.0,저축예금,
하유진,2024-11-07,이체,이체,미분류,박태선,-85000.0,KB마이핏통장,
천세원,2024-11-07,지출,식비,패스트푸드,노브랜드버거  세종새롬점,-6600.0,KB국민 첵첵 체크카드(RF),
천세원,2024-11-07,지출,생활,생필품,세종전자담배마켓,-80000.0,카드의 정석 POINT 주거래,
하유진,2024-11-07,지출,식사,미분류,아워홈콘티넨탈세종점,-1200.0,네이버 현대카드,
하유진,2024-11-08,지출,카페/간식,미분류,네이버페이,-1317.0,네이버 현대카드,
하유진,2024-11-08,지출,식사,미분류,노모어피자세종다정점,-12300.0,네이버 현대카드,
천세원,2024-11-08,지출,생활,생필품,다이소 세종부강,-8000.0,카드의 정석 POINT 주거래,
천세원,2024-11-08,이체,이체,미분류,송금 내역,-3400.0,카카오페이 머니,
하유진,2024-11-08,지출,의복/미용,미분류,파파몬,-1317.0,네이버페이 간편결제,
천세원,2024-11-08,지출,문화/여가,취미/체험,폴라스튜디오 인,-10000.0,카드의 정석 POINT 주거래,
하유진,2024-11-08,지출,의복/미용,미분류,파파몬,-14583.0,네이버페이 간편결제(포인트),
하유진,2024-11-08,이체,이체,미분류,송금 내역,-3400.0,카카오페이 머니,
하유진,2024-11-09,이체,미분류,미분류,입금 내역,5346.0,KB마이핏통장,
천세원,2024-11-09,지출,생활,편의점,씨유(CU)인계,-13500.0,카드의 정석 POINT 주거래,
천세원,2024-11-09,이체,미분류,미분류,입금 내역,1068.0,KB마이핏통장,
천세원,2024-11-10,지출,식비,한식,신전떡볶이 세종,-10500.0,카드의 정석 POINT 주거래,
하유진,2024-11-10,지출,생활,미분류,마켓세종,-21030.0,네이버 현대카드,
하유진,2024-11-10,이체,현금,미분류,당근603,1.0,KB마이핏통장,
하유진,2024-11-10,이체,투자,미분류,김경희쿠팡책구매,17000.0,KB마이핏통장,
천세원,2024-11-10,지출,생활,생필품,주식회사 아성다,-27000.0,카드의 정석 POINT 주거래,
하유진,2024-11-10,지출,생활,미분류,세종중앙농협새뜸지점,-3780.0,네이버 현대카드,
하유진,2024-11-11,이체,저축,미분류,김경희복사지,71000.0,KB마이핏통장,
하유진,2024-11-11,지출,생활,미분류,롯데슈퍼세종캐슬점,-5590.0,네이버 현대카드,
하유진,2024-11-11,이체,저축,미분류,김경희쿠팡복사지,38000.0,KB마이핏통장,
하유진,2024-11-11,지출,주거/통신,미분류,LG유플러스통신요금,-16150.0,네이버 현대카드,
하유진,2024-11-11,지출,카페/간식,미분류,주식회사 카카오,-20000.0,카카오페이 간편결제,
하유진,2024-11-11,지출,자동차,미분류,DB손해보험,-13260.0,네이버 현대카드,
천세원,2024-11-12,지출,생활,편의점,지에스25 세종으뜸점,-7000.0,세종 여민전 하나멤버스 1Q체크카드(후불교통),
하유진,2024-11-12,이체,카드대금,미분류,현대카드대금,-1063704.0,KB마이핏통장,
하유진,2024-11-12,이체,이체,미분류,전누리,5000.0,KB마이핏통장,
하유진,2024-11-13,이체,미분류,미분류,하유진,10000000.0,자립예탁금,
하유진,2024-11-13,이체,미분류,미분류,하유진,10000000.0,자립예탁금,
하유진,2024-11-13,이체,미분류,미분류,하유진,-3000000.0,자립예탁금,
하유진,2024-11-13,이체,미분류,미분류,하유진,3000000.0,KB마이핏통장,
하유진,2024-11-13,이체,미분류,미분류,하유진,-10000000.0,자립예탁금,
하유진,2024-11-13,이체,미분류,미분류,하유진,-10000000.0,자립예탁금,
하유진,2024-11-13,이체,미분류,미분류,하유진,10000000.0,자립예탁금,
하유진,2024-11-13,이체,미분류,미분류,하유진,-5000000.0,자립예탁금,
하유진,2024-11-13,이체,미분류,미분류,하유진,5000000.0,자립예탁금,
하유진,2024-11-13,이체,미분류,미분류,박우식(스튜디오팍스,-5000.0,KB마이핏통장,
하유진,2024-11-13,이체,미분류,미분류,하유진,-10000000.0,자립예탁금,
하유진,2024-11-13,이체,미분류,미분류,158051297990,-45000000.0,자립예탁금,
천세원,2024-11-13,이체,이체,미분류,송금 내역,-5000.0,카카오페이 머니,
하유진,2024-11-13,이체,미분류,미분류,신협온뱅크 신규,45000000.0,유니온정기예탁금,
하유진,2024-11-13,이체,이체,미분류,삼성571,1.0,KB마이핏통장,
하유진,2024-11-13,지출,생활,미분류,네이버페이,-3385200.0,네이버 현대카드,
하유진,2024-11-13,이체,미분류,미분류,하유진,48000.0,KB마이핏통장,
하유진,2024-11-13,이체,미분류,미분류,하유진,10000000.0,자립예탁금,
하유진,2024-11-13,이체,미분류,미분류,하유진,-10000000.0,자립예탁금,
하유진,2024-11-14,지출,문화/여가,미분류,KICC_ARS결제,-120000.0,네이버 현대카드,
천세원,2024-11-14,지출,온라인쇼핑,인터넷쇼핑,LG전자 베스트샵_다날,-500000.0,뉴LG전자베스트샵플러스 Style T,
천세원,2024-11-14,이체,저축,미분류,CONTINENTA,114000.0,저축예금,
천세원,2024-11-14,지출,카페/간식,커피/음료,복도리 협동조합,-15000.0,세종 여민전 하나멤버스 1Q체크카드(후불교통),
천세원,2024-11-14,지출,생활,가구/가전,(주)신성전자,-500000.0,뉴LG전자베스트샵플러스 Style T,
천세원,2024-11-14,지출,생활,가구/가전,(주)신성전자,-1500000.0,뉴LG전자베스트샵플러스 Style T,
하유진,2024-11-15,이체,이체,미분류,천*원,17500.0,카카오페이 머니,
하유진,2024-11-15,이체,이체,미분류,박*용,17500.0,카카오페이 머니,
하유진,2024-11-15,이체,이체,미분류,김*수,17500.0,카카오페이 머니,
하유진,2024-11-15,이체,이체,미분류,김*영,17500.0,카카오페이 머니,
천세원,2024-11-15,지출,금융,세금/과태료,국민하유진,-6000000.0,저축예금,
하유진,2024-11-15,이체,이체,미분류,천세원,6000000.0,KB마이핏통장,
천세원,2024-11-15,지출,주거/통신,휴대폰,SKB구_티브로드),-16500.0,저축예금,
천세원,2024-11-15,이체,이체,미분류,송금 내역,-17500.0,카카오페이 머니,
천세원,2024-11-15,지출,생활,마트,주식회사마켓세종,-29680.0,카드의 정석 POINT 주거래,
하유진,2024-11-15,지출,식사,미분류,금용중화요리,-75000.0,KB마이핏통장,
천세원,2024-11-15,지출,금융,세금/과태료,국민하유진,-6000000.0,저축예금,
하유진,2024-11-15,이체,이체,미분류,천세원,6000000.0,KB마이핏통장,
하유진,2024-11-16,지출,생활,미분류,홈플러스킨텍스점,-9080.0,네이버 현대카드,
하유진,2024-11-16,지출,자동차,미분류,KCP_결제,-1000.0,네이버 현대카드,
하유진,2024-11-16,지출,생활,미분류,네이버페이,-69096.0,네이버 현대카드,
하유진,2024-11-16,이체,이체,미분류,이준석,-300000.0,KB마이핏통장,
천세원,2024-11-16,이체,이체,미분류,송금 내역,-100000.0,카카오페이 머니,
천세원,2024-11-16,지출,자동차,통행료,(주)케이알산업,-50000.0,카드의 정석 POINT 주거래,
천세원,2024-11-16,지출,생활,편의점,세븐일레븐 일산,-22700.0,카드의 정석 POINT 주거래,
하유진,2024-11-16,지출,미분류,미분류,나이스베딩,-14904.0,네이버페이 간편결제(포인트),
하유진,2024-11-16,지출,의복/미용,미분류,현대백화점킨텍스점,-4260.0,네이버 현대카드,
하유진,2024-11-17,수입,금융수입,미분류,예금이자원가,0.0,잇(it)딴주머니통장,
하유진,2024-11-17,이체,이체,미분류,김영미,2000.0,KB마이핏통장,
하유진,2024-11-17,지출,생활,미분류,이마트둔산점,-95840.0,네이버 현대카드,
하유진,2024-11-17,이체,이체,미분류,천세원,100000.0,KB마이핏통장,
하유진,2024-11-17,수입,급여,미분류,김경희옷구매,25000.0,KB마이핏통장,
천세원,2024-11-17,이체,이체,미분류,서예성,-38000.0,저축예금,
천세원,2024-11-17,지출,금융,세금/과태료,국민하유진,-100000.0,저축예금,
천세원,2024-11-18,이체,이체,미분류,곽*경,2500.0,카카오페이 머니,
천세원,2024-11-18,지출,온라인쇼핑,인터넷쇼핑,쿠팡 주식회사,-22650.0,카드의 정석 POINT 주거래,
천세원,2024-11-18,지출,카페/간식,커피/음료,복도리 카페,-5000.0,KB국민 첵첵 체크카드(RF),
천세원,2024-11-18,이체,이체,미분류,박*용,2500.0,카카오페이 머니,
천세원,2024-11-18,이체,이체,미분류,김*영,2500.0,카카오페이 머니,
천세원,2024-11-18,이체,이체,미분류,김*영,2500.0,카카오페이 머니,
천세원,2024-11-18,이체,이체,미분류,신*수,2500.0,카카오페이 머니,
천세원,2024-11-18,수입,급여,미분류,정희영당근,150000.0,저축예금,
하유진,2024-11-18,이체,투자,미분류,김경희쿠팡토레타,33000.0,KB마이핏통장,
천세원,2024-11-18,이체,이체,미분류,정*영,2500.0,카카오페이 머니,
하유진,2024-11-19,지출,카페/간식,미분류,복도리카페,-10000.0,네이버 현대카드,
천세원,2024-11-19,지출,생활,생필품,세종전자담배마켓,-80000.0,카드의 정석 POINT 주거래,
하유진,2024-11-20,이체,이체,미분류,신*수,2500.0,카카오페이 머니,
하유진,2024-11-20,이체,이체,미분류,천*원,2500.0,카카오페이 머니,
하유진,2024-11-20,이체,이체,미분류,김*영,2500.0,카카오페이 머니,
하유진,2024-11-20,지출,카페/간식,미분류,뚜레쥬르부강점,-23800.0,네이버 현대카드,
천세원,2024-11-20,이체,이체,미분류,송금 내역,-2500.0,카카오페이 머니,
하유진,2024-11-20,이체,이체,미분류,천세원,100000.0,KB마이핏통장,
천세원,2024-11-20,지출,자동차,통행료,에스엠하이플러스,-50000.0,카드의 정석 POINT 주거래,
천세원,2024-11-20,이체,이체,미분류,송금 내역,-22800.0,카카오페이 머니,
천세원,2024-11-20,지출,금융,세금/과태료,국민하유진,-100000.0,저축예금,
하유진,2024-11-20,이체,이체,미분류,곽*경,12000.0,카카오페이 머니,
하유진,2024-11-20,이체,미분류,미분류,토스PG버킷플,-91587.0,KB마이핏통장,
하유진,2024-11-21,이체,이체,미분류,천*원,2500.0,카카오페이 머니,
천세원,2024-11-21,지출,자동차,차량보험,DB손12511,-35950.0,저축예금,
하유진,2024-11-21,이체,이체,미분류,김*영,2500.0,카카오페이 머니,
하유진,2024-11-21,지출,여행/숙박,미분류,TRAVEL RESERVATION KOR                \\,-172788.0,Trip to 로카,
천세원,2024-11-21,지출,주거/통신,휴대폰,국민은행LiivM,-40490.0,KB국민 첵첵 체크카드(RF),
하유진,2024-11-21,이체,저축,미분류,당근 이든,10000.0,KB마이핏통장,
하유진,2024-11-21,지출,주거/통신,미분류,국민은행LiivM,-24100.0,KB국민 nori 체크카드(RF),
하유진,2024-11-21,지출,자동차,미분류,세종부강농업협동조합주유소,-60000.0,네이버 현대카드,
하유진,2024-11-21,지출,카페/간식,미분류,복도리카페,-10000.0,네이버 현대카드,
하유진,2024-11-21,지출,의복/미용,미분류,십일번가 주식회사,-14040.0,카카오페이 간편결제,
하유진,2024-11-21,이체,이체,미분류,김*영,7020.0,카카오페이 머니,
하유진,2024-11-21,이체,이체,미분류,정*영,2500.0,카카오페이 머니,
하유진,2024-11-21,지출,여행/숙박,미분류,TRAVEL RESERVATION KOR                \\,-150796.0,Trip to 로카,
천세원,2024-11-21,이체,이체,미분류,송금 내역,-2500.0,카카오페이 머니,
하유진,2024-11-22,지출,교통,미분류,한국철도공사,15800.0,네이버페이 간편결제(머니),
천세원,2024-11-22,지출,교통,대중교통,티머니GO,9500.0,네이버페이 간편결제,
천세원,2024-11-22,지출,금융,세금/과태료,국민하유진,-30000.0,저축예금,
천세원,2024-11-22,이체,현금,미분류,Ncsty,1.0,저축예금,
천세원,2024-11-22,이체,내계좌이체,미분류,네이버페이충전,-20000.0,저축예금,
천세원,2024-11-22,이체,내계좌이체,미분류,충전 내역,20000.0,네이버페이 머니,
천세원,2024-11-22,지출,교통,철도,한국철도공사,-18500.0,네이버페이 간편결제(머니),
하유진,2024-11-22,지출,식사,미분류,코스트코코리아,-63450.0,네이버 현대카드,
하유진,2024-11-22,이체,미분류,미분류,네이버페이충전,-20000.0,KB마이핏통장,
하유진,2024-11-22,이체,미분류,미분류,네이버페이충전,-30000.0,KB마이핏통장,
천세원,2024-11-22,지출,교통,대중교통,티머니GO,-9500.0,네이버페이 간편결제,
하유진,2024-11-22,이체,이체,미분류,천세원,30000.0,KB마이핏통장,
하유진,2024-11-22,이체,미분류,미분류,충전 내역,20000.0,네이버페이 머니,
하유진,2024-11-22,지출,교통,미분류,한국철도공사,-15800.0,네이버페이 간편결제(머니),
하유진,2024-11-22,이체,미분류,미분류,충전 내역,30000.0,네이버페이 머니,
하유진,2024-11-22,지출,교통,미분류,한국철도공사,-25500.0,네이버페이 간편결제(머니),
하유진,2024-11-23,이체,저축,미분류,천세원_축의금,150000.0,KB마이핏통장,
하유진,2024-11-23,수입,금융수입,미분류,이자,0.0,MY 입출금통장,
하유진,2024-11-23,이체,저축,미분류,정기이자 입금,1.0,세이프박스,
하유진,2024-11-23,지출,생활,미분류,마켓세종,-17780.0,네이버 현대카드,
하유진,2024-11-23,수입,금융수입,미분류,입출금통장 이자,9.0,입출금통장,
천세원,2024-11-23,지출,교통,철도,코레일유통주식회,-1300.0,카드의 정석 POINT 주거래,
천세원,2024-11-23,지출,주거/통신,휴대폰,0206092040104,-300000.0,저축예금,
천세원,2024-11-23,이체,이체,미분류,김남권,300000.0,저축예금,
천세원,2024-11-23,수입,금융수입,미분류,이자,0.0,MY 입출금통장,
천세원,2024-11-23,지출,금융,세금/과태료,국민하유진_축의금,-150000.0,저축예금,
천세원,2024-11-23,지출,주거/통신,휴대폰,0208162010069,-150000.0,저축예금,
천세원,2024-11-23,이체,이체,미분류,조*일,150000.0,카카오페이 머니,
하유진,2024-11-24,지출,생활,미분류,오늘의집,-45505.0,네이버페이 간편결제(머니),
하유진,2024-11-24,이체,미분류,미분류,충전 내역,50000.0,네이버페이 머니,
하유진,2024-11-24,지출,식사,미분류,(주)우아한형제들,-22938.0,네이버페이 간편결제(머니),
하유진,2024-11-24,지출,식사,미분류,(주)우아한형제들,-22.0,네이버페이 간편결제(포인트),
하유진,2024-11-24,지출,카페/간식,미분류,주식회사 카카오,-990.0,카카오페이 간편결제,
하유진,2024-11-24,이체,미분류,미분류,네이버페이충전,-50000.0,KB마이핏통장,
하유진,2024-11-24,지출,여행/숙박,미분류,AGODA COMPANY PTE.LTD.                \\,-58843.0,Trip to 로카,
천세원,2024-11-25,이체,이체,미분류,송금 내역,-2500.0,카카오페이 머니,
하유진,2024-11-25,지출,생활,미분류,네이버페이,-195243.0,네이버 현대카드,
천세원,2024-11-25,이체,카드대금,미분류,신한카드,-3425630.0,저축예금,
천세원,2024-11-25,지출,생활,마트,세종부강농업협동,-60000.0,갤러리아 체크카드,
하유진,2024-11-25,이체,투자,미분류,김경희쿠팡책구매,50000.0,KB마이핏통장,
천세원,2024-11-25,수입,급여,미분류,급여 콘티넨탈,4070399.0,저축예금,
하유진,2024-11-25,지출,생활,미분류,마켓세종,-13140.0,네이버 현대카드,
하유진,2024-11-25,이체,이체,미분류,송금 내역,-2500.0,카카오페이 머니,
하유진,2024-11-25,수입,급여,미분류,급여 콘티넨탈,3945244.0,KB마이핏통장,
천세원,2024-11-25,지출,금융,보험,메리츠001건,-36120.0,저축예금,
하유진,2024-11-25,지출,생활,미분류,락앤락,-6057.0,네이버페이 간편결제(머니),
하유진,2024-11-25,지출,생활,미분류,한화손02건,-102105.0,KB마이핏통장,
천세원,2024-11-26,지출,식비,한식,소나무집,-18000.0,카드의 정석 POINT 주거래,
천세원,2024-11-26,이체,내계좌이체,미분류,천세원청약80,-100000.0,저축예금,
천세원,2024-11-26,이체,내계좌이체,미분류,입금 내역,100000.0,주택청약종합저축,
천세원,2024-11-26,이체,이체,미분류,이*은,9000.0,카카오페이 머니,
하유진,2024-11-26,지출,주거/통신,미분류,아파트관리비,-201970.0,네이버 현대카드,
하유진,2024-11-26,이체,이체,미분류,송금 내역,-2500.0,카카오페이 머니,
하유진,2024-11-27,이체,이체,미분류,송금 내역,-4300.0,카카오페이 머니,
하유진,2024-11-27,이체,이체,미분류,송금 내역,-2500.0,카카오페이 머니,
하유진,2024-11-27,이체,이체,미분류,송금 내역,-2500.0,카카오페이 머니,
천세원,2024-11-27,지출,교통,택시,주식회사 티머니,6200.0,카카오페이 간편결제,
천세원,2024-11-27,이체,내계좌이체,미분류,퇴직연금-천세원,-100000.0,저축예금,
천세원,2024-11-27,이체,이체,미분류,송금 내역,-2500.0,카카오페이 머니,
천세원,2024-11-27,이체,이체,미분류,송금 내역,-4300.0,카카오페이 머니,
천세원,2024-11-27,이체,내계좌이체,미분류,천세원,6211.0,저축예금,
천세원,2024-11-27,지출,교통,택시,주식회사 티머니,-6200.0,카카오페이 간편결제,
하유진,2024-11-27,지출,술/유흥,미분류,부타하우스,-44900.0,네이버 현대카드,
천세원,2024-11-27,지출,교통,택시,주식회사 티머니,-5200.0,카카오페이 간편결제,
하유진,2024-11-27,이체,이체,미분류,송금 취소 내역,-2500.0,카카오페이 머니,
하유진,2024-11-28,이체,이체,미분류,김*영,15000.0,카카오페이 머니,
천세원,2024-11-28,지출,식비,양식,(주)아워홈 콘티넨탈 세종점,-1300.0,KB국민 첵첵 체크카드(RF),
하유진,2024-11-29,지출,식사,미분류,다신샵,-1609.0,네이버페이 간편결제(포인트),
하유진,2024-11-29,지출,식사,미분류,(주)우아한형제들,-18500.0,네이버페이 간편결제,
천세원,2024-11-29,수입,금융수입,미분류,신한카드캐시백,350000.0,저축예금,
천세원,2024-11-29,수입,금융수입,미분류,신한카드캐시백,50000.0,저축예금,
천세원,2024-11-29,이체,이체,미분류,농협(주)장남새나루,-151480.0,저축예금,
천세원,2024-11-29,수입,금융수입,미분류,신한카드캐시백,700000.0,저축예금,
하유진,2024-11-29,지출,의복/미용,미분류,네이버파이낸셜,-18500.0,네이버 현대카드,
하유진,2024-11-29,지출,식사,미분류,네이버페이,-34291.0,네이버 현대카드,
하유진,2024-11-30,지출,식사,미분류,대전신화수산,-226500.0,네이버 현대카드,
천세원,2024-11-30,지출,식비,식재료,다인농업협동조합,-45790.0,카드의 정석 POINT 주거래,
천세원,2024-11-30,지출,금융,카드,11월카드사용알림서비스이용료,0.0,뉴LG전자베스트샵플러스 Style T,
하유진,2024-11-30,지출,교통,미분류,에스알,-15000.0,네이버 현대카드,
하유진,2024-11-30,지출,교통,미분류,철도승차권발매,-15500.0,네이버 현대카드,
하유진,2024-11-30,지출,교통,미분류,한국철도공사,-15500.0,네이버페이 간편결제,
하유진,2024-11-30,지출,교통,미분류,주식회사 에스알,-15000.0,네이버페이 간편결제,
하유진,2024-12-01,지출,식사,미분류,속리산청주휴게소,-10300.0,네이버 현대카드,
하유진,2024-12-01,지출,자동차,미분류,속리산청원방향주유소,-50000.0,네이버 현대카드,
하유진,2024-12-01,지출,식사,미분류,속리산청주휴게소,-19000.0,네이버 현대카드,
하유진,2024-12-01,이체,이체,미분류,김경희,22000.0,KB마이핏통장,
하유진,2024-12-02,지출,자동차,미분류,하이패스3191,-50000.0,KB마이핏통장,
천세원,2024-12-02,이체,이체,미분류,지용옥,7000.0,저축예금,
하유진,2024-12-02,이체,카드대금,미분류,신한카드,-228720.0,KB마이핏통장,
하유진,2024-12-02,지출,생활,미분류,마켓세종,-10660.0,네이버 현대카드,
천세원,2024-12-02,지출,주거/통신,월세,LH2024년11월,-79030.0,저축예금,
하유진,2024-12-03,이체,이체,미분류,송금 내역,-2500.0,카카오페이 머니,
하유진,2024-12-03,지출,카페/간식,미분류,세종스타베이프,-80000.0,네이버 현대카드,
하유진,2024-12-03,수입,금융수입,미분류,신한카드캐시백,3459.0,KB마이핏통장,
천세원,2024-12-03,이체,이체,미분류,송금 내역,-2500.0,카카오페이 머니,
천세원,2024-12-03,지출,카페/간식,커피/음료,(주)아워홈 콘,-1300.0,갤러리아 체크카드,
천세원,2024-12-03,이체,이체,미분류,고대형,3000.0,저축예금,
천세원,2024-12-03,이체,이체,미분류,김혜연,18000.0,저축예금,
천세원,2024-12-04,이체,현금,미분류,헌옷,13800.0,저축예금,
하유진,2024-12-04,지출,생활,미분류,네이버페이,-137886.0,네이버 현대카드,
하유진,2024-12-04,지출,생활,미분류,한샘,-2153333.0,네이버 현대카드,
하유진,2024-12-04,지출,식사,미분류,코스트코코리아,-73250.0,네이버 현대카드,
하유진,2024-12-04,지출,생활,미분류,프리파라 Prepara,-137886.0,네이버페이 간편결제,
하유진,2024-12-04,지출,생활,미분류,프리파라 Prepara,-10114.0,네이버페이 간편결제(포인트),
하유진,2024-12-05,지출,생활,미분류,마켓세종,-19420.0,네이버 현대카드,
천세원,2024-12-06,지출,식비,피자,노모어피자 세종,-23800.0,카드의 정석 POINT 주거래,
하유진,2024-12-06,이체,이체,미분류,장재윤,-49800.0,KB마이핏통장,
하유진,2024-12-06,이체,이체,미분류,강영희,20000.0,KB마이핏통장,
하유진,2024-12-06,지출,식사,미분류,코스트코코리아,-118540.0,네이버 현대카드,
천세원,2024-12-06,이체,이체,미분류,곽*경,2500.0,카카오페이 머니,
천세원,2024-12-06,지출,카페/간식,커피/음료,복도리 카페,-10000.0,카드의 정석 POINT 주거래,
천세원,2024-12-06,지출,생활,마트,세종부강농업협동,-50000.0,갤러리아 체크카드,
천세원,2024-12-06,이체,이체,미분류,김*영,2500.0,카카오페이 머니,
천세원,2024-12-06,이체,이체,미분류,정*영,2500.0,카카오페이 머니,
천세원,2024-12-07,지출,생활,마트,주식회사마켓세종,-4490.0,카드의 정석 POINT 주거래,
천세원,2024-12-07,지출,식비,한식,시장회센타,-3000.0,카드의 정석 POINT 주거래,
천세원,2024-12-07,지출,식비,한식,시장회센타,-65000.0,카드의 정석 POINT 주거래,
천세원,2024-12-07,지출,식비,식재료,현우와민이네반찬,-10000.0,카드의 정석 POINT 주거래,
천세원,2024-12-07,지출,뷰티/미용,헤어샵,라봄헤어,-18000.0,카드의 정석 POINT 주거래,
하유진,2024-12-07,지출,자동차,미분류,메리츠화재,-83390.0,네이버 현대카드,
하유진,2024-12-07,지출,자동차,미분류,메리츠화재,83390.0,네이버 현대카드,
하유진,2024-12-07,이체,이체,미분류,하*헌,85000.0,카카오페이 머니,
하유진,2024-12-07,지출,미분류,미분류,메리츠화재,83390.0,네이버 현대카드,
하유진,2024-12-07,지출,미분류,미분류,메리츠화재,-83390.0,네이버 현대카드,
하유진,2024-12-08,지출,여행/숙박,미분류,Agoda,-165030.0,네이버페이 간편결제,
하유진,2024-12-08,지출,여행/숙박,미분류,Agoda,-165030.0,네이버페이 간편결제,
하유진,2024-12-08,이체,이체,미분류,천세원,3000000.0,KB마이핏통장,
천세원,2024-12-08,수입,금융수입,미분류,공항소금,1.0,저축예금,
하유진,2024-12-08,지출,생활,미분류,네이버페이,-165030.0,네이버 현대카드,
하유진,2024-12-08,지출,생활,미분류,네이버페이,-165030.0,네이버 현대카드,
천세원,2024-12-08,지출,금융,세금/과태료,국민하유진,-3000000.0,저축예금,
천세원,2024-12-09,지출,식비,고기,인생극장 세종새,-141400.0,갤러리아 체크카드,
천세원,2024-12-09,지출,카페/간식,기타간식,(주)아워홈 콘,-1300.0,갤러리아 체크카드,
하유진,2024-12-09,지출,자동차,미분류,메리츠화재,-457380.0,네이버 현대카드,
하유진,2024-12-09,지출,주거/통신,미분류,LG유플러스통신요금,-16150.0,네이버 현대카드,
하유진,2024-12-09,이체,이체,미분류,송금 내역,-85000.0,카카오페이 머니,
천세원,2024-12-10,지출,생활,생필품,세종전자담배마켓,-80000.0,카드의 정석 POINT 주거래,
하유진,2024-12-10,지출,카페/간식,미분류,센스프레임,-61000.0,네이버페이 간편결제,
하유진,2024-12-10,지출,생활,미분류,네이버페이,-61000.0,네이버 현대카드,
하유진,2024-12-10,지출,문화/여가,미분류,KICC_ARS결제,-120000.0,네이버 현대카드,
하유진,2024-12-10,이체,미분류,미분류,하유진,108000.0,KB마이핏통장,
천세원,2024-12-10,이체,이체,미분류,LH_세종시,41330660.0,저축예금,
하유진,2024-12-11,지출,카페/간식,미분류,스타벅스코리아_상품권,-200000.0,네이버 현대카드,
하유진,2024-12-11,지출,여행/숙박,미분류,유심통,-6456.0,네이버페이 간편결제(포인트),
하유진,2024-12-11,지출,여행/숙박,미분류,유심통,-6944.0,네이버페이 간편결제,
하유진,2024-12-11,지출,의복/미용,미분류,올리브영세종새롬점,-42960.0,네이버 현대카드,
하유진,2024-12-11,지출,의복/미용,미분류,올리브영세종새롬점,42960.0,네이버 현대카드,
하유진,2024-12-11,지출,의복/미용,미분류,올리브영세종새롬점,-35040.0,네이버 현대카드,
하유진,2024-12-11,지출,생활,미분류,네이버페이,-6944.0,네이버 현대카드,
하유진,2024-12-11,지출,자동차,미분류,DB손해보험,-13260.0,네이버 현대카드,
천세원,2024-12-11,지출,여행/숙박,여행,말톡,-26700.0,네이버페이 간편결제(머니),
천세원,2024-12-11,이체,내계좌이체,미분류,네이버페이충전,-30000.0,저축예금,
천세원,2024-12-11,지출,식비,한식,송금 내역,-2500.0,카카오페이 머니,
천세원,2024-12-11,지출,카페/간식,커피/음료,복도리 카페,-4500.0,카드의 정석 POINT 주거래,
천세원,2024-12-11,지출,교통,대중교통,교통-지하철1건,-1400.0,카드의 정석 POINT 주거래,
천세원,2024-12-11,이체,내계좌이체,미분류,충전 내역,30000.0,네이버페이 머니,
천세원,2024-12-12,지출,식비,한식,송금 내역,-2500.0,카카오페이 머니,
천세원,2024-12-12,지출,여행/숙박,여행,말톡,26700.0,네이버페이 간편결제(머니),
하유진,2024-12-12,이체,카드대금,미분류,현대카드대금,-6874577.0,KB마이핏통장,
하유진,2024-12-12,지출,카페/간식,미분류,복도리카페,-1700.0,네이버 현대카드,
하유진,2024-12-12,지출,여행/숙박,미분류,유심통,6944.0,네이버페이 간편결제,
하유진,2024-12-12,지출,여행/숙박,미분류,유심통,6456.0,네이버페이 간편결제(포인트),
하유진,2024-12-12,이체,이체,미분류,송금 내역,-2500.0,카카오페이 머니,
천세원,2024-12-13,이체,내계좌이체,미분류,충전 내역,20000.0,네이버페이 머니,
천세원,2024-12-13,지출,자동차,정비/수리,현대블루핸즈 세,-81800.0,카드의 정석 POINT 주거래,
천세원,2024-12-13,이체,이체,미분류,이정숙,10000.0,저축예금,
천세원,2024-12-13,지출,여행/숙박,여행용품,유심통,-12300.0,네이버페이 간편결제(머니),
천세원,2024-12-13,이체,내계좌이체,미분류,네이버페이충전,-20000.0,저축예금,
천세원,2024-12-13,이체,내계좌이체,미분류,네이버페이충전,-100000.0,저축예금,
천세원,2024-12-13,지출,생활,가구/가전,뭉클조명,-96000.0,네이버페이 간편결제(머니),
천세원,2024-12-13,지출,여행/숙박,해외결제,트래블월렛,-254848.0,저축예금,
하유진,2024-12-13,지출,미분류,미분류,네이버페이,6944.0,네이버 현대카드,
하유진,2024-12-13,이체,저축,미분류,당근 도라지,7500.0,KB마이핏통장,
천세원,2024-12-13,이체,내계좌이체,미분류,충전 내역,100000.0,네이버페이 머니,
하유진,2024-12-14,지출,생활,미분류,네이버페이,-8844.0,네이버 현대카드,
천세원,2024-12-14,지출,생활,가구/가전,(주)신성전자,-1500000.0,뉴LG전자베스트샵플러스 Style T,
하유진,2024-12-14,이체,이체,미분류,하*헌,1000000.0,카카오페이 머니,
천세원,2024-12-14,지출,식비,한식,송금 내역,-11800.0,카카오페이 머니,
하유진,2024-12-14,지출,식사,미분류,송금 내역,-11800.0,카카오페이 머니,
하유진,2024-12-14,지출,의복/미용,미분류,디스커버리 익스페디션,-255208.0,네이버페이 간편결제,
천세원,2024-12-14,지출,온라인쇼핑,인터넷쇼핑,LG전자 베스트샵_다날,-500000.0,뉴LG전자베스트샵플러스 Style T,
하유진,2024-12-14,지출,여행/숙박,미분류,유심통,-6456.0,네이버페이 간편결제(포인트),
하유진,2024-12-14,지출,여행/숙박,미분류,유심통,-8844.0,네이버페이 간편결제,
천세원,2024-12-14,지출,온라인쇼핑,인터넷쇼핑,주식회사 무신사페이먼츠,-189507.0,카카오페이 간편결제,
하유진,2024-12-14,지출,의복/미용,미분류,디스커버리 익스페디션,-342.0,네이버페이 간편결제(포인트),
하유진,2024-12-14,지출,생활,미분류,네이버페이,-255208.0,네이버 현대카드,
천세원,2024-12-14,지출,생활,가구/가전,(주)신성전자,-500000.0,뉴LG전자베스트샵플러스 Style T,
하유진,2024-12-15,지출,교통,미분류,모바일 티머니 충전(,-5095.0,프렌즈 체크카드,
하유진,2024-12-15,지출,교통,미분류,한국철도공사,-9600.0,네이버페이 간편결제(머니),
하유진,2024-12-15,지출,교통,미분류,주식회사 에스알,7500.0,네이버페이 간편결제,
하유진,2024-12-15,지출,생활,미분류,네이버페이,-250550.0,네이버 현대카드,
하유진,2024-12-15,지출,생활,미분류,네이버페이,-95000.0,네이버 현대카드,
하유진,2024-12-15,이체,미분류,미분류,네이버페이충전,-10000.0,KB마이핏통장,
하유진,2024-12-15,이체,미분류,미분류,충전 내역,10000.0,네이버페이 머니,
천세원,2024-12-15,지출,생활,가구/가전,뭉클조명,96000.0,네이버페이 간편결제(머니),
하유진,2024-12-15,지출,생활,미분류,뭉클조명,-95000.0,네이버페이 간편결제,
천세원,2024-12-15,지출,생활,편의점,GS25세종캐슬,-3780.0,카드의 정석 POINT 주거래,
천세원,2024-12-15,지출,패션/쇼핑,패션,디스커버리 익스페디션,-5000.0,네이버페이 간편결제(포인트),
천세원,2024-12-16,이체,저축,미분류,CONTINENTA,123480.0,저축예금,
하유진,2024-12-16,지출,의복/미용,미분류,디스커버리 익스페디션,342.0,네이버페이 간편결제(포인트),
하유진,2024-12-16,지출,의복/미용,미분류,디스커버리 익스페디션,255208.0,네이버페이 간편결제,
천세원,2024-12-16,지출,식비,한식,송금 내역,-11000.0,카카오페이 머니,
천세원,2024-12-16,지출,주거/통신,휴대폰,SKB구_티브로드),-16500.0,저축예금,
하유진,2024-12-16,지출,교통,미분류,에스알,15000.0,네이버 현대카드,
하유진,2024-12-16,지출,식사,미분류,송금 내역,-104750.0,카카오페이 머니,
하유진,2024-12-16,지출,식사,미분류,송금 내역,-7100.0,카카오페이 머니,
하유진,2024-12-16,지출,교통,미분류,SRT반환수수료,-800.0,네이버 현대카드,
하유진,2024-12-16,지출,식사,미분류,송금 내역,-13000.0,카카오페이 머니,
천세원,2024-12-17,지출,식비,양식,(주)아워홈 콘티넨탈 세종점,-1300.0,KB국민 첵첵 체크카드(RF),
천세원,2024-12-17,지출,주거/통신,관리비,광주광,-100000.0,저축예금,
하유진,2024-12-17,지출,의복/미용,미분류,네이버페이,255208.0,네이버 현대카드,
하유진,2024-12-17,이체,현금,미분류,현대카드,15000.0,KB마이핏통장,
천세원,2024-12-17,지출,식비,양식,(주)아워홈 콘티넨탈 세종점,-1200.0,KB국민 첵첵 체크카드(RF),
하유진,2024-12-18,지출,식사,미분류,아워홈콘티넨탈세종점,-2500.0,네이버 현대카드,
천세원,2024-12-18,지출,온라인쇼핑,인터넷쇼핑,주식회사 카카오,-20000.0,카카오페이 간편결제,
하유진,2024-12-19,이체,이체,미분류,천*원,2500.0,카카오페이 머니,
하유진,2024-12-19,이체,이체,미분류,곽*경,2500.0,카카오페이 머니,
하유진,2024-12-19,이체,이체,미분류,박*용,2500.0,카카오페이 머니,
하유진,2024-12-19,이체,이체,미분류,정*영,2500.0,카카오페이 머니,
하유진,2024-12-19,지출,식사,미분류,송금 내역,-11000.0,카카오페이 머니,
하유진,2024-12-19,지출,카페/간식,미분류,복도리카페,-15000.0,네이버 현대카드,
천세원,2024-12-19,지출,식비,한식,송금 내역,-11000.0,카카오페이 머니,
천세원,2024-12-19,지출,식비,한식,송금 내역,-2500.0,카카오페이 머니,
하유진,2024-12-19,이체,이체,미분류,신*수,2500.0,카카오페이 머니,
하유진,2024-12-19,이체,미분류,미분류,당근페이,-10000.0,KB마이핏통장,
하유진,2024-12-20,지출,식사,미분류,(주)우아한형제들,-27000.0,네이버페이 간편결제(포인트),
천세원,2024-12-20,지출,온라인쇼핑,인터넷쇼핑,멜로멜로:,-81700.0,네이버페이 간편결제,
하유진,2024-12-21,이체,미분류,미분류,입금 내역,4.0,행복knowhow 주거래 우대통장,
하유진,2024-12-21,이체,이체,미분류,*****,1.0,신한 주거래 S20통장,
하유진,2024-12-21,이체,저축,미분류,예금결산이자,0.0,저축예금,
천세원,2024-12-21,이체,미분류,미분류,입금 내역,0.0,저축예금,
천세원,2024-12-21,이체,이체,미분류,김한규,70000.0,저축예금,
천세원,2024-12-21,수입,금융수입,미분류,예금결산이자,4052.0,저축예금,
천세원,2024-12-22,지출,생활,생필품,주식회사 아성다,-2500.0,카드의 정석 POINT 주거래,
하유진,2024-12-22,수입,금융수입,미분류,예금이자원가,0.0,잇(it)딴주머니통장,
하유진,2024-12-22,지출,생활,미분류,마켓세종,-19640.0,네이버 현대카드,
하유진,2024-12-22,지출,문화/여가,미분류,ALIPAY CONNECT PTE. LTD,-77489.0,카카오페이 간편결제,
하유진,2024-12-23,지출,주거/통신,미분류,국민은행LiivM,-24100.0,KB국민 nori 체크카드(RF),
하유진,2024-12-23,이체,이체,미분류,김숙희,-34000.0,KB마이핏통장,
하유진,2024-12-23,이체,이체,미분류,이광명,-25000.0,KB마이핏통장,
하유진,2024-12-23,지출,식사,미분류,코스트코코리아,-174480.0,네이버 현대카드,
하유진,2024-12-23,지출,생활,미분류,공간 LED,-4290.0,네이버페이 간편결제(포인트),
천세원,2024-12-23,지출,의료/건강,이비인후과,서울삼성이비인후,-164790.0,카드의 정석 POINT 주거래,
천세원,2024-12-23,지출,카페/간식,커피/음료,메가커피 세종새,-5700.0,카드의 정석 POINT 주거래,
천세원,2024-12-23,지출,식비,패스트푸드,노브랜드버거 세,-13200.0,카드의 정석 POINT 주거래,
천세원,2024-12-23,지출,주거/통신,휴대폰,국민은행LiivM,-40490.0,KB국민 첵첵 체크카드(RF),
천세원,2024-12-23,지출,자동차,차량보험,DB손12612,-35950.0,저축예금,
천세원,2024-12-24,이체,내계좌이체,미분류,예금신규,-500000.0,저축예금,
하유진,2024-12-24,수입,급여,미분류,급여 콘티넨탈,3933830.0,KB마이핏통장,
하유진,2024-12-24,이체,이체,미분류,김*담,11300.0,카카오페이 머니,
하유진,2024-12-24,지출,문화/여가,미분류,ALIPAY CONNECT PTE. LTD,-23500.0,카카오페이 간편결제,
하유진,2024-12-24,지출,미분류,미분류,지자체세입금네이버페이,-100000.0,네이버 현대카드,
하유진,2024-12-24,지출,주거/통신,미분류,아파트관리비,-237660.0,네이버 현대카드,
하유진,2024-12-24,지출,문화/여가,미분류,주식회사 카카오,-990.0,카카오페이 간편결제,
하유진,2024-12-24,지출,미분류,미분류,금융결제원 인터넷지로,-100000.0,네이버페이 간편결제,
천세원,2024-12-24,지출,생활,마트,(주)이마트세종,-56670.0,갤러리아 체크카드,
천세원,2024-12-24,수입,급여,미분류,급여 콘티넨탈,4004950.0,저축예금,
천세원,2024-12-24,이체,내계좌이체,미분류,통장 개설,500000.0,WON 자유적금,
천세원,2024-12-24,이체,내계좌이체,미분류,예금신규,-30000000.0,저축예금,
천세원,2024-12-24,이체,내계좌이체,미분류,통장 개설,30000000.0,WON플러스예금,
천세원,2024-12-24,지출,생활,마트,세종부강농업협동,-60000.0,갤러리아 체크카드,
하유진,2024-12-24,지출,식사,미분류,zakka,-22600.0,네이버페이 간편결제(포인트),
천세원,2024-12-24,지출,금융,은행,예금신규,-30000000.0,저축예금,
천세원,2024-12-24,지출,금융,은행,예금신규,-500000.0,저축예금,
하유진,2024-12-26,지출,생활,미분류,네이버페이,-21896.0,네이버 현대카드,
하유진,2024-12-26,지출,식사,미분류,아워홈콘티넨탈세종점,-1200.0,네이버 현대카드,
하유진,2024-12-26,지출,의복/미용,미분류,바이오가,-4204.0,네이버페이 간편결제(포인트),
하유진,2024-12-26,지출,교육,미분류,월급쟁이부자들,-370000.0,네이버페이 간편결제,
하유진,2024-12-26,지출,의복/미용,미분류,바이오가,-400.0,네이버페이 간편결제(머니),
하유진,2024-12-26,지출,의복/미용,미분류,바이오가,-21896.0,네이버페이 간편결제,
하유진,2024-12-26,지출,생활,미분류,네이버페이,-370000.0,네이버 현대카드,
하유진,2024-12-26,지출,생활,미분류,한화손02건,-102105.0,KB마이핏통장,
천세원,2024-12-26,이체,내계좌이체,미분류,천세원청약81,-100000.0,저축예금,
천세원,2024-12-26,이체,카드대금,미분류,신한카드,-2410000.0,저축예금,
천세원,2024-12-26,이체,내계좌이체,미분류,입금 내역,100000.0,주택청약종합저축,
천세원,2024-12-26,지출,금융,보험,메리츠001건,-36120.0,저축예금,
천세원,2024-12-26,이체,카드대금,미분류,우리카드결제대금,-1400.0,저축예금,
천세원,2024-12-26,지출,생활,생필품,세종전자담배마켓,-160000.0,카드의 정석 POINT 주거래,
하유진,2024-12-27,지출,생활,미분류,네이버페이,-267900.0,네이버 현대카드,
하유진,2024-12-27,지출,여행/숙박,미분류,야놀자플랫폼,-267900.0,네이버페이 간편결제,
천세원,2024-12-27,이체,내계좌이체,미분류,퇴직연금-천세원,-100000.0,저축예금,
천세원,2024-12-27,지출,식비,한식,송금 내역,-2500.0,카카오페이 머니,
천세원,2024-12-27,지출,식비,한식,송금 내역,-2500.0,카카오페이 머니,
하유진,2024-12-27,지출,식사,미분류,(주)우아한형제들,-18000.0,네이버페이 간편결제,
하유진,2024-12-27,지출,자동차,미분류,하이패스3191,-50000.0,KB마이핏통장,
하유진,2024-12-27,지출,교통,미분류,BC바로카드,-190211.0,KB마이핏통장,
하유진,2024-12-27,지출,의복/미용,미분류,네이버파이낸셜,-18000.0,네이버 현대카드,
하유진,2024-12-27,지출,식사,미분류,송금 내역,-2500.0,카카오페이 머니,
천세원,2024-12-27,지출,카페/간식,커피/음료,실속생활,-14300.0,네이버페이 간편결제(포인트),
천세원,2024-12-28,지출,금융,세금/과태료,국민하유진,-500000.0,저축예금,
하유진,2024-12-28,지출,카페/간식,미분류,화이트리에유성노은점,-6000.0,네이버 현대카드,
하유진,2024-12-28,이체,이체,미분류,천세원,500000.0,KB마이핏통장,
하유진,2024-12-28,지출,경조사,미분류,중앙시장활성화구역상인회,-1300.0,네이버 현대카드,
천세원,2024-12-28,이체,현금,미분류,토뱅차지호,-50000.0,저축예금,
천세원,2024-12-28,수입,금융수입,미분류,이자,0.0,MY 입출금통장,
하유진,2024-12-28,수입,금융수입,미분류,결산이자,11898.0,자립예탁금,
하유진,2024-12-28,수입,금융수입,미분류,결산이자,0.0,자립예탁금,
하유진,2024-12-28,수입,금융수입,미분류,이자,0.0,MY 입출금통장,
하유진,2024-12-28,수입,금융수입,미분류,입출금통장 이자,11.0,입출금통장,
하유진,2024-12-28,이체,저축,미분류,정기이자 입금,1.0,세이프박스,
천세원,2024-12-29,이체,미분류,미분류,입금 내역,0.0,자립예탁금,
하유진,2024-12-29,이체,미분류,미분류,출금 내역,-140.0,NH1934우대통장(저축예금),
하유진,2024-12-29,이체,미분류,미분류,출금 내역,-1440.0,NH1934우대통장(저축예금),
하유진,2024-12-29,이체,미분류,미분류,입금 내역,10298.0,NH1934우대통장(저축예금),
하유진,2024-12-30,지출,식사,미분류,코스트코코리아,-114290.0,네이버 현대카드,
하유진,2024-12-30,지출,교육,미분류,월급쟁이부자들,370000.0,네이버페이 간편결제,
천세원,2024-12-30,지출,식비,한식,송금 내역,-2680.0,카카오페이 머니,
하유진,2024-12-30,지출,식사,미분류,송금 내역,-2680.0,카카오페이 머니,
하유진,2024-12-31,지출,식사,미분류,송금 내역,-4000.0,카카오페이 머니,
하유진,2024-12-31,지출,의복/미용,미분류,네이버페이,370000.0,네이버 현대카드,
천세원,2024-12-31,이체,투자,미분류,새나루12단지,7340.0,저축예금,
하유진,2024-12-31,지출,의복/미용,미분류,주식회사 카카오스타일,-31080.0,카카오페이 간편결제,
천세원,2024-12-31,수입,금융수입,미분류,신한카드캐시백,900000.0,저축예금,
천세원,2024-12-31,지출,식비,한식,박가네돼지국밥,-35000.0,카드의 정석 POINT 주거래,
천세원,2024-12-31,지출,식비,한식,송금 내역,-13660.0,카카오페이 머니,
하유진,2024-12-31,이체,이체,미분류,배규빛,-38000.0,KB마이핏통장,
하유진,2024-12-31,지출,식사,미분류,송금 내역,-13660.0,카카오페이 머니,
천세원,2024-12-31,지출,생활,마트,주식회사마켓세종,-30700.0,카드의 정석 POINT 주거래,
천세원,2024-12-31,지출,식비,한식,송금 내역,-4000.0,카카오페이 머니,
