user,date,type,category,subcategory,content,amount,pay,memo
천세원,2025-01-01,지출,식비,배달,주식회사 우아한형제들,-28800.0,카카오페이 간편결제,
천세원,2025-01-02,지출,교통,시외버스,버스타고,-49000.0,네이버페이 간편결제,
하유진,2025-01-02,이체,투자,미분류,DB손보5403,39856.0,KB마이핏통장,
하유진,2025-01-02,지출,식사,미분류,송금 내역,-40000.0,카카오페이 머니,
하유진,2025-01-02,이체,카드대금,미분류,롯데카드2501,-374782.0,KB마이핏통장,
하유진,2025-01-02,이체,카드대금,미분류,신한카드,-81190.0,KB마이핏통장,
천세원,2025-01-03,지출,자동차,주유,주식회사 동인청,-60000.0,갤러리아 체크카드,
천세원,2025-01-03,지출,생활,편의점,지에스(GS)2,-700.0,카드의 정석 POINT 주거래,
천세원,2025-01-03,지출,문화/여가,음악,오잉코인노래연습,-5000.0,카드의 정석 POINT 주거래,
천세원,2025-01-03,지출,온라인쇼핑,인터넷쇼핑,주식회사 카카오,-12000.0,카카오페이 간편결제,
하유진,2025-01-03,지출,식사,미분류,신대구막창나성점,-56600.0,네이버 현대카드,
하유진,2025-01-04,지출,생활,미분류,한샘,-2153333.0,네이버 현대카드,
하유진,2025-01-05,이체,저축,미분류,당근 팜캉스,5000.0,KB마이핏통장,
하유진,2025-01-05,지출,생활,미분류,홍성농협하나로마트,-12180.0,네이버 현대카드,
천세원,2025-01-05,지출,여행/숙박,숙박비,(주)호반호텔앤,-22500.0,카드의 정석 POINT 주거래,
천세원,2025-01-05,지출,식비,고기,선사시대 꺼먹돼,-71000.0,카드의 정석 POINT 주거래,
천세원,2025-01-05,지출,카페/간식,디저트/떡,씨유(CU) 덕,-2200.0,카드의 정석 POINT 주거래,
하유진,2025-01-06,지출,카페/간식,미분류,애플양과점,-14500.0,네이버 현대카드,
천세원,2025-01-06,지출,카페/간식,커피/음료,수림방앗간,-5600.0,카드의 정석 POINT 주거래,
천세원,2025-01-06,지출,금융,카드,(유한책임회사),-4000.0,카드의 정석 POINT 주거래,
천세원,2025-01-06,지출,식비,치킨,아리랑고개닭꼬치,-7000.0,카드의 정석 POINT 주거래,
천세원,2025-01-06,지출,식비,한식,선봉국수,-7500.0,카드의 정석 POINT 주거래,
천세원,2025-01-08,이체,이체,미분류,지*경,100000.0,카카오페이 머니,
하유진,2025-01-08,지출,문화/여가,미분류,네이버플러스멤버십,-4129.0,네이버페이 간편결제(포인트),
하유진,2025-01-08,이체,이체,미분류,최지영,-38000.0,KB마이핏통장,
천세원,2025-01-08,지출,식비,한식,송금 내역,-2500.0,카카오페이 머니,
하유진,2025-01-08,지출,식사,미분류,송금 내역,-2500.0,카카오페이 머니,
하유진,2025-01-09,지출,식사,미분류,(주)우아한형제들,-2527.0,네이버페이 간편결제(포인트),
하유진,2025-01-09,지출,식사,미분류,(주)우아한형제들,-23473.0,네이버페이 간편결제,
하유진,2025-01-09,지출,식사,미분류,(주)우아한형제들,-6000.0,네이버페이 간편결제,
천세원,2025-01-09,지출,식비,한식,송금 내역,-16642.0,카카오페이 머니,
하유진,2025-01-09,지출,의복/미용,미분류,네이버파이낸셜,-6000.0,네이버 현대카드,
하유진,2025-01-09,지출,의복/미용,미분류,네이버파이낸셜,-23473.0,네이버 현대카드,
하유진,2025-01-09,지출,식사,미분류,송금 내역,-16642.0,카카오페이 머니,
하유진,2025-01-10,이체,미분류,미분류,충전 내역,90000.0,네이버페이 머니,
하유진,2025-01-10,지출,교통,미분류,한국철도공사,-86600.0,네이버페이 간편결제(머니),
하유진,2025-01-10,지출,생활,미분류,마켓세종,-34510.0,네이버 현대카드,
하유진,2025-01-10,지출,식사,미분류,원조꼬막시장,-28000.0,네이버 현대카드,
하유진,2025-01-10,지출,식사,미분류,원조꼬막시장,28000.0,네이버 현대카드,
하유진,2025-01-10,이체,이체,미분류,전유정,-8000.0,KB마이핏통장,
천세원,2025-01-10,지출,교통,대중교통,교통-버스4건,-4150.0,카드의 정석 POINT 주거래,
하유진,2025-01-10,이체,미분류,미분류,네이버페이충전,-90000.0,KB마이핏통장,
하유진,2025-01-11,지출,생활,미분류,마켓세종,-11340.0,네이버 현대카드,
하유진,2025-01-11,이체,미분류,미분류,네이버페이충전,-40000.0,KB마이핏통장,
하유진,2025-01-11,이체,투자,미분류,김경희기차,86600.0,KB마이핏통장,
천세원,2025-01-11,지출,식비,식재료,효모로만든찬 새,-11000.0,카드의 정석 POINT 주거래,
하유진,2025-01-11,이체,미분류,미분류,충전 내역,40000.0,네이버페이 머니,
하유진,2025-01-11,지출,식사,미분류,(주)우아한형제들,-35000.0,네이버페이 간편결제(머니),
하유진,2025-01-12,지출,미분류,미분류,NICE_통신판매,-229000.0,네이버 현대카드,
하유진,2025-01-12,지출,교육,미분류,NICE_통신판매,-229000.0,네이버 현대카드,
천세원,2025-01-13,지출,자동차,주유,망향주유소,-60000.0,카드의 정석 POINT 주거래,
천세원,2025-01-13,지출,식비,패스트푸드,노브랜드버거 세,-6600.0,카드의 정석 POINT 주거래,
천세원,2025-01-13,지출,생활,생필품,세종전자담배마켓,-160000.0,카드의 정석 POINT 주거래,
하유진,2025-01-13,이체,카드대금,미분류,현대카드대금,-5242006.0,KB마이핏통장,
하유진,2025-01-13,이체,이체,미분류,메리츠화재,396290.0,KB마이핏통장,
하유진,2025-01-13,지출,자동차,미분류,DB손해보험,-13260.0,네이버 현대카드,
천세원,2025-01-14,지출,생활,가구/가전,(주)신성전자,-500000.0,뉴LG전자베스트샵플러스 Style T,
천세원,2025-01-14,지출,생활,가구/가전,(주)신성전자,-1500000.0,뉴LG전자베스트샵플러스 Style T,
천세원,2025-01-14,지출,온라인쇼핑,인터넷쇼핑,LG전자 베스트샵_다날,-500000.0,뉴LG전자베스트샵플러스 Style T,
하유진,2025-01-14,지출,생활,미분류,마켓세종,-14800.0,네이버 현대카드,
하유진,2025-01-14,지출,식사,미분류,소나무집,-9000.0,네이버 현대카드,
하유진,2025-01-14,지출,문화/여가,미분류,KICC_ARS결제,-120000.0,네이버 현대카드,
하유진,2025-01-14,지출,자동차,미분류,하이패스3191,-50000.0,KB마이핏통장,
하유진,2025-01-15,지출,식사,미분류,아워홈콘티넨탈세종점,-1700.0,네이버 현대카드,
하유진,2025-01-15,지출,식사,미분류,아워홈콘티넨탈세종점,-1200.0,네이버 현대카드,
천세원,2025-01-15,지출,식비,고기,온라인한우장터,-65440.0,네이버페이 간편결제,
천세원,2025-01-15,지출,식비,고기,온라인한우장터,-6685.0,네이버페이 간편결제(포인트),
천세원,2025-01-15,지출,식비,고기,온라인한우장터,-58755.0,네이버페이 간편결제(머니),
천세원,2025-01-15,지출,주거/통신,휴대폰,SKB구_티브로드),-16500.0,저축예금,
하유진,2025-01-15,지출,식사,미분류,아워홈콘티넨탈세종점,-2600.0,네이버 현대카드,
하유진,2025-01-16,지출,미분류,미분류,현대카드주식회사,-66160.0,네이버페이 간편결제,
하유진,2025-01-16,지출,자동차,미분류,인터넷상거래,-66160.0,네이버 현대카드,
하유진,2025-01-16,지출,자동차,미분류,인터넷상거래,-66160.0,네이버 현대카드,
하유진,2025-01-16,지출,교육,미분류,인터넷상거래,66160.0,네이버 현대카드,
하유진,2025-01-16,지출,자동차,미분류,인터넷상거래,-66160.0,네이버 현대카드,
하유진,2025-01-16,지출,식사,미분류,아워홈콘티넨탈세종점,-1200.0,네이버 현대카드,
천세원,2025-01-16,지출,식비,한식,송금 내역,-2500.0,카카오페이 머니,
하유진,2025-01-16,지출,미분류,미분류,현대카드주식회사,-66160.0,네이버페이 간편결제,
하유진,2025-01-16,지출,미분류,미분류,현대카드주식회사,66160.0,네이버페이 간편결제,
하유진,2025-01-16,지출,미분류,미분류,현대카드주식회사,-66160.0,네이버페이 간편결제,
천세원,2025-01-17,지출,생활,마트,세종중합농협 하,-37820.0,카드의 정석 POINT 주거래,
천세원,2025-01-18,지출,금융,세금/과태료,국민하유진,-3000000.0,저축예금,
하유진,2025-01-18,이체,이체,미분류,천세원,3000000.0,KB마이핏통장,
하유진,2025-01-19,수입,금융수입,미분류,예금이자원가,0.0,잇(it)딴주머니통장,
천세원,2025-01-19,지출,뷰티/미용,헤어샵,라봄헤어,-18000.0,카드의 정석 POINT 주거래,
하유진,2025-01-20,이체,미분류,미분류,하유진,-10000000.0,KB마이핏통장,
천세원,2025-01-20,지출,식비,한식,송금 내역,-2500.0,카카오페이 머니,
하유진,2025-01-20,지출,식사,미분류,송금 내역,-2500.0,카카오페이 머니,
천세원,2025-01-21,지출,식비,한식,송금 내역,-2500.0,카카오페이 머니,
천세원,2025-01-21,지출,생활,마트,세종부강농업협동,-60000.0,갤러리아 체크카드,
천세원,2025-01-21,지출,주거/통신,휴대폰,국민은행LiivM,-40490.0,KB국민 첵첵 체크카드(RF),
천세원,2025-01-21,지출,자동차,차량보험,DB손12701,-35950.0,저축예금,
하유진,2025-01-21,지출,주거/통신,미분류,국민은행LiivM,-28500.0,KB국민 nori 체크카드(RF),
하유진,2025-01-21,지출,식사,미분류,송금 내역,-2500.0,카카오페이 머니,
천세원,2025-01-22,지출,생활,마트,노브랜드세종나성,-17860.0,카드의 정석 POINT 주거래,
천세원,2025-01-22,지출,의료/건강,이비인후과,서울삼성이비인후,-3900.0,카드의 정석 POINT 주거래,
하유진,2025-01-22,수입,용돈,미분류,김경희비행기,3400000.0,KB마이핏통장,
천세원,2025-01-23,지출,생활,생필품,세종전자담배마켓,-80000.0,카드의 정석 POINT 주거래,
하유진,2025-01-23,지출,문화/여가,미분류,네이버플러스멤버십,-8000.0,네이버페이 간편결제(포인트),
천세원,2025-01-23,지출,카페/간식,커피/음료,스타벅스 코리아,-900.0,카드의 정석 POINT 주거래,
천세원,2025-01-24,이체,이체,미분류,삼성305,1.0,저축예금,
하유진,2025-01-24,지출,생활,미분류,마켓세종,-5100.0,네이버 현대카드,
천세원,2025-01-24,수입,급여,미분류,상여 콘티넨탈,1967714.0,저축예금,
하유진,2025-01-24,지출,의료/건강,미분류,세종권약국,-10800.0,세종 여민전 하나멤버스 1Q체크카드(후불교통),
하유진,2025-01-24,지출,식사,미분류,아워홈콘티넨탈세종점,-1200.0,네이버 현대카드,
천세원,2025-01-24,지출,생활,생필품,주식회사 아성다,-2000.0,카드의 정석 POINT 주거래,
천세원,2025-01-24,이체,내계좌이체,미분류,삼성천세원,-6000000.0,저축예금,
천세원,2025-01-24,이체,저축,미분류,CONTINENTA,88820.0,저축예금,
하유진,2025-01-24,수입,급여,미분류,급여 콘티넨탈,4458575.0,KB마이핏통장,
하유진,2025-01-24,수입,급여,미분류,상여 콘티넨탈,1835517.0,KB마이핏통장,
하유진,2025-01-24,지출,문화/여가,미분류,주식회사 카카오,-990.0,카카오페이 간편결제,
천세원,2025-01-24,지출,금융,세금/과태료,지방세입금1건,-158870.0,저축예금,
천세원,2025-01-24,지출,금융,세금/과태료,지방세입금1건,-89460.0,저축예금,
하유진,2025-01-24,이체,저축,미분류,CONTINENTA,96720.0,KB마이핏통장,
천세원,2025-01-24,수입,급여,미분류,급여 콘티넨탈,4798740.0,저축예금,
하유진,2025-01-25,수입,금융수입,미분류,입출금통장 이자,9.0,입출금통장,
하유진,2025-01-25,지출,미분류,미분류,케이비손해보험,-8060.0,네이버 현대카드,
하유진,2025-01-25,수입,금융수입,미분류,이자,0.0,MY 입출금통장,
천세원,2025-01-25,수입,금융수입,미분류,이자,0.0,MY 입출금통장,
천세원,2025-01-25,지출,금융,보험,(주)케이비손해,-6770.0,카드의 정석 POINT 주거래,
하유진,2025-01-25,이체,저축,미분류,정기이자 입금,1.0,세이프박스,
천세원,2025-01-26,지출,식비,한식,(주)부자송산휴,-1000.0,카드의 정석 POINT 주거래,
천세원,2025-01-26,지출,식비,아시아음식,터미널W PHO,-25500.0,카드의 정석 POINT 주거래,
하유진,2025-01-26,지출,식사,미분류,부자송산휴게소,-4000.0,네이버 현대카드,
천세원,2025-01-27,지출,여행/숙박,해외결제,트래블월렛,-268500.0,저축예금,
천세원,2025-01-27,지출,여행/숙박,해외결제,트래블월렛,-179000.0,저축예금,
천세원,2025-01-28,지출,여행/숙박,해외결제,트래블월렛,-271200.0,저축예금,
천세원,2025-01-28,지출,여행/숙박,해외결제,트래블월렛,-90400.0,저축예금,
하유진,2025-01-29,지출,의복/미용,미분류,Grab* A-7ESWBP3WWIVQ   JAKARTA PUSAT IDN,-1677.0,VIVA X(비바엑스),
하유진,2025-01-29,이체,현금,미분류,Grab*A-7ES7E2GW,-18908.0,KB마이핏통장,
하유진,2025-01-29,지출,문화/여가,미분류,Grab*A-7ESWBP3W,-1677.0,KB마이핏통장,
하유진,2025-01-29,지출,의복/미용,미분류,Grab* A-7ES7E2GWWJ6H   JAKARTA PUSAT IDN,-18908.0,VIVA X(비바엑스),
하유진,2025-01-30,지출,의복/미용,미분류,Grab* A-7FWDUWFWWIOB   JAKARTA PUSAT IDN,-3719.0,VIVA X(비바엑스),
천세원,2025-01-30,지출,여행/숙박,해외결제,트래블월렛,-56448.0,저축예금,
천세원,2025-01-30,지출,여행/숙박,해외결제,트래블월렛,-295680.0,저축예금,
하유진,2025-01-30,지출,문화/여가,미분류,APPROPRIATE\NI LUH SUR     JL.MONKEY\GIA,-67168.0,Trip to 로카,
하유진,2025-01-30,이체,현금,미분류,Grab*A-7FWDUWFW,-3719.0,KB마이핏통장,
하유진,2025-01-30,지출,의복/미용,미분류,COCO SPRMRKET UBUD MBL\PT.BALI PAWIWAHAN,-98003.0,Trip to 로카,
하유진,2025-01-31,지출,생활,미분류,한화손02건,-102105.0,KB마이핏통장,
하유진,2025-01-31,지출,여행/숙박,미분류,UBUD VILLAGE HOTEL\VIYASA KAR     JL.MON,-134105.0,Trip to 로카,
천세원,2025-01-31,이체,카드대금,미분류,신한카드,-2410000.0,저축예금,
하유진,2025-01-31,지출,의복/미용,미분류,HONZEN SUMIZEN\CIPTA PRIM     AYANA RESO,-114191.0,Trip to 로카,
천세원,2025-01-31,이체,내계좌이체,미분류,천세원청약82,-100000.0,저축예금,
천세원,2025-01-31,이체,내계좌이체,미분류,입금 내역,100000.0,주택청약종합저축,
천세원,2025-01-31,이체,내계좌이체,미분류,입금 내역,500000.0,WON 자유적금,
천세원,2025-01-31,이체,내계좌이체,미분류,2회-천세원,-500000.0,저축예금,
천세원,2025-01-31,지출,금융,보험,메리츠001건,-36120.0,저축예금,
천세원,2025-01-31,이체,카드대금,미분류,우리카드결제대금,-4150.0,저축예금,
천세원,2025-01-31,이체,내계좌이체,미분류,퇴직연금-천세원,-100000.0,저축예금,
하유진,2025-02-01,지출,문화/여가,미분류,Grab*A-7F8BI7CW,-2606.0,KB마이핏통장,
하유진,2025-02-01,지출,의복/미용,미분류,Grab* A-7F8BI7CWWJCR   JAKARTA PUSAT IDN,-2606.0,VIVA X(비바엑스),
하유진,2025-02-01,지출,교육,미분류,Grab*A-7F8QRB3G,-3445.0,KB마이핏통장,
하유진,2025-02-01,지출,의복/미용,미분류,HATIKU JIMBARAN MBL\HATIKU JIMBARAN,-120094.0,Trip to 로카,
하유진,2025-02-01,지출,의복/미용,미분류,Grab* A-7F8QRB3GWJCR   JAKARTA PUSAT IDN,-3445.0,VIVA X(비바엑스),
천세원,2025-02-02,지출,여행/숙박,해외결제,트래블월렛,-16954.0,저축예금,
하유진,2025-02-02,이체,미분류,미분류,Grab*A-7FCQ48OG,-1119.0,KB마이핏통장,
하유진,2025-02-02,지출,의복/미용,미분류,Grab* A-7FCQ48OGWIWM   JAKARTA PUSAT IDN,-8673.0,VIVA X(비바엑스),
하유진,2025-02-02,이체,미분류,미분류,Grab*A-7FCQ48OG,-8673.0,KB마이핏통장,
하유진,2025-02-02,지출,의복/미용,미분류,Grab* A-7FCQ48OGWIWM   JAKARTA PUSAT IDN,-1119.0,VIVA X(비바엑스),
하유진,2025-02-03,지출,교통,미분류,버스타고,25500.0,네이버페이 간편결제,
천세원,2025-02-03,지출,식비,배달,주식회사 우아한형제들,-16900.0,카카오페이 간편결제,
천세원,2025-02-03,지출,교통,시외버스,버스타고,24500.0,네이버페이 간편결제,
천세원,2025-02-03,지출,교통,시외버스,버스타고,23800.0,네이버페이 간편결제,
천세원,2025-02-03,지출,교통,시외버스,버스타고,-24500.0,네이버페이 간편결제,
하유진,2025-02-03,지출,교통,미분류,버스타고,-23800.0,네이버페이 간편결제,
하유진,2025-02-03,지출,교통,미분류,버스타고,-25500.0,네이버페이 간편결제,
하유진,2025-02-03,지출,교통,미분류,버스타고,23800.0,네이버페이 간편결제,
천세원,2025-02-03,지출,교통,시외버스,버스타고,-23800.0,네이버페이 간편결제,
하유진,2025-02-03,지출,식사,미분류,백채김치찌개 세종나성점,-19000.0,세종 여민전 하나멤버스 1Q체크카드(후불교통),
하유진,2025-02-03,지출,교통,미분류,버스타고,-51000.0,네이버페이 간편결제,
하유진,2025-02-04,지출,식사,미분류,송금 내역,-4500.0,카카오페이 머니,
천세원,2025-02-04,지출,식비,한식,송금 내역,-2500.0,카카오페이 머니,
하유진,2025-02-05,수입,급여,미분류,김경희하봉수,250000.0,KB마이핏통장,
하유진,2025-02-05,수입,급여,미분류,김경희여행경비,750000.0,KB마이핏통장,
천세원,2025-02-06,지출,식비,한식,송금 내역,-2500.0,카카오페이 머니,
천세원,2025-02-06,지출,자동차,정비/수리,오늘은타이어,-314400.0,네이버페이 간편결제,
천세원,2025-02-06,지출,자동차,정비/수리,오늘은타이어,314400.0,네이버페이 간편결제,
하유진,2025-02-07,지출,식사,미분류,아워홈콘티넨탈세종점,-1200.0,네이버 현대카드,
하유진,2025-02-07,지출,식사,미분류,샤브마니아,-31800.0,세종 여민전 하나멤버스 1Q체크카드(후불교통),
하유진,2025-02-08,지출,식사,미분류,참치정육점 세종점,-49000.0,세종 여민전 하나멤버스 1Q체크카드(후불교통),
천세원,2025-02-08,지출,금융,세금/과태료,국민하유진,-2000000.0,저축예금,
하유진,2025-02-08,이체,대출,미분류,천세원_생활비,2000000.0,KB마이핏통장,
하유진,2025-02-10,이체,이체,미분류,천세원,400000.0,KB마이핏통장,
하유진,2025-02-10,지출,생활,미분류,코스트코_온라인,-357600.0,네이버 현대카드,
천세원,2025-02-10,지출,금융,세금/과태료,국민하유진,-400000.0,저축예금,
천세원,2025-02-10,지출,의료/건강,이비인후과,서울삼성이비인후,-133800.0,카드의 정석 POINT 주거래,
천세원,2025-02-10,지출,생활,마트,주식회사마켓세종,-8850.0,카드의 정석 POINT 주거래,
하유진,2025-02-11,지출,미분류,미분류,AMAZON MARKEPLACE NA  PA              \\,-77774.0,Trip to 로카,
하유진,2025-02-11,지출,미분류,미분류,AMAZON.COM LLC                        \\,-147.0,Trip to 로카,
하유진,2025-02-11,지출,문화/여가,미분류,주식회사 놀유니버스,-106435.0,카카오페이 간편결제,
하유진,2025-02-11,지출,생활,미분류,AMAZON.COM LLC                        \\,-147.0,Trip to 로카,
하유진,2025-02-11,지출,생활,미분류,AMAZON MARKEPLACE NA  PA              \\,-77774.0,Trip to 로카,
하유진,2025-02-11,지출,식사,미분류,아워홈콘티넨탈세종점,-1200.0,네이버 현대카드,
천세원,2025-02-12,지출,식비,양식,(주)아워홈 콘티넨탈 세종점,-4650.0,KB국민 첵첵 체크카드(RF),
하유진,2025-02-12,이체,카드대금,미분류,현대카드대금,-3255013.0,KB마이핏통장,
하유진,2025-02-12,이체,이체,미분류,모바일입출금계좌해지,35100209.0,자립예탁금,
하유진,2025-02-12,이체,미분류,미분류,하유진,-3924310.0,자립예탁금,
하유진,2025-02-13,이체,저축,미분류,신협온뱅크신규,30000000.0,유니온정기예탁금,
하유진,2025-02-13,지출,카페/간식,미분류,복도리 협동조합,-13500.0,세종 여민전 하나멤버스 1Q체크카드(후불교통),
하유진,2025-02-13,지출,생활,미분류,세종전자담배마켓,-160000.0,세종 여민전 하나멤버스 1Q체크카드(후불교통),
하유진,2025-02-13,이체,미분류,미분류,하유진,-10000000.0,NH1934우대통장(저축예금),
하유진,2025-02-13,이체,미분류,미분류,하유진,-1315114.0,NH1934우대통장(저축예금),
하유진,2025-02-13,이체,미분류,미분류,하유진,1315114.0,KB마이핏통장,
하유진,2025-02-13,이체,미분류,미분류,하유진,-10000000.0,NH1934우대통장(저축예금),
하유진,2025-02-13,이체,미분류,미분류,하유진,-10000000.0,NH1934우대통장(저축예금),
하유진,2025-02-13,이체,미분류,미분류,하유진,-10000000.0,NH1934우대통장(저축예금),
하유진,2025-02-13,이체,미분류,미분류,하유진,10000000.0,KB마이핏통장,
하유진,2025-02-13,이체,미분류,미분류,하유진,10000000.0,KB마이핏통장,
하유진,2025-02-13,이체,미분류,미분류,하유진,10000000.0,KB마이핏통장,
하유진,2025-02-13,이체,미분류,미분류,하유진,-10000000.0,자립예탁금,
하유진,2025-02-13,이체,미분류,미분류,하유진,-10000000.0,자립예탁금,
하유진,2025-02-13,이체,미분류,미분류,하유진,-10000000.0,자립예탁금,
하유진,2025-02-13,이체,미분류,미분류,하유진,10000000.0,자립예탁금,
하유진,2025-02-13,이체,미분류,미분류,하유진,10000000.0,KB마이핏통장,
하유진,2025-02-13,이체,미분류,미분류,하유진,-10000000.0,자립예탁금,
천세원,2025-02-14,지출,생활,마트,세종부강농업협동,-50000.0,갤러리아 체크카드,
천세원,2025-02-14,지출,식비,한식,송금 내역,-2500.0,카카오페이 머니,
천세원,2025-02-14,지출,식비,한식,송금 내역,-38500.0,카카오페이 머니,
천세원,2025-02-14,지출,생활,가구/가전,(주)신성전자,-500000.0,뉴LG전자베스트샵플러스 Style T,
천세원,2025-02-14,지출,생활,가구/가전,(주)신성전자,-1500000.0,뉴LG전자베스트샵플러스 Style T,
천세원,2025-02-14,지출,의료/건강,이비인후과,서울삼성이비인후,164790.0,카드의 정석 POINT 주거래,
천세원,2025-02-14,지출,의료/건강,이비인후과,서울삼성이비인후,-164790.0,카드의 정석 POINT 주거래,
천세원,2025-02-14,지출,온라인쇼핑,인터넷쇼핑,LG전자 베스트샵_다날,-500000.0,뉴LG전자베스트샵플러스 Style T,
하유진,2025-02-15,이체,미분류,미분류,입금 내역,7634.0,KB마이핏통장,
천세원,2025-02-15,지출,생활,편의점,지에스25 대화,-8100.0,카드의 정석 POINT 주거래,
천세원,2025-02-15,지출,카페/간식,커피/음료,오넌커피로스터스,-19700.0,카드의 정석 POINT 주거래,
천세원,2025-02-15,이체,미분류,미분류,입금 내역,797.0,KB마이핏통장,
천세원,2025-02-15,지출,식비,일식,회싸게파는집 활,-31000.0,카드의 정석 POINT 주거래,
천세원,2025-02-16,지출,식비,배달,주식회사 우아한형제들,-22900.0,카카오페이 간편결제,
천세원,2025-02-16,지출,식비,한식,송금 내역,-200000.0,카카오페이 머니,
하유진,2025-02-16,지출,생활,미분류,세븐일레븐케이트리호텔점,-4800.0,네이버 현대카드,
천세원,2025-02-17,이체,내계좌이체,미분류,국민천세원,-3000000.0,저축예금,
천세원,2025-02-17,지출,자동차,통행료,에스엠하이플러스,-50000.0,카드의 정석 POINT 주거래,
천세원,2025-02-17,이체,내계좌이체,미분류,천세원,3000000.0,KB마이핏통장,
천세원,2025-02-17,지출,의료/건강,건강용품,80350300100418,-300000.0,KB마이핏통장,
천세원,2025-02-18,지출,식비,한식,송금 내역,-2500.0,카카오페이 머니,
하유진,2025-02-18,지출,식사,미분류,송금 내역,-200000.0,카카오페이 머니,
천세원,2025-02-18,지출,주거/통신,휴대폰,SKB구_티브로드),-16500.0,저축예금,
하유진,2025-02-20,이체,이체,미분류,천세원,-4000000.0,KB마이핏통장,
천세원,2025-02-21,지출,식비,배달,주식회사 우아한형제들,-19500.0,카카오페이 간편결제,
천세원,2025-02-21,지출,식비,한식,송금 내역,-4000.0,카카오페이 머니,
천세원,2025-02-21,지출,주거/통신,휴대폰,국민은행LiivM,-43890.0,KB국민 첵첵 체크카드(RF),
천세원,2025-02-21,지출,자동차,차량보험,DB손12802,-35950.0,저축예금,
하유진,2025-02-21,지출,식사,미분류,송금 내역,-4000.0,카카오페이 머니,
하유진,2025-02-21,지출,주거/통신,미분류,국민은행LiivM,-28500.0,KB국민 nori 체크카드(RF),
천세원,2025-02-22,수입,금융수입,미분류,이자,0.0,MY 입출금통장,
하유진,2025-02-22,수입,금융수입,미분류,이자,0.0,MY 입출금통장,
하유진,2025-02-22,지출,생활,미분류,마켓세종,-12190.0,네이버 현대카드,
하유진,2025-02-23,지출,문화/여가,미분류,네이버플러스멤버십,-8000.0,네이버페이 간편결제(포인트),
천세원,2025-02-24,이체,내계좌이체,미분류,메리츠천세원,262540.0,저축예금,
하유진,2025-02-24,지출,주거/통신,미분류,아파트관리비,-310490.0,네이버 현대카드,
하유진,2025-02-24,지출,식사,미분류,송금 내역,-2500.0,카카오페이 머니,
하유진,2025-02-24,지출,문화/여가,미분류,주식회사 카카오,-990.0,카카오페이 간편결제,
천세원,2025-02-24,지출,식비,한식,송금 내역,-2500.0,카카오페이 머니,
하유진,2025-02-25,지출,생활,미분류,한화손02건,-102105.0,KB마이핏통장,
천세원,2025-02-25,지출,금융,보험,메리츠001건,-36120.0,저축예금,
천세원,2025-02-25,이체,내계좌이체,미분류,3회-천세원,-500000.0,저축예금,
천세원,2025-02-25,이체,내계좌이체,미분류,입금 내역,500000.0,WON 자유적금,
천세원,2025-02-25,수입,급여,미분류,급여 콘티넨탈,4296609.0,저축예금,
천세원,2025-02-25,이체,카드대금,미분류,하나카드,-1492.0,저축예금,
천세원,2025-02-25,이체,카드대금,미분류,신한카드,-2410000.0,저축예금,
하유진,2025-02-25,수입,급여,미분류,급여 콘티넨탈,4395308.0,KB마이핏통장,
하유진,2025-02-25,지출,식사,미분류,아워홈콘티넨탈세종점,-1200.0,네이버 현대카드,
하유진,2025-02-26,지출,식사,미분류,아워홈콘티넨탈세종점,-1200.0,네이버 현대카드,
천세원,2025-02-26,이체,내계좌이체,미분류,천세원청약83,-100000.0,저축예금,
천세원,2025-02-26,이체,내계좌이체,미분류,입금 내역,100000.0,주택청약종합저축,
하유진,2025-02-26,이체,투자,미분류,323계좌개설,1.0,KB마이핏통장,
하유진,2025-02-27,지출,교통,미분류,BC바로카드,-58816.0,KB마이핏통장,
천세원,2025-02-27,이체,내계좌이체,미분류,퇴직연금-천세원,-100000.0,저축예금,
하유진,2025-02-28,지출,카페/간식,미분류,컴포즈커피세종새롬점,-6600.0,네이버 현대카드,
하유진,2025-02-28,지출,생활,미분류,씨유CU아산권곡주공점,-3600.0,네이버 현대카드,
하유진,2025-02-28,지출,식사,미분류,송금 내역,-68500.0,카카오페이 머니,
천세원,2025-02-28,이체,이체,미분류,김*수,68500.0,카카오페이 머니,
천세원,2025-02-28,이체,이체,미분류,농협송보경,-150000.0,저축예금,
천세원,2025-02-28,이체,이체,미분류,정*영,68500.0,카카오페이 머니,
천세원,2025-02-28,이체,이체,미분류,신*수,68500.0,카카오페이 머니,
천세원,2025-02-28,이체,이체,미분류,한*화,68500.0,카카오페이 머니,
천세원,2025-02-28,이체,이체,미분류,박*용,68500.0,카카오페이 머니,
천세원,2025-02-28,이체,이체,미분류,김*영,68500.0,카카오페이 머니,
하유진,2025-03-01,이체,저축,미분류,정기이자 입금,1.0,세이프박스,
하유진,2025-03-01,수입,금융수입,미분류,입출금통장 이자,11.0,입출금통장,
하유진,2025-03-02,이체,이체,미분류,여민전,-300000.0,KB마이핏통장,
하유진,2025-03-02,지출,교통,미분류,한국철도공사,39900.0,네이버페이 간편결제(머니),
하유진,2025-03-02,지출,식사,미분류,송금 내역,-40000.0,카카오페이 머니,
하유진,2025-03-02,지출,교통,미분류,한국철도공사,-39900.0,네이버페이 간편결제(머니),
천세원,2025-03-02,이체,이체,미분류,여민전,-300000.0,저축예금,
하유진,2025-03-02,이체,미분류,미분류,충전 내역,40000.0,네이버페이 머니,
하유진,2025-03-02,이체,미분류,미분류,네이버페이충전,-40000.0,KB마이핏통장,
하유진,2025-03-02,지출,교통,미분류,한국철도공사,-40500.0,네이버페이 간편결제(머니),
하유진,2025-03-02,이체,미분류,미분류,네이버페이충전,-40000.0,KB마이핏통장,
하유진,2025-03-02,이체,미분류,미분류,충전 내역,40000.0,네이버페이 머니,
하유진,2025-03-02,지출,교통,미분류,한국철도공사,40500.0,네이버페이 간편결제(머니),
하유진,2025-03-02,이체,이체,미분류,하*헌,40000.0,카카오페이 머니,
천세원,2025-03-03,이체,이체,미분류,하*진,68500.0,카카오페이 머니,
천세원,2025-03-03,지출,생활,생필품,세종전자담배마켓,-160000.0,세종 여민전 하나멤버스 1Q체크카드(후불교통),
천세원,2025-03-04,이체,이체,미분류,한승화,-70000.0,저축예금,
하유진,2025-03-04,이체,카드대금,미분류,롯데카드2503,-524572.0,KB마이핏통장,
천세원,2025-03-04,지출,카페/간식,커피/음료,복도리 협동조합,-12500.0,세종 여민전 하나멤버스 1Q체크카드(후불교통),
하유진,2025-03-04,이체,미분류,미분류,하유진,-10000000.0,KB마이핏통장,
천세원,2025-03-05,이체,이체,미분류,신*수,2500.0,카카오페이 머니,
천세원,2025-03-05,이체,이체,미분류,박*용,2500.0,카카오페이 머니,
천세원,2025-03-05,이체,이체,미분류,김*영,2500.0,카카오페이 머니,
천세원,2025-03-05,이체,이체,미분류,김*영,2500.0,카카오페이 머니,
천세원,2025-03-05,이체,이체,미분류,정*영,2500.0,카카오페이 머니,
천세원,2025-03-05,이체,이체,미분류,박*용,2500.0,카카오페이 머니,
천세원,2025-03-05,지출,카페/간식,커피/음료,복도리 협동조합,-10000.0,세종 여민전 하나멤버스 1Q체크카드(후불교통),
하유진,2025-03-08,지출,문화/여가,미분류,테크런 대전점,10000.0,네이버페이 간편결제(포인트),
하유진,2025-03-08,지출,문화/여가,미분류,테크런 대전점,-10000.0,네이버페이 간편결제(포인트),
하유진,2025-03-08,지출,문화/여가,미분류,테크런 대전점,-10000.0,네이버페이 간편결제(포인트),
하유진,2025-03-10,지출,식사,미분류,(주)우아한형제들,-13400.0,네이버페이 간편결제(포인트),
천세원,2025-03-10,지출,식비,한식,송금 내역,-2500.0,카카오페이 머니,
하유진,2025-03-10,지출,식사,미분류,송금 내역,-2500.0,카카오페이 머니,
하유진,2025-03-11,지출,식사,미분류,송금 내역,-5000.0,카카오페이 머니,
하유진,2025-03-11,지출,카페/간식,미분류,센스프레임,61000.0,네이버페이 간편결제,
천세원,2025-03-11,지출,자동차,통행료,에스엠하이플러스,-50000.0,카드의 정석 POINT 주거래,
천세원,2025-03-11,지출,식비,한식,송금 내역,-5000.0,카카오페이 머니,
천세원,2025-03-12,지출,식비,치킨,갓 튀긴 후라이드,-13500.0,세종 여민전 하나멤버스 1Q체크카드(후불교통),
하유진,2025-03-12,이체,카드대금,미분류,현대카드대금,-747480.0,KB마이핏통장,
하유진,2025-03-13,지출,자동차,미분류,현대자동차 블루핸즈 세종서부점,-82390.0,세종 여민전 하나멤버스 1Q체크카드(후불교통),
하유진,2025-03-13,이체,현금,미분류,현대카드,61000.0,KB마이핏통장,
하유진,2025-03-13,지출,식사,미분류,(주)우아한형제들,-35000.0,네이버페이 간편결제(포인트),
하유진,2025-03-13,이체,미분류,미분류,비즈플레이,-50000.0,KB마이핏통장,
천세원,2025-03-14,이체,저축,미분류,CONTINENTA,267000.0,저축예금,
천세원,2025-03-14,지출,온라인쇼핑,인터넷쇼핑,LG전자 베스트샵_다날,-500000.0,뉴LG전자베스트샵플러스 Style T,
천세원,2025-03-14,지출,생활,가구/가전,(주)신성전자,-500000.0,뉴LG전자베스트샵플러스 Style T,
천세원,2025-03-14,지출,생활,가구/가전,(주)신성전자,-1500000.0,뉴LG전자베스트샵플러스 Style T,
하유진,2025-03-15,지출,카페/간식,미분류,카페하노이,-17000.0,네이버 현대카드,
천세원,2025-03-15,이체,미분류,미분류,입금 내역,0.0,저축예금,
천세원,2025-03-15,수입,금융수입,미분류,예금결산이자,2755.0,저축예금,
하유진,2025-03-15,이체,저축,미분류,예금결산이자,0.0,저축예금,
하유진,2025-03-15,이체,미분류,미분류,입금 내역,4.0,행복knowhow 주거래 우대통장,
하유진,2025-03-16,지출,식사,미분류,(주)우아한형제들,-12892.0,네이버페이 간편결제(포인트),
하유진,2025-03-16,지출,식사,미분류,(주)우아한형제들,-49108.0,네이버페이 간편결제(머니),
하유진,2025-03-16,지출,식사,미분류,(주)우아한형제들,-31400.0,네이버페이 간편결제(머니),
천세원,2025-03-16,지출,생활,편의점,GS25세종캐슬,-30900.0,카드의 정석 POINT 주거래,
하유진,2025-03-17,지출,생활,미분류,롯데슈퍼세종캐슬점,-4880.0,네이버 현대카드,
하유진,2025-03-17,지출,식사,미분류,송금 내역,-24600.0,카카오페이 머니,
하유진,2025-03-17,지출,식사,미분류,송금 내역,-2500.0,카카오페이 머니,
천세원,2025-03-17,지출,식비,한식,송금 내역,-2500.0,카카오페이 머니,
하유진,2025-03-18,지출,문화/여가,미분류,KICC_ARS결제,-120000.0,네이버 현대카드,
천세원,2025-03-18,지출,생활,생필품,세종전자담배마켓,-80000.0,세종 여민전 하나멤버스 1Q체크카드(후불교통),
하유진,2025-03-19,지출,의료/건강,미분류,감성먹거리,-7892.0,네이버페이 간편결제(머니),
천세원,2025-03-19,지출,식비,한식,송금 내역,-2500.0,카카오페이 머니,
하유진,2025-03-19,지출,생활,미분류,다이소아성산업,-30000.0,네이버 현대카드,
하유진,2025-03-19,지출,의료/건강,미분류,감성먹거리,-2203.0,네이버페이 간편결제,
하유진,2025-03-19,지출,의료/건강,미분류,감성먹거리,-805.0,네이버페이 간편결제(포인트),
천세원,2025-03-20,지출,금융,은행,SKB6522025232,-16500.0,저축예금,
하유진,2025-03-20,지출,문화/여가,미분류,Steam Purchase,-16157.0,네이버 현대카드,
하유진,2025-03-20,지출,카페/간식,미분류,복도리카페,-2500.0,네이버 현대카드,
천세원,2025-03-20,지출,식비,한식,송금 내역,-2500.0,카카오페이 머니,
천세원,2025-03-21,지출,식비,한식,송금 내역,-14500.0,카카오페이 머니,
천세원,2025-03-21,지출,주거/통신,휴대폰,국민은행LiivM,-40490.0,KB국민 첵첵 체크카드(RF),
천세원,2025-03-21,지출,자동차,차량보험,DB손12903,-35950.0,저축예금,
하유진,2025-03-21,지출,주거/통신,미분류,국민은행LiivM,-28500.0,KB국민 nori 체크카드(RF),
하유진,2025-03-21,지출,식사,미분류,송금 내역,-14500.0,카카오페이 머니,
하유진,2025-03-22,수입,금융수입,미분류,결산이자,0.0,자립예탁금,
하유진,2025-03-22,이체,이체,미분류,*****,1.0,신한 주거래 S20통장,
하유진,2025-03-22,수입,금융수입,미분류,이자,0.0,MY 입출금통장,
하유진,2025-03-22,수입,금융수입,미분류,결산이자,1885.0,자립예탁금,
천세원,2025-03-22,수입,금융수입,미분류,이자,0.0,MY 입출금통장,
하유진,2025-03-23,이체,미분류,미분류,출금 내역,-720.0,NH1934우대통장(저축예금),
하유진,2025-03-23,지출,생활,미분류,세종중앙농협새뜸지점,-45940.0,네이버 현대카드,
하유진,2025-03-23,이체,미분류,미분류,출금 내역,-70.0,NH1934우대통장(저축예금),
하유진,2025-03-23,지출,식사,미분류,롯데리아세종새롬점,-3400.0,네이버 현대카드,
천세원,2025-03-23,이체,미분류,미분류,입금 내역,0.0,자립예탁금,
하유진,2025-03-23,이체,미분류,미분류,입금 내역,5206.0,NH1934우대통장(저축예금),
하유진,2025-03-24,지출,문화/여가,미분류,주식회사 카카오,-990.0,카카오페이 간편결제,
하유진,2025-03-24,지출,식사,미분류,아워홈콘티넨탈세종점,-1800.0,네이버 현대카드,
천세원,2025-03-24,지출,카페/간식,커피/음료,복도리 협동조합,-5000.0,세종 여민전 하나멤버스 1Q체크카드(후불교통),
하유진,2025-03-24,지출,식사,미분류,송기원진주냉면 세종부강점,-24000.0,세종 여민전 하나멤버스 1Q체크카드(후불교통),
천세원,2025-03-25,이체,카드대금,미분류,신한카드,-2410000.0,저축예금,
천세원,2025-03-25,지출,식비,한식,송금 내역,-1200.0,카카오페이 머니,
천세원,2025-03-25,이체,내계좌이체,미분류,입금 내역,500000.0,WON 자유적금,
천세원,2025-03-25,이체,내계좌이체,미분류,4회-천세원,-500000.0,저축예금,
천세원,2025-03-25,지출,금융,보험,메리츠001건,-36120.0,저축예금,
천세원,2025-03-25,수입,급여,미분류,급여 콘티넨탈,4233652.0,저축예금,
하유진,2025-03-25,수입,급여,미분류,급여 콘티넨탈,4058796.0,KB마이핏통장,
하유진,2025-03-25,지출,주거/통신,미분류,아파트관리비,-318750.0,네이버 현대카드,
하유진,2025-03-25,지출,의료/건강,미분류,61610304323291,-295000.0,KB마이핏통장,
하유진,2025-03-25,이체,미분류,미분류,통장 개설,300000.0,KB 특★한 적금,
하유진,2025-03-25,지출,생활,미분류,한화손02건,-102105.0,KB마이핏통장,
하유진,2025-03-26,지출,의복/미용,미분류,모로칸오일 공식스토어,-3002.0,네이버페이 간편결제(포인트),
천세원,2025-03-26,지출,생활,생활서비스,"80350300100418  , 2회차",-300000.0,KB마이핏통장,
천세원,2025-03-26,이체,이체,미분류,삼성히어링,-63500.0,저축예금,
천세원,2025-03-26,이체,내계좌이체,미분류,삼성천세원,-1500000.0,저축예금,
천세원,2025-03-26,이체,내계좌이체,미분류,입금 내역,100000.0,주택청약종합저축,
천세원,2025-03-26,이체,내계좌이체,미분류,천세원청약84,-100000.0,저축예금,
하유진,2025-03-26,지출,의복/미용,미분류,모로칸오일 공식스토어,-46298.0,네이버페이 간편결제,
하유진,2025-03-26,지출,문화/여가,미분류,네이버플러스멤버십,-7483.0,네이버페이 간편결제,
하유진,2025-03-26,지출,식사,미분류,코스트코코리아,-234510.0,네이버 현대카드,
천세원,2025-03-27,지출,식비,한식,송금 내역,-2500.0,카카오페이 머니,
천세원,2025-03-27,이체,내계좌이체,미분류,퇴직연금-천세원,-100000.0,저축예금,
하유진,2025-03-27,지출,교통,미분류,BC바로카드,-12000.0,KB마이핏통장,
하유진,2025-03-28,지출,식사,미분류,차이니스루,-49000.0,세종 여민전 하나멤버스 1Q체크카드(후불교통),
하유진,2025-03-28,지출,카페/간식,미분류,복도리 협동조합,-10000.0,세종 여민전 하나멤버스 1Q체크카드(후불교통),
하유진,2025-03-28,이체,이체,미분류,곽*경,14750.0,카카오페이 머니,
하유진,2025-03-28,이체,이체,미분류,신*수,14750.0,카카오페이 머니,
하유진,2025-03-28,이체,이체,미분류,천*원,14750.0,카카오페이 머니,
하유진,2025-03-28,지출,식사,미분류,(주)우아한형제들,-20000.0,네이버페이 간편결제,
천세원,2025-03-28,지출,식비,한식,송금 내역,-14750.0,카카오페이 머니,
하유진,2025-03-29,수입,금융수입,미분류,입출금통장 이자,9.0,입출금통장,
하유진,2025-03-29,이체,저축,미분류,정기이자 입금,1.0,세이프박스,
하유진,2025-03-29,이체,이체,미분류,천*원,100000.0,카카오페이 머니,
하유진,2025-03-29,지출,식사,미분류,동방에프앤비부강옥세종지점,-36000.0,네이버 현대카드,
천세원,2025-03-29,지출,식비,한식,송금 내역,-100000.0,카카오페이 머니,
하유진,2025-03-30,지출,생활,미분류,세종전자담배마켓,-160000.0,세종 여민전 하나멤버스 1Q체크카드(후불교통),
하유진,2025-03-31,지출,식사,미분류,송금 내역,-2500.0,카카오페이 머니,
천세원,2025-03-31,지출,식비,한식,송금 내역,-2500.0,카카오페이 머니,
하유진,2025-04-01,이체,카드대금,미분류,롯데카드2504,-75034.0,KB마이핏통장,
하유진,2025-04-01,지출,식사,미분류,아워홈콘티넨탈세종점,-1200.0,네이버 현대카드,
천세원,2025-04-01,지출,식비,한식,송금 내역,-2500.0,카카오페이 머니,
하유진,2025-04-01,이체,이체,미분류,여민전,-300000.0,KB마이핏통장,
하유진,2025-04-01,지출,문화/여가,미분류,주식회사 카카오,-33300.0,카카오페이 간편결제,
천세원,2025-04-01,이체,이체,미분류,여민전,-300000.0,저축예금,
하유진,2025-04-02,지출,식사,미분류,아워홈콘티넨탈세종점,-1200.0,네이버 현대카드,
하유진,2025-04-03,지출,식사,미분류,송금 내역,-2500.0,카카오페이 머니,
하유진,2025-04-04,지출,생활,미분류,캡스톤 공식몰,-15577.0,네이버페이 간편결제,
하유진,2025-04-04,지출,생활,미분류,캡스톤 공식몰,-5933.0,네이버페이 간편결제(포인트),
하유진,2025-04-04,이체,이체,미분류,온누리충전,-11700.0,KB마이핏통장,
하유진,2025-04-04,이체,이체,미분류,온누리충전,-1800.0,KB마이핏통장,
천세원,2025-04-04,지출,자동차,주유,행복주유소,-50000.0,세종 여민전 하나멤버스 1Q체크카드(후불교통),
하유진,2025-04-05,이체,이체,미분류,김국자,-8000.0,KB마이핏통장,
하유진,2025-04-06,지출,생활,미분류,마켓세종,-10360.0,네이버 현대카드,
천세원,2025-04-07,이체,저축,미분류,3월 사내의료비,19247.0,저축예금,
하유진,2025-04-08,이체,대출,미분류,천세원_생활비,3000000.0,KB마이핏통장,
천세원,2025-04-08,이체,미분류,미분류,출금 내역,-15000.0,저축예금,
천세원,2025-04-08,지출,금융,이자/대출,국민하유진_생활비,-3000000.0,저축예금,
천세원,2025-04-08,지출,식비,한식,송금 내역,-2500.0,카카오페이 머니,
하유진,2025-04-08,지출,자동차,미분류,행복주유소,-60000.0,세종 여민전 하나멤버스 1Q체크카드(후불교통),
하유진,2025-04-08,지출,식사,미분류,송금 내역,-2500.0,카카오페이 머니,
하유진,2025-04-09,지출,경조사,미분류,주식회사 카카오스타일,-33400.0,카카오페이 간편결제,
하유진,2025-04-09,지출,식사,미분류,송금 내역,-14110.0,카카오페이 머니,
천세원,2025-04-09,지출,식비,한식,송금 내역,-14110.0,카카오페이 머니,
하유진,2025-04-10,지출,식사,미분류,송금 내역,-2500.0,카카오페이 머니,
하유진,2025-04-10,이체,미분류,미분류,신협온뱅크신규,5102094.0,유니온정기예탁금,
하유진,2025-04-10,이체,미분류,미분류,하유진,5102094.0,자립예탁금,
하유진,2025-04-10,이체,미분류,미분류,하유진,-5102094.0,자립예탁금,
하유진,2025-04-10,지출,미분류,미분류,현대카드주식회사,-37000.0,네이버페이 간편결제,
하유진,2025-04-10,이체,미분류,미분류,158059015472,-5102094.0,자립예탁금,
천세원,2025-04-10,지출,식비,한식,송금 내역,-2500.0,카카오페이 머니,
천세원,2025-04-11,지출,자동차,주차,한국전자금융,-3500.0,우리페이 계좌결제 서비스,
천세원,2025-04-11,지출,교통,택시,주식회사 티머니,-6600.0,카카오페이 간편결제,
천세원,2025-04-11,지출,교통,택시,주식회사 티머니,6600.0,카카오페이 간편결제,
천세원,2025-04-11,지출,교통,택시,주식회사 티머니,-6100.0,카카오페이 간편결제,
천세원,2025-04-11,지출,문화/여가,테마파크,롯데월드어드벤처부산,-4605.0,네이버페이 간편결제(포인트),
천세원,2025-04-11,지출,문화/여가,테마파크,롯데월드어드벤처부산,-18795.0,네이버페이 간편결제(머니),
하유진,2025-04-12,지출,식사,미분류,(주)우아한형제들,-2313.0,네이버페이 간편결제(포인트),
하유진,2025-04-12,지출,문화/여가,미분류,ALIPAY CONNECT PTE. LTD,-2400.0,카카오페이 간편결제,
하유진,2025-04-12,지출,여행/숙박,미분류,마이리얼트립,37000.0,네이버 현대카드,
하유진,2025-04-12,지출,식사,미분류,(주)우아한형제들,-43287.0,네이버페이 간편결제,
하유진,2025-04-12,지출,식사,미분류,(주)우아한형제들,-2313.0,네이버페이 간편결제(포인트),
하유진,2025-04-12,지출,식사,미분류,(주)우아한형제들,48687.0,네이버페이 간편결제,
하유진,2025-04-12,지출,식사,미분류,(주)우아한형제들,2313.0,네이버페이 간편결제(포인트),
하유진,2025-04-12,지출,식사,미분류,(주)우아한형제들,-48687.0,네이버페이 간편결제,
천세원,2025-04-13,지출,온라인쇼핑,인터넷쇼핑,쿠팡 주식회사,-8960.0,카드의 정석 POINT 주거래,
하유진,2025-04-14,이체,카드대금,미분류,현대카드대금,-910890.0,KB마이핏통장,
천세원,2025-04-14,이체,저축,미분류,CONTINENTA,152100.0,저축예금,
하유진,2025-04-15,이체,현금,미분류,주식회사케이엠디에,-48000.0,KB마이핏통장,
하유진,2025-04-15,이체,현금,미분류,주식회사케이엠디에,-10000.0,KB마이핏통장,
천세원,2025-04-15,지출,자동차,통행료,에스엠하이플러스,-50000.0,카드의 정석 POINT 주거래,
천세원,2025-04-15,지출,카페/간식,커피/음료,복도리 협동조합,-15000.0,세종 여민전 하나멤버스 1Q체크카드(후불교통),
천세원,2025-04-15,지출,금융,은행,SKB6522025232,-16500.0,저축예금,
천세원,2025-04-15,이체,이체,미분류,신*수,5000.0,카카오페이 머니,
천세원,2025-04-15,이체,이체,미분류,박*용,2500.0,카카오페이 머니,
천세원,2025-04-15,이체,이체,미분류,정*영,2500.0,카카오페이 머니,
천세원,2025-04-15,이체,이체,미분류,김*영,2500.0,카카오페이 머니,
천세원,2025-04-16,지출,카페/간식,커피/음료,복도리 협동조합,-10000.0,세종 여민전 하나멤버스 1Q체크카드(후불교통),
천세원,2025-04-16,지출,식비,한식,용포호랑이 칼국수,-32000.0,세종 여민전 하나멤버스 1Q체크카드(후불교통),
천세원,2025-04-17,지출,식비,한식,군산조개천국,-5000.0,세종 여민전 하나멤버스 1Q체크카드(후불교통),
천세원,2025-04-17,지출,식비,한식,군산조개천국,-110000.0,세종 여민전 하나멤버스 1Q체크카드(후불교통),
천세원,2025-04-17,이체,이체,미분류,하*진,2500.0,카카오페이 머니,
천세원,2025-04-17,이체,이체,미분류,김*영,2500.0,카카오페이 머니,
하유진,2025-04-17,지출,식사,미분류,송금 내역,-2500.0,카카오페이 머니,
하유진,2025-04-18,지출,식사,미분류,구주나성,-45900.0,네이버 현대카드,
하유진,2025-04-18,지출,식사,미분류,박가네돼지국밥,-19000.0,세종 여민전 하나멤버스 1Q체크카드(후불교통),
하유진,2025-04-19,지출,식사,미분류,송금 내역,-2500.0,카카오페이 머니,
하유진,2025-04-19,지출,자동차,미분류,명작자동차공업사,-10000.0,세종 여민전 하나멤버스 1Q체크카드(후불교통),
하유진,2025-04-20,지출,생활,미분류,GS THE FRESH 세종가온마을점,-4370.0,카카오페이 간편결제,
하유진,2025-04-20,지출,카페/간식,미분류,피앙세포토,-5651.0,네이버페이 간편결제(포인트),
하유진,2025-04-20,지출,카페/간식,미분류,피앙세포토,-37849.0,네이버페이 간편결제,
하유진,2025-04-21,이체,이체,미분류,천*원,100000.0,카카오페이 머니,
하유진,2025-04-21,지출,생활,미분류,세종전자담배마켓,-160000.0,세종 여민전 하나멤버스 1Q체크카드(후불교통),
하유진,2025-04-21,지출,식사,미분류,송금 내역,-2500.0,카카오페이 머니,
하유진,2025-04-21,지출,식사,미분류,일본직구 엔핍,-13350.0,네이버페이 간편결제,
천세원,2025-04-21,지출,식비,한식,송금 내역,-100000.0,카카오페이 머니,
천세원,2025-04-21,지출,식비,한식,송금 내역,-2500.0,카카오페이 머니,
천세원,2025-04-21,지출,식비,패스트푸드,노브랜드버거  세종새롬점,-6800.0,세종 여민전 하나멤버스 1Q체크카드(후불교통),
천세원,2025-04-21,지출,주거/통신,휴대폰,국민은행LiivM,-40490.0,KB국민 첵첵 체크카드(RF),
하유진,2025-04-21,지출,주거/통신,미분류,국민은행LiivM,-28500.0,KB국민 nori 체크카드(RF),
하유진,2025-04-21,지출,카페/간식,미분류,쿠프마케팅,-4200.0,네이버페이 간편결제,
천세원,2025-04-21,지출,자동차,차량보험,DB손13004,-35950.0,저축예금,
천세원,2025-04-21,이체,이체,미분류,서해영,15000.0,저축예금,
하유진,2025-04-22,이체,이체,미분류,온누리충전,-900.0,KB마이핏통장,
하유진,2025-04-22,지출,생활,미분류,마켓세종,-8050.0,네이버 현대카드,
하유진,2025-04-22,이체,이체,미분류,정두영,-1959201.0,KB마이핏통장,
하유진,2025-04-22,이체,이체,미분류,온누리충전,-900.0,KB마이핏통장,
천세원,2025-04-23,지출,카페/간식,커피/음료,복도리 협동조합,-10000.0,세종 여민전 하나멤버스 1Q체크카드(후불교통),
하유진,2025-04-23,지출,문화/여가,미분류,네이버플러스멤버십,-8000.0,네이버페이 간편결제,
하유진,2025-04-23,지출,식사,미분류,송금 내역,-2500.0,카카오페이 머니,
하유진,2025-04-23,지출,자동차,미분류,정훈카전문정비,-220000.0,세종 여민전 하나멤버스 1Q체크카드(후불교통),
천세원,2025-04-23,지출,자동차,정비/수리,정훈카전문정비,-120000.0,카드의 정석 POINT 주거래,
천세원,2025-04-23,지출,자동차,정비/수리,정훈카전문정비,-110000.0,세종 여민전 하나멤버스 1Q체크카드(후불교통),
천세원,2025-04-23,이체,이체,미분류,하*진,2500.0,카카오페이 머니,
천세원,2025-04-23,이체,이체,미분류,박*용,2500.0,카카오페이 머니,
천세원,2025-04-23,이체,이체,미분류,김*영,2500.0,카카오페이 머니,
천세원,2025-04-24,지출,온라인쇼핑,서비스구독,엔에이치엔케이씨피 주식회사,-1000.0,카카오페이 간편결제,
하유진,2025-04-24,지출,문화/여가,미분류,주식회사 카카오,-990.0,카카오페이 간편결제,
하유진,2025-04-24,지출,주거/통신,미분류,아파트관리비,-242960.0,네이버 현대카드,
천세원,2025-04-25,이체,카드대금,미분류,신한카드,-2410000.0,저축예금,
하유진,2025-04-25,지출,식사,미분류,아워홈콘티넨탈세종점,-1500.0,네이버 현대카드,
하유진,2025-04-25,수입,급여,미분류,급여 콘티넨탈,9035415.0,KB마이핏통장,
하유진,2025-04-25,이체,미분류,미분류,"61610304323291  , 2회차",-300000.0,KB마이핏통장,
하유진,2025-04-25,이체,대출,미분류,천세원_생활비,3000000.0,KB마이핏통장,
하유진,2025-04-25,지출,생활,미분류,한화손02건,-108663.0,KB마이핏통장,
천세원,2025-04-25,지출,금융,이자/대출,국민하유진_생활비,-3000000.0,저축예금,
하유진,2025-04-25,이체,미분류,미분류,입금 내역,300000.0,KB 특★한 적금,
천세원,2025-04-25,지출,금융,보험,메리츠001건,-36120.0,저축예금,
천세원,2025-04-25,이체,내계좌이체,미분류,입금 내역,500000.0,WON 자유적금,
천세원,2025-04-25,수입,급여,미분류,급여 콘티넨탈,11226589.0,저축예금,
천세원,2025-04-25,이체,카드대금,미분류,하나카드,-290000.0,저축예금,
하유진,2025-04-25,이체,이체,미분류,곽진경,-42700.0,KB마이핏통장,
천세원,2025-04-25,이체,내계좌이체,미분류,5회-천세원,-500000.0,저축예금,
천세원,2025-04-26,수입,금융수입,미분류,이자,0.0,MY 입출금통장,
하유진,2025-04-26,수입,금융수입,미분류,이자,0.0,MY 입출금통장,
하유진,2025-04-26,수입,금융수입,미분류,입출금통장 이자,9.0,입출금통장,
하유진,2025-04-26,지출,생활,미분류,노브랜드세종나성점,-2980.0,네이버 현대카드,
하유진,2025-04-26,이체,저축,미분류,정기이자 입금,1.0,세이프박스,
하유진,2025-04-26,지출,생활,미분류,롯데프레시세종나성점,-2880.0,네이버 현대카드,
하유진,2025-04-26,지출,생활,미분류,세종중앙농협새뜸지점,-9700.0,네이버 현대카드,
하유진,2025-04-26,지출,생활,미분류,세종중앙농협새뜸지점,-1500.0,네이버 현대카드,
하유진,2025-04-27,이체,이체,미분류,송금 내역,-2500.0,카카오페이 머니,
천세원,2025-04-27,지출,금융,증권/투자,농협권영진,-10000.0,저축예금,
천세원,2025-04-27,지출,금융,은행,송금 내역,-55450.0,카카오페이 머니,
천세원,2025-04-27,지출,금융,은행,송금 내역,-2500.0,카카오페이 머니,
하유진,2025-04-28,지출,생활,미분류,도블레,-47900.0,네이버페이 간편결제,
천세원,2025-04-28,이체,내계좌이체,미분류,입금 내역,100000.0,주택청약종합저축,
천세원,2025-04-28,이체,내계좌이체,미분류,천세원청약85,-100000.0,저축예금,
하유진,2025-04-28,이체,이체,미분류,송금 내역,-2500.0,카카오페이 머니,
천세원,2025-04-28,지출,카페/간식,커피/음료,복도리 카페,-7500.0,KB국민 첵첵 체크카드(RF),
천세원,2025-04-28,이체,이체,미분류,삼성히어링,-17800.0,저축예금,
천세원,2025-04-28,이체,내계좌이체,미분류,퇴직연금-천세원,-100000.0,저축예금,
천세원,2025-04-28,지출,생활,생활서비스,"80350300100418  , 3회차",-300000.0,KB마이핏통장,
천세원,2025-04-28,이체,이체,미분류,정*영,2500.0,카카오페이 머니,
천세원,2025-04-28,지출,생활,편의점,GS25세종캐슬,-1200.0,카드의 정석 POINT 주거래,
하유진,2025-04-29,지출,생활,미분류,좋은느낌 스토어,-102.0,네이버페이 간편결제(포인트),
하유진,2025-04-29,지출,생활,미분류,좋은느낌 스토어,-37448.0,네이버페이 간편결제,
하유진,2025-04-29,이체,이체,미분류,송금 내역,-191990.0,카카오페이 머니,
하유진,2025-04-29,지출,식사,미분류,돌솥순두부,-68500.0,네이버 현대카드,
천세원,2025-04-29,이체,이체,미분류,하*진,2500.0,카카오페이 머니,
하유진,2025-04-30,지출,자동차,미분류,행복주유소,-70000.0,네이버 현대카드,
천세원,2025-04-30,지출,온라인쇼핑,서비스구독,ALIPAY CONNECT PTE. LTD,-18100.0,카카오페이 간편결제,
천세원,2025-04-30,이체,저축,미분류,CONTINENTA,290000.0,저축예금,
천세원,2025-05-01,이체,카드대금,미분류,신한카드,-471633.0,저축예금,
천세원,2025-05-01,지출,의료/건강,종합병원,(의재)인화재단,-290000.0,카드의 정석 POINT 주거래,
천세원,2025-05-01,지출,식비,한식,샤브마니아,-33800.0,카드의 정석 POINT 주거래,
천세원,2025-05-01,이체,저축,미분류,마이신한포인트,455109.0,저축예금,
하유진,2025-05-01,지출,의료/건강,미분류,인화재단한국병원,-250000.0,네이버 현대카드,
하유진,2025-05-02,지출,식사,미분류,코스트코코리아,-159090.0,네이버 현대카드,
천세원,2025-05-02,이체,미분류,미분류,출금 내역,-200000.0,KB마이핏통장,
하유진,2025-05-03,지출,의복/미용,미분류,아이디헤어 세종나성점,-8126.0,네이버페이 간편결제(포인트),
천세원,2025-05-03,지출,뷰티/미용,헤어샵,라봄헤어,-18000.0,카드의 정석 POINT 주거래,
천세원,2025-05-03,지출,카페/간식,베이커리,(주)베이콜로지,-18000.0,카드의 정석 POINT 주거래,
하유진,2025-05-03,이체,미분류,미분류,당근페이,-27500.0,KB마이핏통장,
하유진,2025-05-03,지출,의복/미용,미분류,아이디헤어 세종나성점,-183874.0,네이버페이 간편결제,
하유진,2025-05-04,이체,이체,미분류,천*원,50000.0,카카오페이 머니,
하유진,2025-05-04,수입,금융수입,미분류,카카오326,1.0,KB마이핏통장,
천세원,2025-05-04,지출,금융,은행,송금 내역,-50000.0,카카오페이 머니,
천세원,2025-05-04,지출,카페/간식,커피/음료,(주)커피빈코리,-33000.0,카드의 정석 POINT 주거래,
천세원,2025-05-05,지출,금융,은행,송금 내역,-86000.0,카카오페이 머니,
하유진,2025-05-06,지출,식사,미분류,(주)우아한형제들,-4227.0,네이버페이 간편결제(포인트),
하유진,2025-05-06,지출,식사,미분류,(주)우아한형제들,-16273.0,네이버페이 간편결제,
천세원,2025-05-07,이체,내계좌이체,미분류,삼성천세원,-1000000.0,저축예금,
천세원,2025-05-07,지출,여행/숙박,항공권,(주)제주항공,-11700.0,카카오페이 간편결제,
천세원,2025-05-07,이체,내계좌이체,미분류,삼성천세원,-1000000.0,저축예금,
천세원,2025-05-07,지출,여행/숙박,항공권,티웨이항공(마이리얼트립),-108700.0,네이버페이 간편결제,
천세원,2025-05-07,이체,내계좌이체,미분류,삼성천세원,-1000000.0,저축예금,
하유진,2025-05-07,지출,여행/숙박,미분류,(주)제주항공,-11700.0,네이버페이 간편결제,
하유진,2025-05-07,지출,여행/숙박,미분류,대한항공_온라인,-11700.0,네이버 현대카드,
천세원,2025-05-07,지출,금융,은행,송금 내역,-2500.0,카카오페이 머니,
천세원,2025-05-07,지출,여행/숙박,항공권,(주) 제주항공,-50000.0,우리페이 계좌결제 서비스,
하유진,2025-05-08,지출,교육,미분류,월급쟁이부자들,-168691.0,네이버페이 간편결제,
하유진,2025-05-08,지출,교육,미분류,월급쟁이부자들,-309.0,네이버페이 간편결제(포인트),
하유진,2025-05-08,지출,여행/숙박,미분류,말리오션스파펜션,-171000.0,네이버페이 간편결제,
천세원,2025-05-09,지출,식비,고기,연와종,-25500.0,카드의 정석 POINT 주거래,
천세원,2025-05-09,지출,생활,생필품,세종전자담배마켓,-160000.0,카드의 정석 POINT 주거래,
천세원,2025-05-09,지출,교통,대중교통,교통-버스2건,-4200.0,카드의 정석 POINT 주거래,
하유진,2025-05-10,지출,생활,미분류,GS25태안만리포점,-4700.0,네이버 현대카드,
천세원,2025-05-10,지출,식비,배달,주식회사 우아한형제들,-17000.0,카카오페이 간편결제,
하유진,2025-05-10,지출,생활,미분류,GS25태안만리포점,-7850.0,네이버 현대카드,
천세원,2025-05-10,이체,미분류,미분류,입금 내역,1129.0,KB마이핏통장,
하유진,2025-05-10,지출,생활,미분류,소원하나로마트,-78500.0,네이버 현대카드,
하유진,2025-05-10,이체,이체,미분류,김훈,-20000.0,KB마이핏통장,
하유진,2025-05-10,이체,이체,미분류,김훈,-20000.0,KB마이핏통장,
하유진,2025-05-10,지출,자동차,미분류,세종로주유소,-50000.0,네이버 현대카드,
하유진,2025-05-10,이체,미분류,미분류,입금 내역,13548.0,KB마이핏통장,
하유진,2025-05-10,지출,생활,미분류,씨유태안만리포점,-22700.0,네이버 현대카드,
하유진,2025-05-10,지출,생활,미분류,소원하나로마트,-10000.0,네이버 현대카드,
하유진,2025-05-11,이체,이체,미분류,박*현,99116.0,카카오페이 머니,
하유진,2025-05-11,이체,이체,미분류,김*진,99116.0,카카오페이 머니,
하유진,2025-05-11,지출,식사,미분류,(주)우아한형제들,-27700.0,네이버페이 간편결제,
하유진,2025-05-11,이체,이체,미분류,박*현,11350.0,카카오페이 머니,
하유진,2025-05-11,수입,미분류,미분류,적립 내역,2.0,카카오페이 머니,
하유진,2025-05-11,지출,생활,미분류,GS25태안만리포점,-1800.0,네이버 현대카드,
하유진,2025-05-12,지출,식사,미분류,아워홈콘티넨탈세종점,-1200.0,네이버 현대카드,
하유진,2025-05-12,지출,의복/미용,미분류,십일번가 주식회사,-63220.0,카카오페이 간편결제,
천세원,2025-05-12,지출,생활,마트,세종부강농업협동,-60000.0,갤러리아 체크카드,
하유진,2025-05-12,이체,카드대금,미분류,현대카드대금,-655931.0,KB마이핏통장,
천세원,2025-05-12,지출,금융,은행,송금 내역,-2500.0,카카오페이 머니,
천세원,2025-05-13,지출,생활,생활서비스,코오롱글로벌(주)스,-3000.0,카드의 정석 POINT 주거래,
하유진,2025-05-13,지출,식사,미분류,아워홈콘티넨탈세종점,-1500.0,네이버 현대카드,
천세원,2025-05-14,지출,금융,은행,송금 내역,-2500.0,카카오페이 머니,
하유진,2025-05-14,이체,이체,미분류,차수정,400000.0,KB마이핏통장,
하유진,2025-05-14,이체,이체,미분류,차수정,400000.0,KB마이핏통장,
하유진,2025-05-14,지출,여행/숙박,미분류,모슬여휘,-246580.0,네이버페이 간편결제,
하유진,2025-05-14,지출,여행/숙박,미분류,모슬여휘,-3420.0,네이버페이 간편결제(포인트),
천세원,2025-05-14,지출,금융,은행,송금 내역,-2500.0,카카오페이 머니,
천세원,2025-05-14,이체,저축,미분류,CONTINENTA,159200.0,저축예금,
하유진,2025-05-15,이체,이체,미분류,송금 내역,-43000.0,카카오페이 머니,
하유진,2025-05-15,지출,자동차,미분류,주차장_나이스,-2000.0,세종 여민전 하나멤버스 1Q체크카드(후불교통),
천세원,2025-05-15,이체,내계좌이체,미분류,천*원,35487.0,카카오페이 머니,
천세원,2025-05-15,이체,내계좌이체,미분류,카카오페이,-35487.0,저축예금,
천세원,2025-05-15,지출,금융,은행,송금 내역,-43000.0,카카오페이 머니,
천세원,2025-05-15,이체,내계좌이체,미분류,카카오페이,-10000.0,저축예금,
천세원,2025-05-15,이체,내계좌이체,미분류,천*원,10000.0,카카오페이 머니,
천세원,2025-05-15,지출,금융,은행,송금 내역,-2500.0,카카오페이 머니,
천세원,2025-05-15,지출,금융,은행,SKB6522025232,-16500.0,저축예금,
천세원,2025-05-16,지출,식비,한식,인생아구찜 세종,-36000.0,카드의 정석 POINT 주거래,
천세원,2025-05-16,지출,금융,은행,송금 내역,-2500.0,카카오페이 머니,
하유진,2025-05-17,지출,생활,미분류,이마트세종점,-163600.0,네이버 현대카드,
하유진,2025-05-17,지출,식사,미분류,참치정육점 세종점,-49000.0,세종 여민전 하나멤버스 1Q체크카드(후불교통),
천세원,2025-05-17,지출,금융,보험,DB손해보험(주,-588790.0,카드의 정석 POINT 주거래,
하유진,2025-05-17,수입,사업수입,미분류,삼성카드,333227.0,KB마이핏통장,
하유진,2025-05-19,지출,여행/숙박,미분류,주식회사 여기어때컴퍼니,-109600.0,카카오페이 간편결제,
하유진,2025-05-19,지출,자동차,미분류,행복주유소,-60000.0,네이버 현대카드,
하유진,2025-05-19,이체,미분류,미분류,하유진,-50000000.0,KB마이핏통장,
천세원,2025-05-19,지출,금융,은행,송금 내역,-2500.0,카카오페이 머니,
하유진,2025-05-19,이체,저축,미분류,신협온뱅크신규,50000000.0,유니온정기예탁금,
천세원,2025-05-20,지출,교통,대중교통,티머니GO,-27800.0,네이버페이 간편결제,
하유진,2025-05-20,지출,카페/간식,미분류,황남빵,-3600.0,네이버 현대카드,
천세원,2025-05-20,지출,금융,은행,송금 내역,-2500.0,카카오페이 머니,
천세원,2025-05-20,지출,교통,대중교통,티머니GO,-27800.0,네이버페이 간편결제,
천세원,2025-05-21,지출,자동차,차량보험,DB손13105,-35950.0,저축예금,
하유진,2025-05-21,지출,주거/통신,미분류,국민은행LiivM,-28500.0,KB국민 nori 체크카드(RF),
하유진,2025-05-21,지출,생활,미분류,신지몰스토어,-9651.0,네이버페이 간편결제(포인트),
하유진,2025-05-21,지출,생활,미분류,신지몰스토어,-9649.0,네이버페이 간편결제,
하유진,2025-05-21,이체,이체,미분류,김경희,100000.0,KB마이핏통장,
하유진,2025-05-21,지출,카페/간식,미분류,황남빵,-48000.0,네이버 현대카드,
천세원,2025-05-21,지출,금융,은행,송금 내역,-2500.0,카카오페이 머니,
천세원,2025-05-21,이체,내계좌이체,미분류,카카오페이,-10000.0,저축예금,
천세원,2025-05-21,이체,내계좌이체,미분류,천*원,10000.0,카카오페이 머니,
천세원,2025-05-21,지출,주거/통신,휴대폰,국민은행LiivM,-40490.0,KB국민 첵첵 체크카드(RF),
천세원,2025-05-22,지출,생활,편의점,지에스 25 중,-15300.0,카드의 정석 POINT 주거래,
하유진,2025-05-22,지출,자동차,미분류,행복주유소,-60000.0,네이버 현대카드,
하유진,2025-05-22,지출,식사,미분류,아워홈콘티넨탈세종점,-1500.0,네이버 현대카드,
천세원,2025-05-22,지출,식비,한식,중문회어시장,-58000.0,카드의 정석 POINT 주거래,
천세원,2025-05-22,지출,식비,한식,국시트멍,-22000.0,카드의 정석 POINT 주거래,
천세원,2025-05-23,수입,급여,미분류,급여 콘티넨탈,4209949.0,저축예금,
천세원,2025-05-23,이체,이체,미분류,정*영,18650.0,카카오페이 머니,
하유진,2025-05-23,지출,자동차,미분류,하이패스3191,-50000.0,KB마이핏통장,
천세원,2025-05-23,지출,식비,고기,고깃집돈누리,-43000.0,카드의 정석 POINT 주거래,
하유진,2025-05-23,지출,식사,미분류,(주)우아한형제들,-17300.0,네이버페이 간편결제,
하유진,2025-05-23,이체,저축,미분류,카카오454,1.0,KB마이핏통장,
천세원,2025-05-23,지출,식비,한식,노란열매농업회사,-31000.0,카드의 정석 POINT 주거래,
하유진,2025-05-23,지출,문화/여가,미분류,네이버플러스멤버십,-5000.0,네이버페이 간편결제,
하유진,2025-05-23,지출,문화/여가,미분류,네이버플러스멤버십,-3000.0,네이버페이 간편결제(포인트),
하유진,2025-05-23,수입,급여,미분류,급여 콘티넨탈,4052794.0,KB마이핏통장,
천세원,2025-05-23,지출,식비,한식,노란열매농업회사,-15900.0,카드의 정석 POINT 주거래,
천세원,2025-05-23,지출,식비,한식,노란열매농업회사,-31000.0,카드의 정석 POINT 주거래,
천세원,2025-05-24,수입,금융수입,미분류,이자,0.0,MY 입출금통장,
천세원,2025-05-24,지출,생활,마트,세종중합농협 하,-69370.0,카드의 정석 POINT 주거래,
천세원,2025-05-24,지출,금융,세금/과태료,국민하유진,-3000000.0,저축예금,
하유진,2025-05-24,수입,금융수입,미분류,입출금통장 이자,9.0,입출금통장,
하유진,2025-05-24,지출,문화/여가,미분류,주식회사 카카오,-990.0,카카오페이 간편결제,
하유진,2025-05-24,수입,금융수입,미분류,이자,0.0,MY 입출금통장,
하유진,2025-05-24,이체,저축,미분류,정기이자 입금,1.0,세이프박스,
하유진,2025-05-24,이체,이체,미분류,천세원,3000000.0,KB마이핏통장,
천세원,2025-05-26,이체,내계좌이체,미분류,6회-천세원,-500000.0,저축예금,
천세원,2025-05-26,이체,카드대금,미분류,우리카드결제대금,-4200.0,저축예금,
천세원,2025-05-26,지출,금융,보험,메리츠001건,-36120.0,저축예금,
천세원,2025-05-26,이체,내계좌이체,미분류,천세원청약86,-100000.0,저축예금,
천세원,2025-05-26,이체,내계좌이체,미분류,입금 내역,500000.0,WON 자유적금,
천세원,2025-05-26,지출,카페/간식,커피/음료,복도리 카페,-5000.0,KB국민 첵첵 체크카드(RF),
천세원,2025-05-26,이체,이체,미분류,삼성히어링,-17800.0,저축예금,
천세원,2025-05-26,이체,카드대금,미분류,하나카드,-159200.0,저축예금,
천세원,2025-05-26,지출,생활,생활서비스,"80350300100418  , 4회차",-300000.0,KB마이핏통장,
천세원,2025-05-26,이체,내계좌이체,미분류,입금 내역,100000.0,주택청약종합저축,
하유진,2025-05-26,이체,미분류,미분류,입금 내역,300000.0,KB 특★한 적금,
하유진,2025-05-26,이체,미분류,미분류,"61610304323291  , 3회차",-300000.0,KB마이핏통장,
하유진,2025-05-26,지출,생활,미분류,한화손02건,-108663.0,KB마이핏통장,
하유진,2025-05-26,지출,식사,미분류,아워홈콘티넨탈세종점,-960.0,네이버 현대카드,
하유진,2025-05-27,지출,식사,미분류,아워홈콘티넨탈세종점,-1300.0,네이버 현대카드,
하유진,2025-05-27,지출,주거/통신,미분류,아파트관리비,-236830.0,네이버 현대카드,
하유진,2025-05-27,지출,식사,미분류,아워홈콘티넨탈세종점,-6700.0,네이버 현대카드,
천세원,2025-05-27,지출,금융,은행,송금 내역,-2500.0,카카오페이 머니,
천세원,2025-05-27,이체,이체,미분류,정*영,21500.0,카카오페이 머니,
천세원,2025-05-27,이체,내계좌이체,미분류,퇴직연금-천세원,-100000.0,저축예금,
하유진,2025-05-28,지출,문화/여가,미분류,Alipay Plus,-12168.0,네이버페이 간편결제(머니),
하유진,2025-05-28,이체,이체,미분류,카카오356,1.0,입출금통장,
하유진,2025-05-28,이체,미분류,미분류,네이버페이충전,-20000.0,KB마이핏통장,
하유진,2025-05-28,이체,미분류,미분류,충전 내역,20000.0,네이버페이 머니,
하유진,2025-05-28,지출,문화/여가,미분류,Alipay Plus,-2.0,네이버페이 간편결제(포인트),
천세원,2025-05-29,지출,식비,배달,주식회사 우아한형제들,-42000.0,카카오페이 간편결제,
하유진,2025-05-29,지출,식사,미분류,피제리아무로,-61000.0,네이버 현대카드,
하유진,2025-05-30,지출,의료/건강,미분류,서울삼성이비인후과의원,-8400.0,네이버 현대카드,
하유진,2025-05-30,지출,의료/건강,미분류,세종다온약국,-8200.0,네이버 현대카드,
하유진,2025-05-30,이체,이체,미분류,이*원,20333.0,카카오페이 머니,
하유진,2025-05-30,이체,이체,미분류,김*화,20333.0,카카오페이 머니,
하유진,2025-05-30,수입,미분류,미분류,적립 내역,1.0,카카오페이 머니,
천세원,2025-05-30,이체,이체,미분류,카카오페이,-27691.0,저축예금,
하유진,2025-05-30,이체,이체,미분류,카카오533,1.0,입출금통장,
천세원,2025-05-30,지출,식비,배달,주식회사 우아한형제들,-28350.0,카카오페이 간편결제,
하유진,2025-05-30,이체,이체,미분류,송금 내역,-5000.0,카카오페이 머니,
천세원,2025-05-30,지출,금융,은행,송금 내역,-2500.0,카카오페이 머니,
천세원,2025-05-30,이체,저축,미분류,CONTINENTA,286080.0,저축예금,
하유진,2025-05-30,수입,금융수입,미분류,카카오350,1.0,KB마이핏통장,
하유진,2025-05-30,이체,미분류,미분류,당근페이,-58000.0,KB마이핏통장,
하유진,2025-05-31,이체,미분류,미분류,체크535,1.0,KB마이핏통장,
하유진,2025-05-31,지출,생활,미분류,유쎈아이디,-5000.0,네이버 현대카드,
천세원,2025-05-31,이체,이체,미분류,카카오페이,-150000.0,저축예금,
천세원,2025-05-31,지출,식비,일식,모밀엔카츠,-21500.0,카드의 정석 POINT 주거래,
하유진,2025-05-31,이체,이체,미분류,천*원,150000.0,카카오페이 머니,
천세원,2025-06-01,지출,온라인쇼핑,인터넷쇼핑,여민전__체크,-300000.0,저축예금,
하유진,2025-06-01,지출,교통,미분류,티머니 지하철,-1700.0,세종 여민전 하나멤버스 1Q체크카드(후불교통),
하유진,2025-06-01,지출,교통,미분류,티머니 지하철,-3500.0,세종 여민전 하나멤버스 1Q체크카드(후불교통),
하유진,2025-06-01,지출,생활,미분류,필터포유공식몰,-7832.0,네이버페이 간편결제(머니),
하유진,2025-06-01,지출,생활,미분류,필터포유공식몰,-37802.0,네이버페이 간편결제,
하유진,2025-06-01,지출,생활,미분류,필터포유공식몰,-166.0,네이버페이 간편결제(포인트),
하유진,2025-06-01,이체,미분류,미분류,여민전__체크,-300000.0,KB마이핏통장,
하유진,2025-06-01,지출,교통,미분류,티머니 지하철,-1500.0,세종 여민전 하나멤버스 1Q체크카드(후불교통),
하유진,2025-06-01,지출,교통,미분류,티머니 지하철,-1600.0,세종 여민전 하나멤버스 1Q체크카드(후불교통),
하유진,2025-06-02,지출,문화/여가,미분류,ALIPAY CONNECT PTE. LTD,-8075.0,카카오페이 간편결제,
천세원,2025-06-02,지출,자동차,주유,주식회사 동인청,-60000.0,갤러리아 체크카드,
천세원,2025-06-02,이체,이체,미분류,곽*경,2500.0,카카오페이 머니,
천세원,2025-06-02,이체,이체,미분류,정*영,2500.0,카카오페이 머니,
천세원,2025-06-02,지출,카페/간식,커피/음료,복도리 협동조합,-12500.0,세종 여민전 하나멤버스 1Q체크카드(후불교통),
하유진,2025-06-02,이체,이체,미분류,송금 내역,-2500.0,카카오페이 머니,
천세원,2025-06-02,이체,이체,미분류,신*수,2500.0,카카오페이 머니,
하유진,2025-06-03,지출,여행/숙박,미분류,유람,-40000.0,세종 여민전 하나멤버스 1Q체크카드(후불교통),
하유진,2025-06-03,지출,생활,미분류,해인유통,-1200.0,네이버 현대카드,
천세원,2025-06-03,지출,금융,은행,농업회사법인주식,-26000.0,카드의 정석 POINT 주거래,
천세원,2025-06-03,이체,이체,미분류,카카오페이,-10491.0,저축예금,
천세원,2025-06-03,지출,식비,배달,주식회사 우아한형제들,-18000.0,카카오페이 간편결제,
하유진,2025-06-03,지출,생활,미분류,해인유통,-1200.0,네이버 현대카드,
천세원,2025-06-04,이체,내계좌이체,미분류,충전 내역,530000.0,네이버페이 머니,
천세원,2025-06-04,이체,내계좌이체,미분류,네이버페이충전,-530000.0,저축예금,
천세원,2025-06-04,지출,금융,카드,토스페이먼츠 주식회사,-522290.0,네이버페이 간편결제(머니),
천세원,2025-06-04,지출,식비,중식,금용 중화요리,-59000.0,세종 여민전 하나멤버스 1Q체크카드(후불교통),
천세원,2025-06-04,지출,카페/간식,커피/음료,복도리 협동조합,-7500.0,세종 여민전 하나멤버스 1Q체크카드(후불교통),
천세원,2025-06-04,지출,카페/간식,커피/음료,복도리 협동조합,-2500.0,세종 여민전 하나멤버스 1Q체크카드(후불교통),
천세원,2025-06-04,이체,이체,미분류,신*수,17500.0,카카오페이 머니,
천세원,2025-06-04,이체,이체,미분류,정*영,17500.0,카카오페이 머니,
천세원,2025-06-04,이체,이체,미분류,곽*경,17500.0,카카오페이 머니,
하유진,2025-06-04,지출,생활,미분류,세종전자담배마켓,-160000.0,세종 여민전 하나멤버스 1Q체크카드(후불교통),
천세원,2025-06-04,이체,내계좌이체,미분류,천*원,27500.0,카카오페이 머니,
하유진,2025-06-04,지출,식사,미분류,땅스부대찌개새롬점,-11900.0,세종 여민전 하나멤버스 1Q체크카드(후불교통),
천세원,2025-06-04,지출,금융,은행,송금 내역,-80000.0,카카오페이 머니,
하유진,2025-06-04,이체,이체,미분류,천*원,80000.0,카카오페이 머니,
천세원,2025-06-04,이체,내계좌이체,미분류,(주)카카오페이,-27500.0,저축예금,
하유진,2025-06-05,지출,식사,미분류,코스트코코리아,-135410.0,네이버 현대카드,
천세원,2025-06-05,지출,생활,편의점,지에스25 세종,-5400.0,카드의 정석 POINT 주거래,
천세원,2025-06-05,지출,식비,배달,주식회사 우아한형제들,-21000.0,카카오페이 간편결제,
하유진,2025-06-05,지출,식사,미분류,아워홈콘티넨탈세종점,-1200.0,네이버 현대카드,
천세원,2025-06-05,지출,생활,마트,롯데슈퍼 세종캐,-6120.0,카드의 정석 POINT 주거래,
천세원,2025-06-05,지출,금융,은행,송금 내역,-2500.0,카카오페이 머니,
하유진,2025-06-05,지출,교통,미분류,고속버스 티머니,-27800.0,네이버페이 간편결제,
하유진,2025-06-05,지출,교통,미분류,고속버스 티머니,-27800.0,네이버페이 간편결제,
천세원,2025-06-05,이체,이체,미분류,하*진,2500.0,카카오페이 머니,
천세원,2025-06-05,이체,이체,미분류,카카오페이,-21000.0,저축예금,
하유진,2025-06-05,지출,식사,미분류,아워홈콘티넨탈세종점,-2940.0,네이버 현대카드,
하유진,2025-06-07,지출,식사,미분류,딤딤섬센트럴시티점,-38500.0,네이버 현대카드,
천세원,2025-06-07,지출,카페/간식,커피/음료,폴 바셋 파미에,-9400.0,카드의 정석 POINT 주거래,
천세원,2025-06-07,지출,생활,편의점,이마트24 서울,-10300.0,카드의 정석 POINT 주거래,
천세원,2025-06-08,지출,온라인쇼핑,결제/충전,Alipay Plus,-19325.0,네이버페이 간편결제(머니),
천세원,2025-06-08,지출,생활,생필품,주식회사 아성다,-18000.0,카드의 정석 POINT 주거래,
천세원,2025-06-08,이체,내계좌이체,미분류,네이버페이충전,-20000.0,저축예금,
천세원,2025-06-08,이체,내계좌이체,미분류,충전 내역,20000.0,네이버페이 머니,
하유진,2025-06-08,이체,이체,미분류,온누리충전,-45000.0,KB마이핏통장,
하유진,2025-06-08,지출,생활,미분류,마켓세종,-46070.0,네이버 현대카드,
하유진,2025-06-09,지출,여행/숙박,미분류,Agoda,-337.0,네이버페이 간편결제(포인트),
하유진,2025-06-09,지출,여행/숙박,미분류,Agoda,-318707.0,네이버페이 간편결제,
하유진,2025-06-09,이체,미분류,미분류,(주)카카오,35550.0,KB마이핏통장,
하유진,2025-06-09,이체,이체,미분류,하봉수,-30000000.0,KB마이핏통장,
하유진,2025-06-10,지출,교통,미분류,고속버스 티머니,-27800.0,네이버페이 간편결제,
하유진,2025-06-10,지출,교통,미분류,고속버스 티머니,27800.0,네이버페이 간편결제,
하유진,2025-06-10,지출,식사,미분류,순한양꼬치,-68000.0,세종 여민전 하나멤버스 1Q체크카드(후불교통),
천세원,2025-06-10,지출,카페/간식,커피/음료,복도리 협동조합,-5000.0,세종 여민전 하나멤버스 1Q체크카드(후불교통),
천세원,2025-06-10,이체,이체,미분류,정*영,2500.0,카카오페이 머니,
천세원,2025-06-10,지출,교통,대중교통,티머니GO,-26000.0,네이버페이 간편결제,
천세원,2025-06-10,지출,문화/여가,취미/체험,포토 그레이(나,-4000.0,카드의 정석 POINT 주거래,
하유진,2025-06-10,지출,여행/숙박,미분류,트립일레븐,-159000.0,네이버페이 간편결제,
천세원,2025-06-10,지출,교통,대중교통,티머니GO,-26000.0,네이버페이 간편결제,
천세원,2025-06-11,지출,교통,대중교통,교통-버스3건,-4250.0,카드의 정석 POINT 주거래,
하유진,2025-06-11,지출,식사,미분류,아워홈콘티넨탈세종점,-1200.0,네이버 현대카드,
천세원,2025-06-11,이체,이체,미분류,정*영,2500.0,카카오페이 머니,
천세원,2025-06-11,지출,교통,대중교통,교통-지하철6건,-12500.0,카드의 정석 POINT 주거래,
천세원,2025-06-11,지출,카페/간식,커피/음료,복도리 협동조합,-7500.0,세종 여민전 하나멤버스 1Q체크카드(후불교통),
천세원,2025-06-11,이체,이체,미분류,신*수,2500.0,카카오페이 머니,
천세원,2025-06-12,지출,패션/쇼핑,패션,해피데이 파자마,-52600.0,네이버페이 간편결제(머니),
하유진,2025-06-12,지출,카페/간식,미분류,카페24,-20400.0,네이버 현대카드,
하유진,2025-06-12,지출,자동차,미분류,행복주유소,-56282.0,세종 여민전 하나멤버스 1Q체크카드(후불교통),
천세원,2025-06-12,이체,내계좌이체,미분류,네이버페이충전,-60000.0,저축예금,
천세원,2025-06-12,이체,내계좌이체,미분류,충전 내역,60000.0,네이버페이 머니,
천세원,2025-06-12,지출,식비,한식,곤드레말(주),-75000.0,세종 여민전 하나멤버스 1Q체크카드(후불교통),
하유진,2025-06-12,이체,카드대금,미분류,현대카드대금,-2121897.0,KB마이핏통장,
천세원,2025-06-13,이체,이체,미분류,신*수,2500.0,카카오페이 머니,
천세원,2025-06-13,지출,교통,대중교통,티머니GO,24200.0,네이버페이 간편결제,
천세원,2025-06-13,지출,교통,대중교통,티머니GO,24200.0,네이버페이 간편결제,
천세원,2025-06-13,지출,카페/간식,커피/음료,복도리 협동조합,-5000.0,세종 여민전 하나멤버스 1Q체크카드(후불교통),
하유진,2025-06-13,지출,생활,미분류,마켓세종,-18770.0,네이버 현대카드,
하유진,2025-06-13,이체,이체,미분류,온누리충전,-14400.0,KB마이핏통장,
천세원,2025-06-13,이체,이체,미분류,신*수,15000.0,카카오페이 머니,
천세원,2025-06-13,이체,이체,미분류,한*화,15000.0,카카오페이 머니,
천세원,2025-06-13,이체,이체,미분류,정*영,15000.0,카카오페이 머니,
천세원,2025-06-13,이체,이체,미분류,곽*경,15000.0,카카오페이 머니,
하유진,2025-06-14,이체,이체,미분류,박지현,-50000.0,KB마이핏통장,
천세원,2025-06-15,지출,교통,시외버스,티머니 전국시외버스,24200.0,카드의 정석 POINT 주거래,
천세원,2025-06-15,지출,뷰티/미용,화장품,씨제이올리브영(,-27200.0,카드의 정석 POINT 주거래,
천세원,2025-06-15,지출,패션/쇼핑,백화점,롯데쇼핑(주)아,-15700.0,카드의 정석 POINT 주거래,
천세원,2025-06-15,지출,패션/쇼핑,백화점,롯데쇼핑(주)아,-69300.0,카드의 정석 POINT 주거래,
천세원,2025-06-15,지출,패션/쇼핑,백화점,롯데쇼핑(주)아,-95200.0,카드의 정석 POINT 주거래,
천세원,2025-06-15,지출,패션/쇼핑,백화점,롯데쇼핑(주)아,-89400.0,카드의 정석 POINT 주거래,
천세원,2025-06-15,지출,식비,한식,장원갑칼국수 세종본점,-22000.0,세종 여민전 하나멤버스 1Q체크카드(후불교통),
천세원,2025-06-15,지출,뷰티/미용,헤어샵,라봄헤어,-18000.0,세종 여민전 하나멤버스 1Q체크카드(후불교통),
하유진,2025-06-15,지출,의복/미용,미분류,롯데쇼핑아울렛청주점,-125300.0,네이버 현대카드,
하유진,2025-06-15,지출,의복/미용,미분류,롯데쇼핑아울렛청주점,-44100.0,네이버 현대카드,
하유진,2025-06-15,지출,의복/미용,미분류,롯데쇼핑아울렛청주점,-99000.0,네이버 현대카드,
하유진,2025-06-15,지출,의복/미용,미분류,롯데쇼핑아울렛청주점,-149100.0,네이버 현대카드,
천세원,2025-06-16,지출,식비,고기,맛찬들왕소금구이 세종새롬점,-70000.0,세종 여민전 하나멤버스 1Q체크카드(후불교통),
천세원,2025-06-16,지출,금융,은행,SKB6522025232,-16500.0,저축예금,
하유진,2025-06-16,지출,식사,미분류,아워홈콘티넨탈세종점,-1500.0,네이버 현대카드,
하유진,2025-06-16,지출,식사,미분류,아워홈콘티넨탈세종점,-3100.0,네이버 현대카드,
하유진,2025-06-16,이체,저축,미분류,CONTINENTA,404480.0,KB마이핏통장,
천세원,2025-06-16,이체,투자,미분류,체크카드취소,24200.0,저축예금,
하유진,2025-06-17,이체,이체,미분류,김경희,10000000.0,KB마이핏통장,
하유진,2025-06-17,지출,여행/숙박,미분류,SK네트웍스워커힐인천공항,-10000.0,네이버 현대카드,
천세원,2025-06-17,지출,식비,일식,덴까이,-27000.0,세종 여민전 하나멤버스 1Q체크카드(후불교통),
천세원,2025-06-17,지출,생활,생필품,세종전자담배마켓,-80000.0,카드의 정석 POINT 주거래,
하유진,2025-06-17,이체,이체,미분류,김경희,10000000.0,KB마이핏통장,
하유진,2025-06-17,지출,의복/미용,미분류,신세계인터넷면세점,-9020.0,네이버페이 간편결제(포인트),
하유진,2025-06-17,지출,생활,미분류,이마트세종점,-163600.0,네이버 현대카드,
하유진,2025-06-17,지출,주거/통신,미분류,민팃,-5900.0,네이버 현대카드,
하유진,2025-06-17,지출,생활,미분류,다이소아성산업,-21000.0,네이버 현대카드,
하유진,2025-06-17,이체,저축,미분류,김경희이자,100000.0,KB마이핏통장,
하유진,2025-06-17,이체,이체,미분류,김경희,10000000.0,KB마이핏통장,
하유진,2025-06-17,지출,카페/간식,미분류,메가엠지씨커피세종첫마을점,-2000.0,네이버 현대카드,
천세원,2025-06-18,이체,이체,미분류,정*영,2500.0,카카오페이 머니,
천세원,2025-06-18,이체,이체,미분류,신*수,2500.0,카카오페이 머니,
천세원,2025-06-18,지출,카페/간식,커피/음료,복도리 협동조합,-7500.0,세종 여민전 하나멤버스 1Q체크카드(후불교통),
천세원,2025-06-18,지출,카페/간식,커피/음료,복도리 협동조합,12500.0,세종 여민전 하나멤버스 1Q체크카드(후불교통),
천세원,2025-06-18,지출,카페/간식,커피/음료,복도리 협동조합,-12500.0,세종 여민전 하나멤버스 1Q체크카드(후불교통),
천세원,2025-06-19,지출,자동차,주유,주식회사 동인청,-60000.0,갤러리아 체크카드,
천세원,2025-06-20,이체,이체,미분류,신*수,2500.0,카카오페이 머니,
천세원,2025-06-20,이체,이체,미분류,정*영,2500.0,카카오페이 머니,
천세원,2025-06-20,지출,카페/간식,커피/음료,복도리 협동조합,-7500.0,세종 여민전 하나멤버스 1Q체크카드(후불교통),
천세원,2025-06-21,이체,미분류,미분류,입금 내역,0.0,저축예금,
천세원,2025-06-21,지출,카페/간식,베이커리,뚜레쥬르마두점,-34000.0,카드의 정석 POINT 주거래,
천세원,2025-06-21,수입,금융수입,미분류,예금결산이자,1127.0,저축예금,
하유진,2025-06-21,이체,저축,미분류,예금결산이자,0.0,저축예금,
하유진,2025-06-21,지출,생활,미분류,TARGET T1825                          \\,-30208.0,Trip to 로카,
하유진,2025-06-21,이체,미분류,미분류,입금 내역,5.0,행복knowhow 주거래 우대통장,
하유진,2025-06-21,이체,이체,미분류,*****,1.0,신한 주거래 S20통장,
하유진,2025-06-22,지출,여행/숙박,미분류,AGODA USD - FLIGHT                    \\,-38386.0,Trip to 로카,
하유진,2025-06-22,지출,의복/미용,미분류,BACK PORCH                            \\,-81097.0,Trip to 로카,
하유진,2025-06-22,지출,의복/미용,미분류,POLO RALPH  LAUREN 81                 \\,-450952.0,Trip to 로카,
하유진,2025-06-22,지출,의복/미용,미분류,CALVIN KLEIN 016                      \\,-32447.0,Trip to 로카,
하유진,2025-06-22,지출,카페/간식,미분류,THE COACH STORE-DESTIN D4             \\,-428588.0,Trip to 로카,
천세원,2025-06-23,지출,자동차,차량보험,DB손13206,-35950.0,저축예금,
천세원,2025-06-23,지출,주거/통신,휴대폰,국민은행LiivM,-40490.0,KB국민 첵첵 체크카드(RF),
하유진,2025-06-23,지출,문화/여가,미분류,네이버플러스멤버십,-8000.0,네이버페이 간편결제(포인트),
천세원,2025-06-23,지출,패션/쇼핑,패션,주식회사 무신사페이먼츠,-83610.0,카카오페이 간편결제,
하유진,2025-06-23,지출,주거/통신,미분류,국민은행LiivM,-28500.0,KB국민 nori 체크카드(RF),
하유진,2025-06-23,지출,생활,미분류,TARGET T1825                          \\,-19637.0,Trip to 로카,
하유진,2025-06-23,지출,의복/미용,미분류,DEWEY DESTIN'S SEAFOOD C              \\,-47328.0,Trip to 로카,
하유진,2025-06-23,지출,카페/간식,미분류,CANDLEWOOD SUITES FWB                 \\,-2781.0,Trip to 로카,
천세원,2025-06-23,이체,이체,미분류,카카오페이,-10000.0,저축예금,
천세원,2025-06-24,지출,온라인쇼핑,인터넷쇼핑,주식회사 무신사,-6000.0,우리페이 계좌결제 서비스,
하유진,2025-06-24,지출,카페/간식,미분류,HYUNDAIGACAFE                         \\,-16177.0,Trip to 로카,
하유진,2025-06-24,지출,문화/여가,미분류,주식회사 카카오,-990.0,카카오페이 간편결제,
하유진,2025-06-24,지출,주거/통신,미분류,아파트관리비,-224450.0,네이버 현대카드,
천세원,2025-06-24,지출,금융,은행,송금 내역,-2500.0,카카오페이 머니,
천세원,2025-06-24,지출,생활,가구/가전,누비홈,-2099.0,네이버페이 간편결제(포인트),
천세원,2025-06-24,지출,생활,가구/가전,누비홈,-7801.0,네이버페이 간편결제(머니),
천세원,2025-06-24,지출,금융,은행,송금 내역,-2500.0,카카오페이 머니,
천세원,2025-06-24,지출,생활,가구/가전,이케아코리아,-42900.0,네이버페이 간편결제(머니),
천세원,2025-06-24,이체,내계좌이체,미분류,네이버페이충전,-50000.0,저축예금,
천세원,2025-06-24,이체,내계좌이체,미분류,충전 내역,50000.0,네이버페이 머니,
하유진,2025-06-25,수입,급여,미분류,급여 콘티넨탈,4033588.0,KB마이핏통장,
하유진,2025-06-25,지출,생활,미분류,한화손02건,-108663.0,KB마이핏통장,
하유진,2025-06-25,이체,미분류,미분류,"61610304323291  , 4회차",-300000.0,KB마이핏통장,
하유진,2025-06-25,이체,미분류,미분류,입금 내역,300000.0,KB 특★한 적금,
하유진,2025-06-25,지출,생활,미분류,PUBLIX STR# 1026                      \\,-37389.0,Trip to 로카,
천세원,2025-06-25,이체,카드대금,미분류,하나카드,-210000.0,저축예금,
천세원,2025-06-25,지출,금융,은행,송금 내역,-16200.0,카카오페이 머니,
천세원,2025-06-25,이체,내계좌이체,미분류,카카오페이,-14765.0,저축예금,
천세원,2025-06-25,이체,내계좌이체,미분류,천*원,14765.0,카카오페이 머니,
천세원,2025-06-25,수입,급여,미분류,급여 콘티넨탈,4222538.0,저축예금,
천세원,2025-06-25,이체,내계좌이체,미분류,입금 내역,500000.0,WON 자유적금,
천세원,2025-06-25,이체,내계좌이체,미분류,7회-천세원,-500000.0,저축예금,
천세원,2025-06-25,지출,금융,보험,메리츠001건,-36120.0,저축예금,
천세원,2025-06-25,이체,카드대금,미분류,우리카드결제대금,-26750.0,저축예금,
천세원,2025-06-25,지출,자동차,통행료,에스엠하이플러스,-50000.0,카드의 정석 POINT 주거래,
하유진,2025-06-25,지출,의복/미용,미분류,10363 CAVA EASTCHASE PKWY             \\,-19771.0,Trip to 로카,
하유진,2025-06-26,지출,식사,미분류,STOCKYARD GRILL                       \\,-29061.0,Trip to 로카,
천세원,2025-06-26,지출,생활,편의점,GS25세종캐슬,-3840.0,카드의 정석 POINT 주거래,
천세원,2025-06-26,지출,생활,생활서비스,"80350300100418  , 5회차",-300000.0,KB마이핏통장,
천세원,2025-06-26,지출,생활,편의점,지에스25 세종,-3800.0,갤러리아 체크카드,
하유진,2025-06-26,지출,의복/미용,미분류,EQUAL JUSTICE INITIATIVE OF ALABAMA   \\,-7546.0,Trip to 로카,
천세원,2025-06-26,이체,이체,미분류,삼성히어링,-17800.0,저축예금,
천세원,2025-06-26,이체,이체,미분류,신*수,2500.0,카카오페이 머니,
천세원,2025-06-26,이체,이체,미분류,정*영,2500.0,카카오페이 머니,
천세원,2025-06-26,지출,카페/간식,커피/음료,복도리 협동조합,-7500.0,세종 여민전 하나멤버스 1Q체크카드(후불교통),
천세원,2025-06-26,이체,내계좌이체,미분류,입금 내역,100000.0,주택청약종합저축,
천세원,2025-06-26,이체,내계좌이체,미분류,천세원청약87,-100000.0,저축예금,
하유진,2025-06-26,지출,자동차,미분류,SHELL OIL                             \\,-274840.0,Trip to 로카,
하유진,2025-06-27,지출,식사,미분류,(주)우아한형제들,-29023.0,네이버페이 간편결제,
하유진,2025-06-27,지출,식사,미분류,(주)우아한형제들,-6977.0,네이버페이 간편결제(포인트),
천세원,2025-06-27,이체,내계좌이체,미분류,퇴직연금-천세원,-100000.0,저축예금,
하유진,2025-06-28,지출,식사,미분류,(주)우아한형제들,-16800.0,네이버페이 간편결제,
하유진,2025-06-28,이체,저축,미분류,정기이자 입금,1.0,세이프박스,
하유진,2025-06-28,수입,금융수입,미분류,입출금통장 이자,11.0,입출금통장,
하유진,2025-06-28,수입,금융수입,미분류,이자,0.0,MY 입출금통장,
하유진,2025-06-28,수입,금융수입,미분류,결산이자,461.0,자립예탁금,
하유진,2025-06-28,수입,금융수입,미분류,결산이자,0.0,자립예탁금,
천세원,2025-06-28,수입,금융수입,미분류,이자,0.0,MY 입출금통장,
하유진,2025-06-29,이체,이체,미분류,온누리충전,-82800.0,KB마이핏통장,
하유진,2025-06-29,지출,생활,미분류,마켓세종,-91030.0,네이버 현대카드,
하유진,2025-06-29,이체,미분류,미분류,입금 내역,1.0,NH1934우대통장(저축예금),
천세원,2025-06-29,이체,내계좌이체,미분류,네이버페이충전,-100000.0,저축예금,
천세원,2025-06-29,지출,금융,카드,NHNKCP,-94300.0,네이버페이 간편결제(머니),
천세원,2025-06-29,이체,내계좌이체,미분류,충전 내역,100000.0,네이버페이 머니,
천세원,2025-06-29,지출,생활,생필품,세종전자담배마켓,-160000.0,카드의 정석 POINT 주거래,
하유진,2025-06-29,지출,생활,미분류,GS25세종캐슬점,-2200.0,네이버 현대카드,
천세원,2025-06-29,이체,미분류,미분류,입금 내역,0.0,자립예탁금,
하유진,2025-06-30,지출,식사,미분류,아워홈콘티넨탈세종점,-1500.0,네이버 현대카드,
천세원,2025-06-30,지출,금융,이자/대출,국민하유진_생활비,-3000000.0,저축예금,
천세원,2025-06-30,지출,생활,마트,세종부강농업협동,-60000.0,저축예금,
천세원,2025-06-30,지출,카페/간식,커피/음료,복도리 협동조합,-7500.0,세종 여민전 하나멤버스 1Q체크카드(후불교통),
천세원,2025-06-30,이체,이체,미분류,신*수,2500.0,카카오페이 머니,
하유진,2025-06-30,지출,교통,미분류,경기시내버스,-2900.0,네이버 현대카드,
하유진,2025-06-30,지출,교통,미분류,티머니지하철,-4200.0,네이버 현대카드,
하유진,2025-06-30,이체,대출,미분류,천세원_생활비,3000000.0,KB마이핏통장,
하유진,2025-06-30,지출,경조사,미분류,경기마을,-1350.0,네이버 현대카드,
하유진,2025-06-30,지출,식사,미분류,아워홈콘티넨탈세종점,-2000.0,네이버 현대카드,
하유진,2025-06-30,이체,이체,미분류,송금 내역,-2500.0,카카오페이 머니,
하유진,2025-06-30,지출,의복/미용,미분류,화해,-20085.0,네이버페이 간편결제,
천세원,2025-06-30,이체,이체,미분류,하*진,2500.0,카카오페이 머니,
천세원,2025-06-30,수입,금융수입,미분류,우리카드캐시백,30000.0,저축예금,
하유진,2025-07-01,지출,여행/숙박,미분류,마담아네뜨풀빌라,-388000.0,네이버페이 간편결제,
하유진,2025-07-01,지출,식사,미분류,신대구막창 나성점,-65500.0,세종 여민전 하나멤버스 1Q체크카드(후불교통),
하유진,2025-07-01,이체,카드대금,미분류,하나카드,-8300.0,KB마이핏통장,
하유진,2025-07-01,이체,카드대금,미분류,롯데카드2507,-20000.0,KB마이핏통장,
하유진,2025-07-01,이체,이체,미분류,송금 내역,-300000.0,카카오페이 머니,
하유진,2025-07-01,지출,생활,미분류,필립스,-33350.0,네이버페이 간편결제,
천세원,2025-07-01,지출,온라인쇼핑,인터넷쇼핑,여민전__체크,-300000.0,저축예금,
하유진,2025-07-01,지출,식사,미분류,아워홈콘티넨탈세종점,-1800.0,네이버 현대카드,
하유진,2025-07-01,이체,미분류,미분류,여민전__체크,-300000.0,KB마이핏통장,
하유진,2025-07-01,지출,식사,미분류,아워홈콘티넨탈세종점,-1300.0,네이버 현대카드,
천세원,2025-07-01,이체,이체,미분류,신*수,2500.0,카카오페이 머니,
천세원,2025-07-01,지출,카페/간식,커피/음료,복도리 협동조합,-7500.0,세종 여민전 하나멤버스 1Q체크카드(후불교통),
천세원,2025-07-01,지출,생활,생필품,(주)아성다이소,-20700.0,저축예금,
천세원,2025-07-01,이체,이체,미분류,정*영,2500.0,카카오페이 머니,
천세원,2025-07-02,이체,이체,미분류,곽*경,18500.0,카카오페이 머니,
천세원,2025-07-02,이체,이체,미분류,신*수,18500.0,카카오페이 머니,
천세원,2025-07-02,이체,이체,미분류,정*영,18500.0,카카오페이 머니,
하유진,2025-07-02,지출,식사,미분류,아워홈콘티넨탈세종점,-1200.0,네이버 현대카드,
하유진,2025-07-02,지출,여행/숙박,미분류,마담아네뜨풀빌라,30000.0,네이버페이 간편결제,
천세원,2025-07-02,지출,카페/간식,커피/음료,복도리 협동조합,-10000.0,세종 여민전 하나멤버스 1Q체크카드(후불교통),
하유진,2025-07-02,지출,여행/숙박,미분류,마담아네뜨풀빌라,358000.0,네이버페이 간편결제,
하유진,2025-07-02,지출,여행/숙박,미분류,호텔 시크릿몰,-104525.0,네이버페이 간편결제,
천세원,2025-07-02,지출,식비,한식,(주)동방에프앤비 부강옥(세종지점,-64000.0,세종 여민전 하나멤버스 1Q체크카드(후불교통),
하유진,2025-07-03,지출,의복/미용,미분류,네이버페이,30000.0,네이버 현대카드,
하유진,2025-07-03,지출,의복/미용,미분류,네이버페이,358000.0,네이버 현대카드,
하유진,2025-07-03,지출,여행/숙박,미분류,호텔 시크릿몰,104525.0,네이버페이 간편결제,
하유진,2025-07-03,지출,미분류,미분류,NHNKCP,-300377.0,네이버페이 간편결제,
하유진,2025-07-03,지출,의복/미용,미분류,신세계인터넷면세점,9020.0,네이버페이 간편결제(포인트),
하유진,2025-07-03,지출,자동차,미분류,행복주유소,-60000.0,세종 여민전 하나멤버스 1Q체크카드(후불교통),
하유진,2025-07-03,지출,식사,미분류,아워홈콘티넨탈세종점,-2800.0,네이버 현대카드,
하유진,2025-07-03,지출,식사,미분류,아워홈콘티넨탈세종점,-1200.0,네이버 현대카드,
천세원,2025-07-03,이체,이체,미분류,정*영,2500.0,카카오페이 머니,
천세원,2025-07-03,이체,이체,미분류,신*수,2500.0,카카오페이 머니,
천세원,2025-07-03,지출,카페/간식,커피/음료,복도리 협동조합,-7500.0,세종 여민전 하나멤버스 1Q체크카드(후불교통),
하유진,2025-07-04,지출,문화/여가,미분류,알라딘코인노래연습장,-3000.0,네이버 현대카드,
하유진,2025-07-04,지출,술/유흥,미분류,초로초로,-79000.0,네이버 현대카드,
하유진,2025-07-04,지출,식사,미분류,자매푸드,-3000.0,네이버 현대카드,
하유진,2025-07-04,지출,식사,미분류,자매푸드,-38000.0,네이버 현대카드,
하유진,2025-07-04,이체,저축,미분류,김경희하봉수 축하해,200000.0,KB마이핏통장,
하유진,2025-07-04,이체,이체,미분류,김다송,-50000.0,KB마이핏통장,
하유진,2025-07-04,지출,생활,미분류,다이소아성산업,-10000.0,네이버 현대카드,
하유진,2025-07-04,지출,의복/미용,미분류,네이버페이,104525.0,네이버 현대카드,
하유진,2025-07-04,지출,문화/여가,미분류,알라딘코인노래연습장,-3000.0,네이버 현대카드,
천세원,2025-07-04,지출,카페/간식,기타간식,(주)아워홈 콘,-1300.0,저축예금,
천세원,2025-07-04,지출,온라인쇼핑,인터넷쇼핑,주식회사 베스트,-2000.0,저축예금,
천세원,2025-07-04,지출,문화/여가,미분류,aladdin 코인노래,-1000.0,저축예금,
하유진,2025-07-05,이체,이체,미분류,이재훈,-20000.0,KB마이핏통장,
하유진,2025-07-05,지출,생활,미분류,변산농협격포하나로마트,-62780.0,네이버 현대카드,
하유진,2025-07-05,지출,생활,미분류,굿윌스토어밀알전주점,-2000.0,네이버 현대카드,
하유진,2025-07-05,지출,생활,미분류,동영,-39000.0,네이버 현대카드,
하유진,2025-07-05,지출,의복/미용,미분류,AGE20S 에이지투웨니스,-9020.0,네이버페이 간편결제(포인트),
하유진,2025-07-05,지출,의복/미용,미분류,AGE20S 에이지투웨니스,-19480.0,네이버페이 간편결제,
천세원,2025-07-05,지출,생활,생활서비스,굿윌스토어 밀알,-3000.0,저축예금,
천세원,2025-07-05,지출,식비,중식,포담,-19300.0,저축예금,
천세원,2025-07-07,지출,카페/간식,커피/음료,복도리 협동조합,-7500.0,세종 여민전 하나멤버스 1Q체크카드(후불교통),
천세원,2025-07-07,이체,이체,미분류,정*영,2500.0,카카오페이 머니,
천세원,2025-07-07,이체,이체,미분류,신*수,2500.0,카카오페이 머니,
하유진,2025-07-07,수입,사업수입,미분류,삼성카드,121591.0,KB마이핏통장,
하유진,2025-07-07,지출,식사,미분류,아워홈콘티넨탈세종점,-1200.0,네이버 현대카드,
하유진,2025-07-07,이체,이체,미분류,박수혁,-660000.0,KB마이핏통장,
천세원,2025-07-08,이체,이체,미분류,정*영,2500.0,카카오페이 머니,
천세원,2025-07-08,지출,카페/간식,커피/음료,복도리 협동조합,-10000.0,세종 여민전 하나멤버스 1Q체크카드(후불교통),
천세원,2025-07-08,지출,온라인쇼핑,인터넷쇼핑,쿠팡(쿠페이),-84900.0,저축예금,
하유진,2025-07-08,지출,식사,미분류,아워홈콘티넨탈세종점,-1200.0,네이버 현대카드,
천세원,2025-07-08,이체,이체,미분류,신*수,2500.0,카카오페이 머니,
천세원,2025-07-08,이체,이체,미분류,곽*경,2500.0,카카오페이 머니,
천세원,2025-07-09,지출,문화/여가,도서,리틀스토리,-2073.0,네이버페이 간편결제(포인트),
천세원,2025-07-09,지출,카페/간식,커피/음료,복도리 협동조합,-7500.0,세종 여민전 하나멤버스 1Q체크카드(후불교통),
하유진,2025-07-09,지출,식사,미분류,아워홈콘티넨탈세종점,-1100.0,네이버 현대카드,
천세원,2025-07-09,지출,문화/여가,도서,리틀스토리,-6427.0,네이버페이 간편결제(머니),
하유진,2025-07-10,지출,식사,미분류,군산조개천국,-132000.0,세종 여민전 하나멤버스 1Q체크카드(후불교통),
하유진,2025-07-10,지출,식사,미분류,아워홈콘티넨탈세종점,-1200.0,네이버 현대카드,
천세원,2025-07-10,지출,생활,마트,세종부강농업협동,-60000.0,카드의정석 POINT 주거래+,
하유진,2025-07-10,지출,문화/여가,미분류,포토이즘박스세종나성점,-8000.0,네이버 현대카드,
천세원,2025-07-10,지출,식비,패스트푸드,노브랜드버거 세,-6800.0,카드의정석 POINT 주거래+,
천세원,2025-07-10,지출,생활,마트,세종부강농업협동,-60000.0,저축예금,
천세원,2025-07-10,지출,카페/간식,커피/음료,복도리 협동조합,-5000.0,세종 여민전 하나멤버스 1Q체크카드(후불교통),
천세원,2025-07-10,지출,식비,패스트푸드,노브랜드버거 세,-6800.0,저축예금,
하유진,2025-07-11,지출,식사,미분류,야키(yaki),-43000.0,세종 여민전 하나멤버스 1Q체크카드(후불교통),
하유진,2025-07-11,이체,이체,미분류,장*윤,45750.0,카카오페이 머니,
하유진,2025-07-11,이체,이체,미분류,김*형,45750.0,카카오페이 머니,
하유진,2025-07-11,이체,이체,미분류,곽*경,45750.0,카카오페이 머니,
하유진,2025-07-11,지출,식사,미분류,아워홈콘티넨탈세종점,-2050.0,네이버 현대카드,
천세원,2025-07-11,지출,카페/간식,커피/음료,복도리 협동조합,-5000.0,세종 여민전 하나멤버스 1Q체크카드(후불교통),
천세원,2025-07-11,지출,식비,양식,코지하우스 세종점,-37700.0,세종 여민전 하나멤버스 1Q체크카드(후불교통),
천세원,2025-07-11,수입,용돈,미분류,633업비트,1.0,저축예금,
천세원,2025-07-11,이체,이체,미분류,정*영,5000.0,카카오페이 머니,
천세원,2025-07-11,이체,이체,미분류,신*수,5000.0,카카오페이 머니,
하유진,2025-07-12,지출,식사,미분류,서원축산,-29270.0,네이버 현대카드,
천세원,2025-07-12,지출,식비,한식,서초김밥,-10200.0,세종 여민전 하나멤버스 1Q체크카드(후불교통),
천세원,2025-07-12,지출,식비,배달,주식회사 우아한형제들,-31000.0,카카오페이 간편결제,
하유진,2025-07-12,지출,식사,미분류,현대식자재,-45640.0,네이버 현대카드,
하유진,2025-07-12,지출,문화/여가,미분류,STEAMGAMES.COM 4259522985,-27320.0,네이버 현대카드,
천세원,2025-07-13,지출,자동차,주유,보경주유소,-60000.0,저축예금,
천세원,2025-07-13,지출,자동차,주유,보경주유소,-60000.0,카드의정석 POINT 주거래+,
하유진,2025-07-13,이체,이체,미분류,김경희,400000.0,KB마이핏통장,
하유진,2025-07-14,지출,식사,미분류,코스트코코리아,-343820.0,네이버 현대카드,
하유진,2025-07-14,이체,이체,미분류,천세원,-5000000.0,KB마이핏통장,
천세원,2025-07-14,이체,내계좌이체,미분류,삼성천세원,-5000000.0,저축예금,
천세원,2025-07-14,지출,식비,배달,주식회사 우아한형제들,-31200.0,카카오페이 간편결제,
천세원,2025-07-14,이체,이체,미분류,하유진,5000000.0,저축예금,
천세원,2025-07-14,이체,이체,미분류,곽*경,2500.0,카카오페이 머니,
천세원,2025-07-14,이체,이체,미분류,장*윤,2500.0,카카오페이 머니,
천세원,2025-07-14,지출,카페/간식,커피/음료,복도리 협동조합,-7500.0,세종 여민전 하나멤버스 1Q체크카드(후불교통),
하유진,2025-07-14,지출,의복/미용,미분류,피지오겔 공식몰,-30198.0,네이버페이 간편결제,
하유진,2025-07-14,지출,의복/미용,미분류,피지오겔 공식몰,-8752.0,네이버페이 간편결제(포인트),
하유진,2025-07-14,이체,카드대금,미분류,현대카드대금,-1712267.0,KB마이핏통장,
천세원,2025-07-15,지출,술/유흥,맥주/호프,제주맥주 양조장,-50000.0,네이버페이 간편결제(머니),
하유진,2025-07-15,지출,주거/통신,미분류,민팃,-5900.0,네이버 현대카드,
천세원,2025-07-15,이체,내계좌이체,미분류,충전 내역,10000.0,네이버페이 머니,
천세원,2025-07-15,지출,생활,생필품,세종전자담배마켓,-160000.0,세종 여민전 하나멤버스 1Q체크카드(후불교통),
천세원,2025-07-15,이체,내계좌이체,미분류,네이버페이충전,-10000.0,저축예금,
천세원,2025-07-15,지출,금융,은행,SKB6522025232,-16500.0,저축예금,
천세원,2025-07-15,지출,카페/간식,커피/음료,복도리 협동조합,-5000.0,세종 여민전 하나멤버스 1Q체크카드(후불교통),
천세원,2025-07-15,지출,여행/숙박,여행,마이리얼트립,-27000.0,네이버페이 간편결제(머니),
천세원,2025-07-15,이체,이체,미분류,신*수,2500.0,카카오페이 머니,
하유진,2025-07-16,지출,식사,미분류,아워홈콘티넨탈세종점,-1200.0,네이버 현대카드,
천세원,2025-07-16,이체,이체,미분류,신*수,2500.0,카카오페이 머니,
천세원,2025-07-16,이체,이체,미분류,정*영,2500.0,카카오페이 머니,
천세원,2025-07-16,지출,카페/간식,커피/음료,복도리 협동조합,-7500.0,세종 여민전 하나멤버스 1Q체크카드(후불교통),
하유진,2025-07-17,이체,이체,미분류,온누리충전,-23400.0,KB마이핏통장,
천세원,2025-07-17,지출,생활,마트,맛KET세종새롬점,-25900.0,세종 여민전 하나멤버스 1Q체크카드(후불교통),
천세원,2025-07-17,지출,의료/건강,약국,새롬정약국,-3200.0,저축예금,
천세원,2025-07-17,지출,의료/건강,안과,세종이안과의원,-25600.0,저축예금,
하유진,2025-07-17,지출,생활,미분류,마켓세종,-29970.0,네이버 현대카드,
하유진,2025-07-17,지출,생활,미분류,이마트세종점,-163600.0,네이버 현대카드,
천세원,2025-07-17,지출,의료/건강,안과,세종이안과의원,-25600.0,카드의정석 POINT 주거래+,
천세원,2025-07-17,지출,의료/건강,약국,새롬정약국,-3200.0,카드의정석 POINT 주거래+,
천세원,2025-07-18,지출,생활,편의점,GS25세종하늘채점,-19000.0,카드의정석 POINT 주거래+,
천세원,2025-07-18,지출,교통,택시,카카오T일반택시_0,-15200.0,카드의정석 POINT 주거래+,
천세원,2025-07-18,지출,교통,택시,카카오T택시_가승인,15800.0,카드의정석 POINT 주거래+,
천세원,2025-07-18,지출,교통,택시,카카오T택시_가승인,-15800.0,카드의정석 POINT 주거래+,
천세원,2025-07-18,지출,생활,편의점,GS25세종하늘채점,-19000.0,저축예금,
천세원,2025-07-18,이체,내계좌이체,미분류,메리츠천세원,15600.0,저축예금,
천세원,2025-07-18,지출,교통,택시,카카오T일반택시_,-15200.0,저축예금,
하유진,2025-07-19,지출,생활,미분류,롯데슈퍼세종캐슬점,-6990.0,네이버 현대카드,
천세원,2025-07-19,지출,교통,택시,카카오T택시_가승인,17000.0,카드의정석 POINT 주거래+,
천세원,2025-07-19,지출,교통,택시,카카오T택시_가승인,-17000.0,카드의정석 POINT 주거래+,
천세원,2025-07-19,지출,교통,택시,카카오T일반택시_,-16900.0,저축예금,
천세원,2025-07-19,지출,교통,택시,카카오T일반택시_0,-16900.0,카드의정석 POINT 주거래+,
천세원,2025-07-20,지출,뷰티/미용,헤어샵,라봄헤어,-20000.0,저축예금,
천세원,2025-07-20,지출,뷰티/미용,헤어샵,라봄헤어,-20000.0,카드의정석 POINT 주거래+,
하유진,2025-07-20,지출,식사,미분류,복누룽지삼계탕,-30000.0,세종 여민전 하나멤버스 1Q체크카드(후불교통),
하유진,2025-07-20,지출,문화/여가,미분류,ALIPAY CONNECT PTE. LTD,-14101.0,카카오페이 간편결제,
하유진,2025-07-21,지출,생활,미분류,베베데코,-21868.0,네이버페이 간편결제(포인트),
하유진,2025-07-21,지출,주거/통신,미분류,국민은행LiivM,-162150.0,KB국민 nori 체크카드(RF),
하유진,2025-07-21,지출,식사,미분류,아워홈콘티넨탈세종점,-1200.0,네이버 현대카드,
하유진,2025-07-21,지출,의료/건강,미분류,초목한의원,-12700.0,세종 여민전 하나멤버스 1Q체크카드(후불교통),
하유진,2025-07-21,지출,생활,미분류,베베데코,-77032.0,네이버페이 간편결제,
천세원,2025-07-21,이체,이체,미분류,정*영,2800.0,카카오페이 머니,
하유진,2025-07-21,지출,문화/여가,미분류,ALIPAY CONNECT PTE. LTD,-2500.0,카카오페이 간편결제,
천세원,2025-07-21,이체,이체,미분류,신*수,2800.0,카카오페이 머니,
천세원,2025-07-21,지출,자동차,차량보험,DB손13307,-35950.0,저축예금,
천세원,2025-07-21,지출,주거/통신,휴대폰,국민은행LiivM,-40490.0,KB국민 첵첵 체크카드(RF),
천세원,2025-07-21,지출,카페/간식,커피/음료,카페녹녹,-8400.0,세종 여민전 하나멤버스 1Q체크카드(후불교통),
하유진,2025-07-21,이체,저축,미분류,도시시월,1.0,KB마이핏통장,
천세원,2025-07-22,이체,이체,미분류,정*영,2500.0,카카오페이 머니,
천세원,2025-07-22,이체,이체,미분류,신*수,2500.0,카카오페이 머니,
천세원,2025-07-22,지출,카페/간식,커피/음료,복도리 협동조합,-7500.0,세종 여민전 하나멤버스 1Q체크카드(후불교통),
천세원,2025-07-22,이체,저축,미분류,계좌통합이전,70.0,저축예금,
하유진,2025-07-22,지출,식사,미분류,코스트코코리아,-29490.0,네이버 현대카드,
하유진,2025-07-22,지출,교통,미분류,모바일티머니선불형,-10000.0,네이버 현대카드,
하유진,2025-07-22,수입,용돈,미분류,470업비트,1.0,KB마이핏통장,
천세원,2025-07-23,수입,급여,미분류,상여 콘티넨탈,2227604.0,저축예금,
천세원,2025-07-23,이체,이체,미분류,신*수,2500.0,카카오페이 머니,
천세원,2025-07-23,지출,온라인쇼핑,서비스구독,엔에이치엔케이씨피 주식회사,-1000.0,카카오페이 간편결제,
천세원,2025-07-23,지출,카페/간식,커피/음료,복도리 협동조합,-7500.0,세종 여민전 하나멤버스 1Q체크카드(후불교통),
하유진,2025-07-23,지출,식사,미분류,오늘도한우에스오에프디,-388500.0,네이버 현대카드,
하유진,2025-07-23,지출,미분류,미분류,토스페이먼츠 주식회사,-84000.0,네이버페이 간편결제,
하유진,2025-07-23,지출,식사,미분류,우이락세종나성점,-36000.0,네이버 현대카드,
하유진,2025-07-23,지출,문화/여가,미분류,놀유니버스티켓문화비,70000.0,네이버 현대카드,
하유진,2025-07-23,지출,문화/여가,미분류,주식회사 놀유니버스,-67000.0,카카오페이 간편결제,
하유진,2025-07-23,지출,문화/여가,미분류,네이버플러스멤버십,-8000.0,네이버페이 간편결제,
하유진,2025-07-23,지출,문화/여가,미분류,놀유니버스티켓문화비,-70000.0,네이버 현대카드,
하유진,2025-07-23,수입,급여,미분류,상여 콘티넨탈,2106147.0,KB마이핏통장,
하유진,2025-07-23,지출,식사,미분류,아워홈콘티넨탈세종점,-1200.0,네이버 현대카드,
천세원,2025-07-24,이체,내계좌이체,미분류,카카오페이,-10000.0,저축예금,
천세원,2025-07-24,지출,금융,은행,송금 내역,-63700.0,카카오페이 머니,
천세원,2025-07-24,이체,내계좌이체,미분류,천*원,10000.0,카카오페이 머니,
천세원,2025-07-24,이체,내계좌이체,미분류,카카오페이,-10000.0,저축예금,
천세원,2025-07-24,이체,내계좌이체,미분류,천*원,10000.0,카카오페이 머니,
천세원,2025-07-24,지출,금융,은행,송금 내역,-13375.0,카카오페이 머니,
하유진,2025-07-24,이체,이체,미분류,신*수,63700.0,카카오페이 머니,
천세원,2025-07-24,지출,생활,마트,세종부강농업협동,-60000.0,저축예금,
하유진,2025-07-24,지출,문화/여가,미분류,주식회사 카카오,-990.0,카카오페이 간편결제,
하유진,2025-07-24,지출,경조사,미분류,주식회사 카카오스타일,-39560.0,카카오페이 간편결제,
하유진,2025-07-24,이체,이체,미분류,곽*경,63700.0,카카오페이 머니,
하유진,2025-07-24,이체,이체,미분류,정*영,63700.0,카카오페이 머니,
하유진,2025-07-24,이체,이체,미분류,천*원,63700.0,카카오페이 머니,
하유진,2025-07-24,이체,이체,미분류,한*화,106000.0,카카오페이 머니,
천세원,2025-07-24,이체,이체,미분류,정*영,2500.0,카카오페이 머니,
천세원,2025-07-25,이체,내계좌이체,미분류,입금 내역,500000.0,WON 자유적금,
천세원,2025-07-25,지출,금융,보험,메리츠001건,-36120.0,저축예금,
천세원,2025-07-25,수입,급여,미분류,급여 콘티넨탈,4200724.0,저축예금,
천세원,2025-07-25,지출,금융,이자/대출,국민하유진_생활비,-3000000.0,저축예금,
천세원,2025-07-25,이체,내계좌이체,미분류,8회-천세원,-500000.0,저축예금,
하유진,2025-07-25,이체,카드대금,미분류,하나카드,-4052239.0,KB마이핏통장,
하유진,2025-07-25,이체,미분류,미분류,"61610304323291  , 5회차",-300000.0,KB마이핏통장,
하유진,2025-07-25,지출,생활,미분류,한화손02건,-108663.0,KB마이핏통장,
천세원,2025-07-25,지출,생활,생필품,세종전자담배마켓,-80000.0,카드의정석 POINT 주거래+,
하유진,2025-07-25,이체,대출,미분류,천세원_생활비,3000000.0,KB마이핏통장,
하유진,2025-07-25,지출,주거/통신,미분류,아파트관리비,-227120.0,네이버 현대카드,
하유진,2025-07-25,이체,이체,미분류,하*헌,204000.0,카카오페이 머니,
하유진,2025-07-25,수입,급여,미분류,급여 콘티넨탈,3728144.0,KB마이핏통장,
하유진,2025-07-25,이체,미분류,미분류,입금 내역,300000.0,KB 특★한 적금,
천세원,2025-07-26,수입,금융수입,미분류,이자,0.0,MY 입출금통장,
하유진,2025-07-26,지출,식사,미분류,부두식당,-82000.0,네이버 현대카드,
천세원,2025-07-26,지출,교통,택시,카카오T택시_가승인,9300.0,카드의정석 POINT 주거래+,
천세원,2025-07-26,지출,교통,택시,카카오T일반택시_0,-11150.0,카드의정석 POINT 주거래+,
천세원,2025-07-26,지출,문화/여가,취미/체험,라르크앙씨엘포니클럽,-50000.0,카드의정석 POINT 주거래+,
하유진,2025-07-26,이체,저축,미분류,정기이자 입금,1.0,세이프박스,
하유진,2025-07-26,수입,금융수입,미분류,입출금통장 이자,9.0,입출금통장,
하유진,2025-07-26,수입,금융수입,미분류,이자,0.0,MY 입출금통장,
하유진,2025-07-26,지출,식사,미분류,국시트멍,-25000.0,네이버 현대카드,
하유진,2025-07-26,지출,생활,미분류,다이소아성산업,-4000.0,네이버 현대카드,
천세원,2025-07-26,지출,교통,택시,카카오T택시_가승인,-9300.0,카드의정석 POINT 주거래+,
하유진,2025-07-26,지출,생활,미분류,GS25대정하모점,-10250.0,네이버 현대카드,
하유진,2025-07-27,지출,식사,미분류,갤럭시아ARS,-68700.0,네이버 현대카드,
하유진,2025-07-27,지출,생활,미분류,씨유제주메가리조트점,-1100.0,네이버 현대카드,
하유진,2025-07-27,지출,식사,미분류,한경가든,-37000.0,네이버 현대카드,
하유진,2025-07-28,지출,생활,미분류,오픈지역사랑상품,-100000.0,KB마이핏통장,
하유진,2025-07-28,지출,카페/간식,미분류,몽마르카부덴,-4000.0,네이버 현대카드,
하유진,2025-07-28,지출,식사,미분류,산방산해물라면오빠집,-27000.0,네이버 현대카드,
하유진,2025-07-28,지출,문화/여가,미분류,윈드 1947 카트 테마파크,-4526.0,네이버페이 간편결제(포인트),
하유진,2025-07-28,지출,문화/여가,미분류,에스케이엘이씨,-5000.0,네이버 현대카드,
천세원,2025-07-28,이체,이체,미분류,삼성히어링,-17800.0,저축예금,
천세원,2025-07-28,이체,내계좌이체,미분류,입금 내역,100000.0,주택청약종합저축,
천세원,2025-07-28,이체,내계좌이체,미분류,천세원청약88,-100000.0,저축예금,
천세원,2025-07-28,이체,내계좌이체,미분류,퇴직연금-천세원,-100000.0,저축예금,
하유진,2025-07-28,지출,생활,미분류,오픈지역사랑상품,-50000.0,KB마이핏통장,
천세원,2025-07-28,이체,내계좌이체,미분류,입금 내역,300000.0,KB스타적금II,
천세원,2025-07-28,이체,내계좌이체,미분류,"80350300100418  , 6회차",-300000.0,KB마이핏통장,
하유진,2025-07-28,지출,문화/여가,미분류,윈드 1947 카트 테마파크,-42974.0,네이버페이 간편결제,
하유진,2025-07-28,지출,생활,미분류,오픈지역사랑상품,-50000.0,KB마이핏통장,
하유진,2025-07-28,이체,투자,미분류,오픈4085,1.0,KB마이핏통장,
하유진,2025-07-29,지출,생활,미분류,오픈지역사랑상품,-100000.0,KB마이핏통장,
하유진,2025-07-29,지출,여행/숙박,미분류,씨유더퍼스트호텔점,-7800.0,네이버 현대카드,
천세원,2025-07-29,지출,생활,편의점,씨유(CU) 더퍼스트호텔점,-7200.0,카드의정석 POINT 주거래+,
천세원,2025-07-30,지출,카페/간식,커피/음료,(주)오설록 제,-19000.0,카드의정석 POINT 주거래+,
천세원,2025-07-30,지출,카페/간식,커피/음료,(주)오설록 제,-12600.0,카드의정석 POINT 주거래+,
천세원,2025-07-31,지출,교통,택시,카카오_택시_선승인,-4900.0,카드의정석 POINT 주거래+,
천세원,2025-07-31,지출,교통,택시,카카오_택시_7,-4300.0,카드의정석 POINT 주거래+,
천세원,2025-07-31,지출,교통,택시,카카오_택시_선승인,4900.0,카드의정석 POINT 주거래+,
하유진,2025-07-31,지출,생활,미분류,오픈지역사랑상품,-50000.0,KB마이핏통장,
천세원,2025-07-31,지출,자동차,주차,아마노코리아 주식회사 제주지사,-3000.0,카드의정석 POINT 주거래+,
하유진,2025-07-31,이체,저축,미분류,CONTINENTA,5412898.0,KB마이핏통장,
하유진,2025-07-31,이체,이체,미분류,대한예수교장로회경배,-5000.0,KB마이핏통장,
하유진,2025-07-31,지출,생활,미분류,오픈지역사랑상품,-50000.0,KB마이핏통장,
천세원,2025-08-01,지출,생활,편의점,GS25다인리조,-6480.0,카드의정석 POINT 주거래+,
천세원,2025-08-01,지출,식비,식재료,한림수산업협동조,-59800.0,카드의정석 POINT 주거래+,
천세원,2025-08-01,지출,식비,식재료,한림수산업협동조,-36650.0,카드의정석 POINT 주거래+,
천세원,2025-08-01,지출,카페/간식,커피/음료,메가엠지씨커피 제주하귀농협하나로점,-4000.0,카드의정석 POINT 주거래+,
천세원,2025-08-01,지출,온라인쇼핑,인터넷쇼핑,여민전__체크,-300000.0,저축예금,
하유진,2025-08-01,이체,미분류,미분류,여민전__체크,-300000.0,KB마이핏통장,
하유진,2025-08-01,이체,이체,미분류,송금 내역,-300000.0,카카오페이 머니,
하유진,2025-08-01,지출,식사,미분류,한림수산업협동조합,-700.0,네이버 현대카드,
하유진,2025-08-01,이체,카드대금,미분류,롯데카드2508,-1224681.0,KB마이핏통장,
하유진,2025-08-01,지출,식사,미분류,한림수산업협동조합,-2500.0,네이버 현대카드,
천세원,2025-08-02,지출,교통,택시,카카오T택시_가승인,-10000.0,카드의정석 POINT 주거래+,
하유진,2025-08-02,지출,생활,미분류,씨유제주무근성점,-900.0,네이버 현대카드,
하유진,2025-08-02,지출,자동차,미분류,삼남석유용담주유소,-40000.0,네이버 현대카드,
하유진,2025-08-02,지출,생활,미분류,오픈지역사랑상품,-10000.0,KB마이핏통장,
하유진,2025-08-02,지출,식사,미분류,전주진미,-22000.0,네이버 현대카드,
천세원,2025-08-02,지출,교통,택시,카카오T택시_가승인,10000.0,카드의정석 POINT 주거래+,
하유진,2025-08-02,지출,생활,미분류,오픈지역사랑상품,-10000.0,KB마이핏통장,
천세원,2025-08-02,지출,교통,택시,카카오T일반택시(법인)_3,-10690.0,카드의정석 POINT 주거래+,
천세원,2025-08-03,지출,여행/숙박,여행,마이리얼트립,27000.0,네이버페이 간편결제(머니),
천세원,2025-08-03,지출,교통,철도,한국철도공사,-37000.0,카카오페이 간편결제,
천세원,2025-08-03,지출,교통,철도,한국철도공사,-37000.0,카카오페이 간편결제,
하유진,2025-08-03,지출,식사,미분류,코스트코코리아,-110380.0,네이버 현대카드,
천세원,2025-08-03,지출,교통,철도,한국철도공사,-37000.0,카카오페이 머니,
천세원,2025-08-03,이체,이체,미분류,카카오페이,-31067.0,저축예금,
하유진,2025-08-04,지출,식사,미분류,아워홈콘티넨탈세종점,-1200.0,네이버 현대카드,
천세원,2025-08-04,지출,카페/간식,커피/음료,복도리 협동조합,-10000.0,세종 여민전 하나멤버스 1Q체크카드(후불교통),
천세원,2025-08-04,이체,이체,미분류,정*영,2500.0,카카오페이 머니,
천세원,2025-08-04,이체,이체,미분류,신*수,2500.0,카카오페이 머니,
천세원,2025-08-04,이체,이체,미분류,곽*경,2500.0,카카오페이 머니,
하유진,2025-08-05,지출,자동차,미분류,행복주유소,-60000.0,세종 여민전 하나멤버스 1Q체크카드(후불교통),
천세원,2025-08-06,지출,카페/간식,커피/음료,복도리 협동조합,-5000.0,세종 여민전 하나멤버스 1Q체크카드(후불교통),
천세원,2025-08-06,이체,이체,미분류,신*수,2500.0,카카오페이 머니,
천세원,2025-08-07,지출,식비,한식,청미관,-40000.0,카드의정석 POINT 주거래+,
하유진,2025-08-07,지출,식사,미분류,아워홈콘티넨탈세종점,-1500.0,네이버 현대카드,
하유진,2025-08-07,지출,식사,미분류,아워홈콘티넨탈세종점,-1200.0,네이버 현대카드,
하유진,2025-08-08,지출,생활,미분류,GS25세종캐슬점,-9000.0,네이버 현대카드,
천세원,2025-08-08,지출,교통,택시,카카오T일반택시_0,-5590.0,카드의정석 POINT 주거래+,
천세원,2025-08-08,지출,교통,택시,카카오T택시_가승인,6200.0,카드의정석 POINT 주거래+,
천세원,2025-08-08,지출,교통,택시,카카오T택시_가승인,-6200.0,카드의정석 POINT 주거래+,
천세원,2025-08-08,이체,이체,미분류,신*수,2500.0,카카오페이 머니,
천세원,2025-08-08,지출,카페/간식,커피/음료,복도리 협동조합,-5000.0,세종 여민전 하나멤버스 1Q체크카드(후불교통),
하유진,2025-08-08,지출,문화/여가,미분류,베드로유통,-1000.0,네이버 현대카드,
하유진,2025-08-08,지출,문화/여가,미분류,오잉코인노래연습장,-5000.0,네이버 현대카드,
하유진,2025-08-08,지출,문화/여가,미분류,오잉코인노래연습장,-5000.0,네이버 현대카드,
하유진,2025-08-09,지출,생활,미분류,마켓세종,-70570.0,네이버 현대카드,
하유진,2025-08-09,이체,이체,미분류,온누리충전,-54000.0,KB마이핏통장,
하유진,2025-08-09,이체,미분류,미분류,입금 내역,7803.0,KB마이핏통장,
하유진,2025-08-09,지출,생활,미분류,맛KET세종새롬점,-26800.0,네이버 현대카드,
천세원,2025-08-09,이체,미분류,미분류,입금 내역,992.0,KB마이핏통장,
하유진,2025-08-10,지출,미분류,미분류,쿠팡_주,-43530.0,네이버 현대카드,
하유진,2025-08-11,지출,카페/간식,미분류,복도리카페,-2500.0,네이버 현대카드,
천세원,2025-08-11,지출,생활,생필품,세종전자담배마켓,-20000.0,저축예금,
천세원,2025-08-11,지출,생활,생필품,세종전자담배마켓,-160000.0,카드의정석 POINT 주거래+,
천세원,2025-08-11,지출,교통,대중교통,교통-버스1건,-1400.0,카드의정석 POINT 주거래+,
천세원,2025-08-12,지출,금융,은행,송금 내역,-5000.0,카카오페이 머니,
하유진,2025-08-12,이체,미분류,미분류,네이버페이충전,-30000.0,KB마이핏통장,
하유진,2025-08-12,이체,미분류,미분류,네이버페이충전,-40000.0,KB마이핏통장,
하유진,2025-08-12,이체,미분류,미분류,충전 내역,40000.0,네이버페이 머니,
하유진,2025-08-12,지출,교통,미분류,한국철도공사,-32200.0,네이버페이 간편결제(머니),
하유진,2025-08-12,이체,미분류,미분류,하유진,-50000.0,KB마이핏통장,
하유진,2025-08-12,이체,미분류,미분류,충전 내역,30000.0,네이버페이 머니,
천세원,2025-08-12,지출,식비,패스트푸드,노브랜드버거 세,-6800.0,카드의정석 POINT 주거래+,
하유진,2025-08-12,지출,교통,미분류,한국철도공사,-32200.0,네이버페이 간편결제(머니),
하유진,2025-08-12,이체,카드대금,미분류,현대카드대금,-2447728.0,KB마이핏통장,
하유진,2025-08-13,지출,생활,미분류,마켓세종,-5630.0,네이버 현대카드,
하유진,2025-08-13,이체,이체,미분류,온누리충전,-9000.0,KB마이핏통장,
하유진,2025-08-13,이체,이체,미분류,송금 내역,-33000.0,카카오페이 머니,
하유진,2025-08-13,지출,식사,미분류,아워홈콘티넨탈세종점,-2000.0,네이버 현대카드,
천세원,2025-08-14,지출,식비,배달,땡겨요(여민전)_신한은행,-16900.0,세종 여민전 하나멤버스 1Q체크카드(후불교통),
천세원,2025-08-14,지출,금융,이자/대출,국민하유진_생활비,-1000000.0,저축예금,
하유진,2025-08-14,지출,생활,미분류,GS25세종으뜸점,-12000.0,네이버 현대카드,
하유진,2025-08-14,지출,식사,미분류,(주)아워홈콘티넨탈세종점,-1200.0,네이버페이 간편결제,
하유진,2025-08-14,이체,이체,미분류,송금 내역,-100000.0,카카오페이 머니,
하유진,2025-08-14,이체,이체,미분류,천*원,50000.0,카카오페이 머니,
하유진,2025-08-14,지출,생활,미분류,(주)하이프라자,-653000.0,네이버페이 간편결제,
천세원,2025-08-14,지출,금융,은행,송금 내역,-50000.0,카카오페이 머니,
하유진,2025-08-14,이체,대출,미분류,천세원_생활비,1000000.0,KB마이핏통장,
천세원,2025-08-14,이체,내계좌이체,미분류,카카오페이,-39994.0,저축예금,
천세원,2025-08-14,이체,내계좌이체,미분류,천*원,39994.0,카카오페이 머니,
천세원,2025-08-14,지출,온라인쇼핑,인터넷쇼핑,쿠팡(쿠페이),-26590.0,카드의정석 POINT 주거래+,
천세원,2025-08-14,지출,카페/간식,커피/음료,복도리 협동조합,-7500.0,세종 여민전 하나멤버스 1Q체크카드(후불교통),
천세원,2025-08-14,이체,이체,미분류,신*수,2500.0,카카오페이 머니,
천세원,2025-08-15,지출,뷰티/미용,헤어샵,새봄헤어,-20000.0,세종 여민전 하나멤버스 1Q체크카드(후불교통),
하유진,2025-08-15,지출,식사,미분류,토고리 옛날막창 대전대점,-6000.0,네이버페이 간편결제,
천세원,2025-08-15,수입,기타수입,미분류,4186 신한카드,1.0,저축예금,
천세원,2025-08-15,이체,이체,미분류,정*영,2500.0,카카오페이 머니,
천세원,2025-08-15,지출,뷰티/미용,화장품,화진화장품,-6000.0,카드의정석 POINT 주거래+,
천세원,2025-08-15,지출,식비,한식,원조강경토굴젓갈,-10000.0,카드의정석 POINT 주거래+,
천세원,2025-08-15,지출,식비,한식,감푸디 일화당,-6000.0,카드의정석 POINT 주거래+,
하유진,2025-08-16,지출,생활,미분류,맛KET세종새롬점,-35800.0,네이버 현대카드,
천세원,2025-08-16,지출,자동차,주유,대보유통(주)화성(상)주유소,-60000.0,카드의정석 POINT 주거래+,
하유진,2025-08-17,지출,생활,미분류,이마트세종점,-163600.0,네이버 현대카드,
천세원,2025-08-18,지출,교통,대중교통,티머니GO,-14700.0,네이버페이 간편결제,
천세원,2025-08-18,지출,금융,은행,SKB6522025232,-16500.0,저축예금,
천세원,2025-08-18,지출,카페/간식,커피/음료,복도리 협동조합,-5000.0,세종 여민전 하나멤버스 1Q체크카드(후불교통),
하유진,2025-08-18,지출,주거/통신,미분류,민팃,-5900.0,네이버 현대카드,
하유진,2025-08-18,지출,식사,미분류,코스트코코리아,-49160.0,네이버페이 간편결제,
천세원,2025-08-18,지출,교통,대중교통,티머니GO,-14700.0,네이버페이 간편결제,
천세원,2025-08-18,이체,내계좌이체,미분류,삼성천세원,-900000.0,저축예금,
천세원,2025-08-18,이체,이체,미분류,신*수,2500.0,카카오페이 머니,
천세원,2025-08-19,이체,이체,미분류,신*수,2500.0,카카오페이 머니,
천세원,2025-08-19,이체,투자,미분류,카카오889,1.0,저축예금,
천세원,2025-08-19,수입,금융수입,미분류,카카오125,1.0,저축예금,
천세원,2025-08-19,수입,금융수입,미분류,카카오787,1.0,저축예금,
천세원,2025-08-19,지출,카페/간식,커피/음료,복도리 협동조합,-5000.0,세종 여민전 하나멤버스 1Q체크카드(후불교통),
천세원,2025-08-19,이체,이체,미분류,424931,1.0,저축예금,
천세원,2025-08-19,이체,카드대금,미분류,농협이맹순,-10000.0,저축예금,
하유진,2025-08-19,지출,식사,미분류,(주)아워홈콘티넨탈세종점,-1200.0,네이버페이 간편결제,
천세원,2025-08-19,지출,식비,배달,땡겨요(여민전)_신한은행,-24900.0,세종 여민전 하나멤버스 1Q체크카드(후불교통),
천세원,2025-08-20,지출,자동차,정비/수리,한국교통안전공단 세종자동차검사소,-5460.0,네이버페이 간편결제(포인트),
천세원,2025-08-20,지출,자동차,정비/수리,한국교통안전공단 세종자동차검사소,-12533.0,네이버페이 간편결제,
천세원,2025-08-20,지출,자동차,정비/수리,한국교통안전공단 세종자동차검사소,-36007.0,네이버페이 간편결제(머니),
천세원,2025-08-20,지출,식비,배달,땡겨요(구)_신한은행,-9600.0,세종 여민전 하나멤버스 1Q체크카드(후불교통),
천세원,2025-08-20,이체,카드대금,미분류,우리카드선결제,-1400.0,저축예금,
천세원,2025-08-20,이체,이체,미분류,정*영,2500.0,카카오페이 머니,
하유진,2025-08-20,지출,식사,미분류,(주)아워홈콘티넨탈세종점,-1200.0,네이버페이 간편결제,
천세원,2025-08-20,지출,카페/간식,커피/음료,복도리 협동조합,-7500.0,세종 여민전 하나멤버스 1Q체크카드(후불교통),
천세원,2025-08-20,이체,이체,미분류,신*수,2500.0,카카오페이 머니,
하유진,2025-08-21,지출,주거/통신,미분류,국민은행LiivM,-29980.0,KB국민 nori 체크카드(RF),
천세원,2025-08-21,지출,금융,은행,송금 내역,-13000.0,카카오페이 머니,
천세원,2025-08-21,지출,주거/통신,휴대폰,국민은행LiivM,-40490.0,KB국민 첵첵 체크카드(RF),
천세원,2025-08-21,이체,내계좌이체,미분류,천*원,10000.0,카카오페이 머니,
천세원,2025-08-21,지출,자동차,차량보험,DB손13408,-35950.0,저축예금,
천세원,2025-08-21,이체,내계좌이체,미분류,카카오페이,-10000.0,저축예금,
하유진,2025-08-22,지출,식사,미분류,(주)우아한형제들,-21000.0,네이버페이 간편결제,
천세원,2025-08-22,이체,내계좌이체,미분류,천*원,10000.0,카카오페이 머니,
천세원,2025-08-22,이체,내계좌이체,미분류,카카오페이,-10000.0,저축예금,
천세원,2025-08-22,지출,금융,은행,송금 내역,-17500.0,카카오페이 머니,
하유진,2025-08-22,이체,이체,미분류,천*원,17500.0,카카오페이 머니,
하유진,2025-08-22,지출,식사,미분류,곤드레말(주),-75000.0,네이버페이 간편결제,
하유진,2025-08-22,지출,카페/간식,미분류,복도리 협동조합,-12500.0,네이버페이 간편결제,
하유진,2025-08-22,이체,이체,미분류,신*수,17500.0,카카오페이 머니,
하유진,2025-08-22,이체,이체,미분류,한*화,17500.0,카카오페이 머니,
하유진,2025-08-22,이체,이체,미분류,정*영,17500.0,카카오페이 머니,
하유진,2025-08-23,수입,금융수입,미분류,이자,0.0,MY 입출금통장,
하유진,2025-08-23,지출,문화/여가,미분류,네이버플러스멤버십,-8000.0,네이버페이 간편결제(포인트),
하유진,2025-08-23,이체,저축,미분류,정기이자 입금,1.0,세이프박스,
하유진,2025-08-23,수입,금융수입,미분류,입출금통장 이자,9.0,입출금통장,
하유진,2025-08-23,지출,미분류,미분류,지자체세입금(앱카드),-7700.0,MG+ S 하나카드,
천세원,2025-08-23,수입,금융수입,미분류,이자,0.0,MY 입출금통장,
하유진,2025-08-23,지출,식사,미분류,(주)우아한형제들,-18100.0,네이버페이 간편결제,
천세원,2025-08-24,지출,교통,대중교통,티머니GO,12500.0,네이버페이 간편결제,
천세원,2025-08-24,지출,교통,대중교통,티머니GO,-13900.0,네이버페이 간편결제,
천세원,2025-08-24,이체,내계좌이체,미분류,서울세외천세원,-40000.0,저축예금,
하유진,2025-08-24,지출,생활,미분류,마켓세종,-10950.0,네이버페이 간편결제,
천세원,2025-08-24,지출,생활,생필품,세종전자담배마켓,-80000.0,세종 여민전 하나멤버스 1Q체크카드(후불교통),
하유진,2025-08-24,지출,문화/여가,미분류,주식회사 카카오,-990.0,카카오페이 간편결제,
천세원,2025-08-25,이체,내계좌이체,미분류,카카오페이,-98416.0,저축예금,
하유진,2025-08-25,수입,급여,미분류,급여 콘티넨탈,3727305.0,KB마이핏통장,
천세원,2025-08-25,수입,급여,미분류,트래블월렛환불,193046.0,저축예금,
천세원,2025-08-25,수입,용돈,미분류,TW567,1.0,저축예금,
천세원,2025-08-25,지출,금융,보험,메리츠001건,-36120.0,저축예금,
천세원,2025-08-25,이체,내계좌이체,미분류,9회-천세원,-500000.0,저축예금,
천세원,2025-08-25,이체,내계좌이체,미분류,입금 내역,500000.0,WON 자유적금,
천세원,2025-08-25,수입,급여,미분류,급여 콘티넨탈,4200663.0,저축예금,
천세원,2025-08-25,지출,금융,이자/대출,국민하유진_생활비,-3000000.0,저축예금,
천세원,2025-08-25,지출,카페/간식,커피/음료,복도리 협동조합,-5000.0,세종 여민전 하나멤버스 1Q체크카드(후불교통),
천세원,2025-08-25,수입,금융수입,미분류,신한카드캐시백,2608.0,저축예금,
천세원,2025-08-25,이체,내계좌이체,미분류,천*원,98416.0,카카오페이 머니,
하유진,2025-08-25,이체,대출,미분류,천세원_생활비,3000000.0,KB마이핏통장,
천세원,2025-08-25,지출,금융,은행,송금 내역,-100421.0,카카오페이 머니,
하유진,2025-08-25,이체,미분류,미분류,입금 내역,300000.0,KB 특★한 적금,
하유진,2025-08-25,이체,미분류,미분류,"61610304323291  , 6회차",-300000.0,KB마이핏통장,
하유진,2025-08-25,지출,생활,미분류,한화손02건,-108663.0,KB마이핏통장,
천세원,2025-08-26,이체,내계좌이체,미분류,입금 내역,100000.0,주택청약종합저축,
천세원,2025-08-26,이체,내계좌이체,미분류,천세원청약89,-100000.0,저축예금,
천세원,2025-08-26,이체,내계좌이체,미분류,천*원,10000.0,카카오페이 머니,
천세원,2025-08-26,이체,내계좌이체,미분류,카카오페이,-10000.0,저축예금,
천세원,2025-08-26,지출,금융,은행,송금 내역,-2500.0,카카오페이 머니,
천세원,2025-08-26,이체,이체,미분류,삼성히어링,-17800.0,저축예금,
하유진,2025-08-26,지출,주거/통신,미분류,아파트관리비,-234330.0,네이버 현대카드,
하유진,2025-08-26,지출,의복/미용,미분류,핫슈템,-15600.0,네이버페이 간편결제,
천세원,2025-08-26,이체,내계좌이체,미분류,입금 내역,300000.0,KB스타적금II,
천세원,2025-08-26,이체,내계좌이체,미분류,"80350300100418  , 7회차",-300000.0,KB마이핏통장,
천세원,2025-08-27,이체,저축,미분류,우리카드연회비,7452.0,저축예금,
천세원,2025-08-27,이체,내계좌이체,미분류,퇴직연금-천세원,-100000.0,저축예금,
하유진,2025-08-27,이체,미분류,미분류,메리츠화재,-500000.0,KB마이핏통장,
하유진,2025-08-27,지출,식사,미분류,(주)아워홈콘티넨탈세종점,-1300.0,네이버페이 간편결제,
하유진,2025-08-27,지출,식사,미분류,(주)아워홈콘티넨탈세종점,-1300.0,네이버페이 간편결제,
하유진,2025-08-28,지출,생활,미분류,크리넥스 공식 스토어,-5600.0,네이버페이 간편결제(머니),
하유진,2025-08-28,지출,생활,미분류,크리넥스 공식 스토어,-33928.0,네이버페이 간편결제(포인트),
하유진,2025-08-28,지출,식사,미분류,중화연마라탕,-22400.0,네이버 현대카드,
하유진,2025-08-28,지출,생활,미분류,메리츠 스토어,-822780.0,네이버페이 간편결제,
하유진,2025-08-28,지출,생활,미분류,크리넥스 공식 스토어,-22382.0,네이버페이 간편결제,
천세원,2025-08-28,지출,교통,대중교통,티머니GO,-27800.0,네이버페이 간편결제,
천세원,2025-08-28,지출,교통,대중교통,티머니GO,-27800.0,네이버페이 간편결제,
천세원,2025-08-28,이체,내계좌이체,미분류,충전 내역,40000.0,네이버페이 머니,
천세원,2025-08-28,이체,내계좌이체,미분류,네이버페이충전,-40000.0,저축예금,
천세원,2025-08-28,이체,내계좌이체,미분류,충전 내역,40000.0,네이버페이 머니,
천세원,2025-08-28,이체,내계좌이체,미분류,네이버페이충전,-40000.0,저축예금,
천세원,2025-08-28,지출,교통,철도,한국철도공사,-37000.0,네이버페이 간편결제(머니),
천세원,2025-08-28,지출,교통,철도,한국철도공사,-37000.0,네이버페이 간편결제(머니),
천세원,2025-08-29,지출,금융,은행,송금 내역,-5000.0,카카오페이 머니,
하유진,2025-08-29,지출,식사,미분류,신대구막창나성점,-50700.0,네이버 현대카드,
하유진,2025-08-29,지출,식사,미분류,아워홈콘티넨탈세종점,-1200.0,네이버 현대카드,
하유진,2025-08-29,지출,자동차,미분류,행복주유소,-60000.0,세종 여민전 하나멤버스 1Q체크카드(후불교통),
하유진,2025-08-29,이체,이체,미분류,천세원,-5000000.0,KB마이핏통장,
천세원,2025-08-29,지출,온라인쇼핑,서비스구독,엔에이치엔케이씨피 주식회사,-1000.0,카카오페이 간편결제,
천세원,2025-08-30,지출,식비,한식,동동칼국수,-26000.0,세종 여민전 하나멤버스 1Q체크카드(후불교통),
하유진,2025-08-30,지출,의복/미용,미분류,커넥트현대청주일반,-4000.0,네이버페이 간편결제,
하유진,2025-08-30,지출,의복/미용,미분류,커넥트현대청주일반,-135200.0,네이버페이 간편결제,
하유진,2025-08-30,지출,의복/미용,미분류,커넥트현대청주일반,-36000.0,네이버페이 간편결제,
하유진,2025-08-30,지출,술/유흥,미분류,다이어메이커세종점,-78000.0,네이버 현대카드,
하유진,2025-08-31,지출,교통,미분류,티머니대전지하철,-1650.0,네이버 현대카드,
천세원,2025-09-01,지출,금융,증권/투자,092U335103393,-100000.0,저축예금,
하유진,2025-09-01,지출,식사,미분류,(주)아워홈콘티넨탈세종점,-1200.0,네이버페이 간편결제,
천세원,2025-09-01,이체,내계좌이체,미분류,천세원,-1.0,KB마이핏통장,
천세원,2025-09-01,이체,내계좌이체,미분류,천세원,1.0,저축예금,
천세원,2025-09-01,이체,이체,미분류,신*수,2500.0,카카오페이 머니,
천세원,2025-09-01,이체,이체,미분류,곽*경,2500.0,카카오페이 머니,
천세원,2025-09-01,지출,카페/간식,커피/음료,복도리 카페,-7500.0,KB국민 첵첵 체크카드(RF),
하유진,2025-09-02,이체,미분류,미분류,하유진,-670000.0,KB마이핏통장,
천세원,2025-09-02,이체,이체,미분류,신*수,2500.0,카카오페이 머니,
천세원,2025-09-02,지출,온라인쇼핑,인터넷쇼핑,여민전__체크,-300000.0,저축예금,
천세원,2025-09-02,지출,카페/간식,커피/음료,복도리 협동조합,-5000.0,세종 여민전 하나멤버스 1Q체크카드(후불교통),
하유진,2025-09-02,지출,의복/미용,미분류,CJ올리브영 세종새롬점,-80640.0,네이버페이 간편결제,
하유진,2025-09-02,이체,미분류,미분류,여민전__체크,-300000.0,KB마이핏통장,
천세원,2025-09-03,지출,카페/간식,커피/음료,복도리 협동조합,-5000.0,세종 여민전 하나멤버스 1Q체크카드(후불교통),
천세원,2025-09-03,이체,이체,미분류,신*수,2500.0,카카오페이 머니,
천세원,2025-09-03,지출,생활,생활서비스,세종수선,-10000.0,세종 여민전 하나멤버스 1Q체크카드(후불교통),
하유진,2025-09-03,지출,식사,미분류,(주)아워홈콘티넨탈세종점,-1200.0,네이버페이 간편결제,
하유진,2025-09-04,지출,여행/숙박,미분류,여기어때_국내숙소,-474451.0,네이버페이 간편결제,
하유진,2025-09-04,지출,여행/숙박,미분류,여기어때_국내숙소,-154.0,네이버페이 간편결제(포인트),
하유진,2025-09-04,지출,미분류,미분류,결제_KCP,-2100.0,MG+ S 하나카드,
하유진,2025-09-04,지출,교통,미분류,카카오T,-13000.0,네이버 현대카드,
천세원,2025-09-04,지출,생활,생활서비스,세종수선,-18000.0,세종 여민전 하나멤버스 1Q체크카드(후불교통),
하유진,2025-09-05,이체,이체,미분류,송금 내역,-2500.0,카카오페이 머니,
하유진,2025-09-05,지출,식사,미분류,코스트코코리아,-182470.0,네이버페이 간편결제,
하유진,2025-09-05,지출,문화/여가,미분류,STEAMGAMES.COM 4259522985,-21778.0,네이버 현대카드,
천세원,2025-09-05,지출,자동차,주유,행복주유소,-50000.0,세종 여민전 하나멤버스 1Q체크카드(후불교통),
천세원,2025-09-05,지출,금융,은행,송금 내역,-2500.0,카카오페이 머니,
천세원,2025-09-05,지출,식비,치킨,지코바숯불양념치킨새롬점,-23500.0,세종 여민전 하나멤버스 1Q체크카드(후불교통),
하유진,2025-09-06,이체,이체,미분류,온누리충전,-18000.0,KB마이핏통장,
하유진,2025-09-06,지출,생활,미분류,마켓세종,-4800.0,네이버 현대카드,
하유진,2025-09-06,이체,이체,미분류,온누리충전,-9000.0,KB마이핏통장,
하유진,2025-09-06,지출,생활,미분류,마켓세종,-22240.0,네이버 현대카드,
하유진,2025-09-06,지출,생활,미분류,세종전자담배마켓,-168000.0,세종 여민전 하나멤버스 1Q체크카드(후불교통),
하유진,2025-09-07,지출,카페/간식,미분류,이케아코리아 유한회사_BISTRO,-1400.0,네이버페이 간편결제,
하유진,2025-09-07,지출,생활,미분류,이케아 IKEA 광명점,-79100.0,네이버페이 간편결제,
천세원,2025-09-07,지출,금융,카드,신한카드_충전,-140000.0,저축예금,
하유진,2025-09-07,지출,생활,미분류,이케아코리아유한회사,-15400.0,네이버페이 간편결제,
하유진,2025-09-07,이체,이체,미분류,김경희,20000.0,KB마이핏통장,
하유진,2025-09-07,지출,카페/간식,미분류,(주)에프앤이 드롭탑 오송역언더패,-6000.0,네이버페이 간편결제,
하유진,2025-09-08,지출,여행/숙박,미분류,주식회사 여기어때컴퍼니,-211660.0,카카오페이 간편결제,
하유진,2025-09-08,지출,카페/간식,미분류,키오스크(1)_코페이,-19000.0,세종 여민전 하나멤버스 1Q체크카드(후불교통),
하유진,2025-09-08,지출,카페/간식,미분류,복도리 협동조합,-5000.0,세종 여민전 하나멤버스 1Q체크카드(후불교통),
천세원,2025-09-09,이체,이체,미분류,신*수,2500.0,카카오페이 머니,
천세원,2025-09-09,지출,카페/간식,커피/음료,복도리 협동조합,-5000.0,세종 여민전 하나멤버스 1Q체크카드(후불교통),
하유진,2025-09-09,지출,식사,미분류,도미노피자-세종다정점,-3120.0,네이버페이 간편결제(포인트),
하유진,2025-09-09,지출,식사,미분류,도미노피자-세종다정점,-15330.0,네이버페이 간편결제,
천세원,2025-09-10,이체,이체,미분류,신*수,2500.0,카카오페이 머니,
천세원,2025-09-10,지출,카페/간식,커피/음료,복도리 협동조합,-5000.0,세종 여민전 하나멤버스 1Q체크카드(후불교통),
하유진,2025-09-10,지출,식사,미분류,(주)아워홈콘티넨탈세종점,-1200.0,네이버페이 간편결제,
하유진,2025-09-10,이체,이체,미분류,김경희,25700.0,KB마이핏통장,
천세원,2025-09-11,이체,이체,미분류,신*수,2500.0,카카오페이 머니,
천세원,2025-09-11,지출,카페/간식,커피/음료,복도리 협동조합,-5000.0,세종 여민전 하나멤버스 1Q체크카드(후불교통),
하유진,2025-09-11,지출,식사,미분류,(주)아워홈콘티넨탈세종점,-1200.0,네이버페이 간편결제,
하유진,2025-09-11,지출,식사,미분류,테디헤이데이,-41000.0,네이버페이 간편결제,
천세원,2025-09-12,지출,카페/간식,커피/음료,복도리 협동조합,-5000.0,세종 여민전 하나멤버스 1Q체크카드(후불교통),
하유진,2025-09-12,지출,식사,미분류,(주)아워홈콘티넨탈세종점,-850.0,네이버페이 간편결제,
하유진,2025-09-12,이체,이체,미분류,온누리충전,-9000.0,KB마이핏통장,
천세원,2025-09-12,이체,이체,미분류,신*수,2500.0,카카오페이 머니,
하유진,2025-09-12,지출,생활,미분류,(주)아성다이소,-15000.0,네이버페이 간편결제,
하유진,2025-09-12,이체,카드대금,미분류,현대카드대금,-925150.0,KB마이핏통장,
하유진,2025-09-12,지출,의료/건강,미분류,세종권약국,-16000.0,네이버 현대카드,
하유진,2025-09-13,지출,문화/여가,미분류,청남낚시마트,-6000.0,네이버페이 간편결제,
하유진,2025-09-13,지출,생활,미분류,지에스25 태안해안점,-3600.0,네이버페이 간편결제,
천세원,2025-09-14,이체,내계좌이체,미분류,천*원,314994.0,카카오페이 머니,
천세원,2025-09-14,지출,금융,은행,송금 내역,-335000.0,카카오페이 머니,
천세원,2025-09-14,이체,내계좌이체,미분류,카카오페이,-314994.0,저축예금,
하유진,2025-09-15,지출,식사,미분류,(주)아워홈콘티넨탈세종점,-1250.0,네이버페이 간편결제,
하유진,2025-09-15,지출,미분류,미분류,금융결제원 인터넷지로,-168600.0,네이버페이 간편결제,
천세원,2025-09-15,이체,이체,미분류,곽*경,2500.0,카카오페이 머니,
천세원,2025-09-15,이체,이체,미분류,정*영,2500.0,카카오페이 머니,
천세원,2025-09-15,이체,이체,미분류,신*수,2500.0,카카오페이 머니,
천세원,2025-09-15,지출,카페/간식,커피/음료,복도리 협동조합,-10000.0,세종 여민전 하나멤버스 1Q체크카드(후불교통),
천세원,2025-09-15,지출,금융,은행,SKB6522025232,-16500.0,저축예금,
하유진,2025-09-15,지출,주거/통신,미분류,민팃,-5900.0,네이버 현대카드,
하유진,2025-09-16,이체,현금,미분류,토스408,1.0,KB마이핏통장,
천세원,2025-09-16,지출,자동차,주유,행복주유소,-60000.0,세종 여민전 하나멤버스 1Q체크카드(후불교통),
천세원,2025-09-16,이체,이체,미분류,신*수,2500.0,카카오페이 머니,
하유진,2025-09-16,지출,식사,미분류,(주)아워홈콘티넨탈세종점,-1200.0,네이버페이 간편결제,
하유진,2025-09-16,이체,미분류,미분류,하유진,-35000000.0,KB마이핏통장,
하유진,2025-09-16,이체,이체,미분류,토스255,1.0,KB마이핏통장,
천세원,2025-09-16,지출,카페/간식,커피/음료,복도리 협동조합,-5000.0,세종 여민전 하나멤버스 1Q체크카드(후불교통),
천세원,2025-09-17,지출,카페/간식,커피/음료,복도리 협동조합,-5000.0,세종 여민전 하나멤버스 1Q체크카드(후불교통),
천세원,2025-09-17,이체,이체,미분류,신*수,2500.0,카카오페이 머니,
하유진,2025-09-17,지출,식사,미분류,롯데리아 세종새롬점,-20400.0,네이버페이 간편결제,
하유진,2025-09-17,지출,생활,미분류,이마트세종점,-163600.0,네이버 현대카드,
하유진,2025-09-18,지출,술/유흥,미분류,다이닝야경 나성로점,-116000.0,네이버페이 간편결제,
천세원,2025-09-18,지출,카페/간식,커피/음료,복도리 협동조합,-5000.0,세종 여민전 하나멤버스 1Q체크카드(후불교통),
하유진,2025-09-18,지출,식사,미분류,군산조개천국,-139000.0,네이버페이 간편결제,
천세원,2025-09-18,이체,이체,미분류,신*수,2500.0,카카오페이 머니,
하유진,2025-09-19,지출,문화/여가,미분류,오잉코인노래연습장,-5000.0,네이버페이 간편결제,
하유진,2025-09-19,이체,이체,미분류,장*윤,63750.0,카카오페이 머니,
하유진,2025-09-19,이체,이체,미분류,조*희,63750.0,카카오페이 머니,
하유진,2025-09-19,지출,식사,미분류,(주)아워홈콘티넨탈세종점,-1500.0,네이버페이 간편결제,
하유진,2025-09-19,지출,식사,미분류,금도새기,-62000.0,세종 여민전 하나멤버스 1Q체크카드(후불교통),
하유진,2025-09-19,지출,식사,미분류,한신우동 세종나성점,-19500.0,세종 여민전 하나멤버스 1Q체크카드(후불교통),
천세원,2025-09-19,지출,카페/간식,커피/음료,복도리 협동조합,-5000.0,세종 여민전 하나멤버스 1Q체크카드(후불교통),
하유진,2025-09-19,이체,이체,미분류,이*현,63750.0,카카오페이 머니,
하유진,2025-09-20,이체,이체,미분류,*****,1.0,신한 주거래 S20통장,
하유진,2025-09-20,이체,미분류,미분류,입금 내역,4.0,행복knowhow 주거래 우대통장,
하유진,2025-09-20,이체,저축,미분류,예금결산이자,0.0,저축예금,
하유진,2025-09-20,이체,이체,미분류,온누리충전,-18000.0,KB마이핏통장,
하유진,2025-09-20,지출,생활,미분류,마켓세종,-19000.0,네이버 현대카드,
천세원,2025-09-20,이체,미분류,미분류,입금 내역,0.0,저축예금,
천세원,2025-09-20,지출,식비,배달,(주)우아한형제들,-42000.0,네이버페이 간편결제,
천세원,2025-09-20,지출,식비,배달,(주)우아한형제들,-6000.0,네이버페이 간편결제(머니),
천세원,2025-09-20,수입,금융수입,미분류,예금결산이자,442.0,저축예금,
하유진,2025-09-20,이체,이체,미분류,온누리충전,-9000.0,KB마이핏통장,
하유진,2025-09-20,지출,생활,미분류,마켓세종,-8800.0,네이버 현대카드,
하유진,2025-09-21,지출,카페/간식,미분류,메가커피세종새롬점,-4000.0,네이버페이 간편결제,
천세원,2025-09-21,지출,카페/간식,도넛/핫도그,세종스마일꽈배기,-5500.0,세종 여민전 하나멤버스 1Q체크카드(후불교통),
하유진,2025-09-22,지출,주거/통신,미분류,국민은행LiivM,-28500.0,KB국민 nori 체크카드(RF),
하유진,2025-09-22,지출,문화/여가,미분류,주식회사 카카오,-9000.0,카카오페이 간편결제,
하유진,2025-09-22,지출,식사,미분류,(주)아워홈콘티넨탈세종점,-1200.0,네이버페이 간편결제,
하유진,2025-09-22,이체,미분류,미분류,네이버3648,1.0,KB마이핏통장,
하유진,2025-09-22,지출,문화/여가,미분류,주식회사 카카오,-9000.0,카카오페이 간편결제,
천세원,2025-09-22,이체,내계좌이체,미분류,천*원,10488.0,카카오페이 머니,
천세원,2025-09-22,지출,카페/간식,커피/음료,복도리 협동조합,-2500.0,세종 여민전 하나멤버스 1Q체크카드(후불교통),
천세원,2025-09-22,지출,주거/통신,휴대폰,국민은행LiivM,-40490.0,KB국민 첵첵 체크카드(RF),
천세원,2025-09-22,지출,자동차,차량보험,DB손13509,-35950.0,저축예금,
천세원,2025-09-22,이체,내계좌이체,미분류,카카오페이,-10488.0,저축예금,
천세원,2025-09-22,지출,온라인쇼핑,인터넷쇼핑,주식회사 카카오,-25500.0,카카오페이 간편결제,
하유진,2025-09-23,지출,식사,미분류,(주)아워홈콘티넨탈세종점,-1200.0,네이버페이 간편결제,
하유진,2025-09-23,지출,생활,미분류,세종전자담배마켓,-160000.0,세종 여민전 하나멤버스 1Q체크카드(후불교통),
천세원,2025-09-23,지출,카페/간식,커피/음료,복도리 협동조합,-5000.0,세종 여민전 하나멤버스 1Q체크카드(후불교통),
천세원,2025-09-23,이체,이체,미분류,신*수,2500.0,카카오페이 머니,
하유진,2025-09-23,지출,문화/여가,미분류,네이버플러스멤버십,-8000.0,네이버페이 간편결제(포인트),
천세원,2025-09-23,지출,온라인쇼핑,인터넷쇼핑,ABLY,-33460.0,네이버페이 간편결제,
천세원,2025-09-23,지출,온라인쇼핑,인터넷쇼핑,ABLY,-60.0,네이버페이 간편결제(포인트),
천세원,2025-09-24,지출,카페/간식,커피/음료,복도리 협동조합,-5000.0,세종 여민전 하나멤버스 1Q체크카드(후불교통),
하유진,2025-09-24,지출,식사,미분류,점빵아저씨,-3328.0,네이버페이 간편결제(포인트),
하유진,2025-09-24,지출,식사,미분류,점빵아저씨,-29372.0,네이버페이 간편결제,
하유진,2025-09-24,지출,문화/여가,미분류,주식회사 카카오,-990.0,카카오페이 간편결제,
하유진,2025-09-24,지출,식사,미분류,(주)아워홈콘티넨탈세종점,-1250.0,네이버페이 간편결제,
천세원,2025-09-24,이체,이체,미분류,신*수,2500.0,카카오페이 머니,
하유진,2025-09-24,지출,식사,미분류,(주)아워홈콘티넨탈세종점,-1250.0,네이버페이 간편결제,
천세원,2025-09-25,이체,카드대금,미분류,우리카드결제대금,-3300.0,저축예금,
천세원,2025-09-25,지출,금융,보험,메리츠001건,-36120.0,저축예금,
천세원,2025-09-25,수입,급여,미분류,급여 콘티넨탈,4562510.0,저축예금,
천세원,2025-09-25,지출,교통,철도,한국철도공사,18100.0,네이버페이 간편결제(머니),
천세원,2025-09-25,지출,금융,이자/대출,국민하유진_생활비,-2500000.0,저축예금,
하유진,2025-09-25,이체,미분류,미분류,출금 내역,-1808966.0,KB 특★한 적금,
하유진,2025-09-25,이체,미분류,미분류,만기자동해지616103-04-323291,1808966.0,KB마이핏통장,
천세원,2025-09-25,이체,내계좌이체,미분류,10회-천세원,-500000.0,저축예금,
하유진,2025-09-25,수입,급여,미분류,급여 콘티넨탈,4015632.0,KB마이핏통장,
하유진,2025-09-25,지출,교통,미분류,한국철도공사,-32200.0,카카오페이 간편결제,
하유진,2025-09-25,이체,대출,미분류,천세원_생활비,2500000.0,KB마이핏통장,
하유진,2025-09-25,지출,식사,미분류,(주)아워홈콘티넨탈세종점,-1200.0,네이버페이 간편결제,
하유진,2025-09-25,지출,생활,미분류,한화손02건,-108663.0,KB마이핏통장,
천세원,2025-09-25,이체,카드대금,미분류,신한카드,-493968.0,저축예금,
천세원,2025-09-25,이체,내계좌이체,미분류,입금 내역,500000.0,WON 자유적금,
하유진,2025-09-26,지출,교통,미분류,결제대행(3)_나이스,-15000.0,MG+ S 하나카드,
하유진,2025-09-26,지출,미분류,미분류,결제_KCP,-4800.0,MG+ S 하나카드,
하유진,2025-09-26,지출,교통,미분류,한국철도공사,16100.0,카카오페이 간편결제,
하유진,2025-09-26,이체,이체,미분류,송금 내역,-37000.0,카카오페이 머니,
천세원,2025-09-26,이체,내계좌이체,미분류,입금 내역,100000.0,주택청약종합저축,
천세원,2025-09-26,이체,내계좌이체,미분류,"80350300100418  , 8회차",-300000.0,KB마이핏통장,
천세원,2025-09-26,이체,이체,미분류,삼성히어링,-17800.0,저축예금,
천세원,2025-09-26,지출,주거/통신,휴대폰,0204858040038,-1000000.0,저축예금,
천세원,2025-09-26,이체,내계좌이체,미분류,천세원청약90,-100000.0,저축예금,
천세원,2025-09-26,이체,내계좌이체,미분류,입금 내역,300000.0,KB스타적금II,
천세원,2025-09-27,수입,금융수입,미분류,이자,0.0,MY 입출금통장,
천세원,2025-09-27,지출,금융,은행,송금 내역,-1300.0,카카오페이 머니,
하유진,2025-09-27,이체,저축,미분류,정기이자 입금,1.0,세이프박스,
하유진,2025-09-27,수입,금융수입,미분류,입출금통장 이자,11.0,입출금통장,
하유진,2025-09-27,수입,금융수입,미분류,결산이자,0.0,자립예탁금,
하유진,2025-09-27,수입,금융수입,미분류,이자,0.0,MY 입출금통장,
하유진,2025-09-27,수입,금융수입,미분류,결산이자,0.0,자립예탁금,
하유진,2025-09-27,이체,이체,미분류,송금 내역,-3600.0,카카오페이 머니,
하유진,2025-09-27,지출,카페/간식,미분류,(주)에프앤이 드롭탑 오송역언더패,-6000.0,네이버페이 간편결제,
하유진,2025-09-27,지출,교통,미분류,코레일유통(주)(오송역),-8600.0,네이버페이 간편결제,
하유진,2025-09-28,지출,카페/간식,미분류,(주)커피빈코리아청담카페점,-10000.0,네이버페이 간편결제,
천세원,2025-09-28,이체,미분류,미분류,입금 내역,0.0,자립예탁금,
천세원,2025-09-28,지출,교통,대중교통,티머니GO,-36000.0,네이버페이 간편결제,
천세원,2025-09-28,지출,교통,대중교통,티머니GO,36000.0,네이버페이 간편결제,
천세원,2025-09-28,이체,이체,미분류,농협정두영,-100000.0,저축예금,
하유진,2025-09-28,지출,교통,미분류,티머니 지하철,-1550.0,MG+ S 하나카드,
하유진,2025-09-28,지출,의복/미용,미분류,신세계백화점 강남점,-18300.0,네이버페이 간편결제,
하유진,2025-09-28,지출,교통,미분류,티머니 지하철,-1550.0,MG+ S 하나카드,
하유진,2025-09-28,이체,미분류,미분류,입금 내역,1.0,NH1934우대통장(저축예금),
천세원,2025-09-29,수입,급여,미분류,상여 콘티넨탈,1961384.0,저축예금,
천세원,2025-09-29,이체,내계좌이체,미분류,퇴직연금-천세원,-100000.0,저축예금,
천세원,2025-09-29,지출,카페/간식,커피/음료,복도리 협동조합,-5000.0,세종 여민전 하나멤버스 1Q체크카드(후불교통),
천세원,2025-09-29,지출,자동차,주유,행복주유소,-50000.0,세종 여민전 하나멤버스 1Q체크카드(후불교통),
천세원,2025-09-29,이체,이체,미분류,신*수,2500.0,카카오페이 머니,
하유진,2025-09-29,지출,식사,미분류,코스트코코리아,-204580.0,네이버페이 간편결제,
하유진,2025-09-29,지출,식사,미분류,코스트코코리아,-9700.0,네이버 현대카드,
하유진,2025-09-29,지출,교통,미분류,티머니 버스,-1500.0,MG+ S 하나카드,
하유진,2025-09-29,지출,교통,미분류,티머니 버스,-1500.0,MG+ S 하나카드,
하유진,2025-09-29,수입,급여,미분류,상여 콘티넨탈,1830007.0,KB마이핏통장,
하유진,2025-09-29,지출,식사,미분류,1초재팬,-8267.0,네이버페이 간편결제(포인트),
하유진,2025-09-29,지출,식사,미분류,1초재팬,-25383.0,네이버페이 간편결제,
하유진,2025-09-30,지출,자동차,미분류,행복주유소,-70000.0,세종 여민전 하나멤버스 1Q체크카드(후불교통),
하유진,2025-09-30,지출,문화/여가,미분류,STEAMGAMES.COM 4259522985,-7545.0,네이버 현대카드,
하유진,2025-10-01,이체,미분류,미분류,하유진,-1670000.0,KB마이핏통장,
하유진,2025-10-01,이체,저축,미분류,CONTINENTA,124320.0,KB마이핏통장,
하유진,2025-10-01,이체,이체,미분류,송금 내역,-124320.0,카카오페이 머니,
천세원,2025-10-01,지출,온라인쇼핑,인터넷쇼핑,여민전__체크,-300000.0,저축예금,
하유진,2025-10-01,이체,미분류,미분류,여민전__체크,-300000.0,KB마이핏통장,
천세원,2025-10-01,지출,카페/간식,커피/음료,복도리 협동조합,-10000.0,세종 여민전 하나멤버스 1Q체크카드(후불교통),
천세원,2025-10-02,이체,이체,미분류,신*수,2500.0,카카오페이 머니,
하유진,2025-10-02,지출,식사,미분류,(주)아워홈콘티넨탈세종점,-1200.0,네이버페이 간편결제,
천세원,2025-10-02,지출,카페/간식,커피/음료,복도리 협동조합,-5000.0,세종 여민전 하나멤버스 1Q체크카드(후불교통),
천세원,2025-10-04,지출,생활,생필품,세종전자담배마켓,-80000.0,세종 여민전 하나멤버스 1Q체크카드(후불교통),
천세원,2025-10-04,지출,주거/통신,휴대폰,0204858040108,-200000.0,저축예금,
하유진,2025-10-05,지출,식사,미분류,다인농업협동조합.,-4000.0,네이버페이 간편결제,
천세원,2025-10-07,지출,문화/여가,테마파크,주식회사 놀유니버스 레저,-192000.0,네이버페이 간편결제,
천세원,2025-10-07,지출,문화/여가,테마파크,주식회사 놀유니버스 레저,192000.0,네이버페이 간편결제,
하유진,2025-10-07,지출,문화/여가,미분류,주식회사 놀유니버스 레저,-1438.0,네이버페이 간편결제(포인트),
하유진,2025-10-07,지출,문화/여가,미분류,주식회사 놀유니버스 레저,-107762.0,네이버페이 간편결제,
하유진,2025-10-08,지출,의료/건강,미분류,청솔약국,-3000.0,네이버 현대카드,
하유진,2025-10-08,지출,카페/간식,미분류,자매콩물,-10000.0,네이버페이 간편결제,
하유진,2025-10-08,지출,문화/여가,미분류,다도해해상국립공원사무소,-3200.0,MG+ S 하나카드,
하유진,2025-10-09,이체,이체,미분류,천*원,500000.0,카카오페이 머니,
천세원,2025-10-09,이체,내계좌이체,미분류,천*원,61295.0,카카오페이 머니,
천세원,2025-10-09,이체,이체,미분류,천*용,200000.0,카카오페이 머니,
천세원,2025-10-09,지출,금융,은행,송금 내역,-500000.0,카카오페이 머니,
천세원,2025-10-09,이체,내계좌이체,미분류,카카오페이,-61295.0,저축예금,
천세원,2025-10-09,이체,이체,미분류,천*지,230000.0,카카오페이 머니,
하유진,2025-10-10,지출,의료/건강,미분류,세종권약국,-25400.0,세종 여민전 하나멤버스 1Q체크카드(후불교통),
하유진,2025-10-10,지출,생활,미분류,마켓세종,-39410.0,네이버 현대카드,
하유진,2025-10-10,이체,이체,미분류,온누리충전,-36000.0,KB마이핏통장,
하유진,2025-10-10,지출,생활,미분류,(주)아성다이소,-26000.0,네이버페이 간편결제,
하유진,2025-10-10,지출,식사,미분류,코스트코코리아,-214180.0,네이버페이 간편결제,
하유진,2025-10-13,지출,의료/건강,미분류,퍼블릭짐 다정점,-33000.0,세종 여민전 하나멤버스 1Q체크카드(후불교통),
하유진,2025-10-13,지출,문화/여가,미분류,퍼블릭짐다정점,-28400.0,KB마이핏통장,
하유진,2025-10-13,지출,식사,미분류,(주)아워홈콘티넨탈세종점,-1200.0,네이버페이 간편결제,
하유진,2025-10-13,이체,카드대금,미분류,현대카드대금,-1075743.0,KB마이핏통장,
천세원,2025-10-13,지출,카페/간식,커피/음료,복도리 협동조합,-7500.0,세종 여민전 하나멤버스 1Q체크카드(후불교통),
천세원,2025-10-13,이체,이체,미분류,곽*경,2500.0,카카오페이 머니,
천세원,2025-10-13,이체,이체,미분류,신*수,2500.0,카카오페이 머니,
천세원,2025-10-14,이체,이체,미분류,하*진,2500.0,카카오페이 머니,
하유진,2025-10-14,지출,문화/여가,미분류,24시게임발송,4563.0,네이버페이 간편결제(포인트),
하유진,2025-10-14,지출,문화/여가,미분류,24시게임발송,41437.0,네이버페이 간편결제,
하유진,2025-10-14,지출,문화/여가,미분류,Steam Purchase         425-952-2985  DEU,-56855.0,MG+ S 하나카드,
하유진,2025-10-14,지출,문화/여가,미분류,24시게임발송,-4563.0,네이버페이 간편결제(포인트),
하유진,2025-10-14,지출,식사,미분류,써브웨이 세종새롬점,-12800.0,네이버페이 간편결제,
하유진,2025-10-14,이체,이체,미분류,송금 내역,-2500.0,카카오페이 머니,
하유진,2025-10-14,이체,이체,미분류,송금 내역,-8000.0,카카오페이 머니,
천세원,2025-10-14,지출,카페/간식,커피/음료,복도리 협동조합,-10000.0,세종 여민전 하나멤버스 1Q체크카드(후불교통),
천세원,2025-10-14,이체,내계좌이체,미분류,천*원,10000.0,카카오페이 머니,
천세원,2025-10-14,지출,금융,은행,송금 내역,-8000.0,카카오페이 머니,
천세원,2025-10-14,이체,이체,미분류,카카오페이,-10000.0,저축예금,
천세원,2025-10-14,이체,이체,미분류,신*수,2500.0,카카오페이 머니,
하유진,2025-10-14,지출,문화/여가,미분류,24시게임발송,-41437.0,네이버페이 간편결제,
천세원,2025-10-14,이체,이체,미분류,곽*경,2500.0,카카오페이 머니,
천세원,2025-10-15,이체,저축,미분류,출국납부금환급,3000.0,저축예금,
하유진,2025-10-15,지출,주거/통신,미분류,민팃,-5900.0,네이버 현대카드,
천세원,2025-10-15,지출,금융,은행,SKB6522025232,-16500.0,저축예금,
천세원,2025-10-16,지출,금융,은행,송금 내역,-5000.0,카카오페이 머니,
천세원,2025-10-16,지출,자동차,주유,행복주유소,-60000.0,세종 여민전 하나멤버스 1Q체크카드(후불교통),
하유진,2025-10-16,지출,미분류,미분류,토스페이먼츠 주식회사,-68776.0,네이버페이 간편결제,
하유진,2025-10-16,지출,식사,미분류,(주)아워홈콘티넨탈세종점,-1850.0,네이버페이 간편결제,
하유진,2025-10-17,지출,생활,미분류,마켓세종,-26840.0,네이버페이 간편결제,
하유진,2025-10-17,이체,이체,미분류,온누리충전,-27000.0,KB마이핏통장,
하유진,2025-10-17,지출,생활,미분류,이마트세종점,-163600.0,네이버 현대카드,
하유진,2025-10-17,지출,의료/건강,미분류,셀렉스몰_PAYCO,-21902.0,페이코 간편결제,
하유진,2025-10-17,지출,의료/건강,미분류,셀렉스몰_PAYCO,-65708.0,페이코 간편결제,
하유진,2025-10-17,이체,미분류,미분류,포인트 충전,70000.0,페이코포인트,
하유진,2025-10-17,지출,식사,미분류,세종화백곰탕앤냉면 본점,-26000.0,세종 여민전 하나멤버스 1Q체크카드(후불교통),
천세원,2025-10-17,지출,의료/건강,약국,새롬정약국,-7600.0,세종 여민전 하나멤버스 1Q체크카드(후불교통),
하유진,2025-10-17,이체,미분류,미분류,PAYCO결제,-70000.0,KB마이핏통장,
천세원,2025-10-17,지출,의료/건강,안과,세종이안과의원,-10200.0,세종 여민전 하나멤버스 1Q체크카드(후불교통),
천세원,2025-10-17,수입,기타수입,미분류,네이버7053,1.0,저축예금,
천세원,2025-10-17,지출,금융,은행,송금 내역,-2500.0,카카오페이 머니,
천세원,2025-10-18,지출,생활,마트,(주)마켓세종,-900.0,세종 여민전 하나멤버스 1Q체크카드(후불교통),
천세원,2025-10-18,지출,생활,생필품,세종전자담배마켓,-160000.0,세종 여민전 하나멤버스 1Q체크카드(후불교통),
하유진,2025-10-19,지출,미분류,미분류,NHNKCP,-1000.0,네이버페이 간편결제,
천세원,2025-10-19,지출,금융,카드,NHNKCP,-1000.0,네이버페이 간편결제,
하유진,2025-10-19,지출,생활,미분류,(주)아성다이소,-17000.0,네이버페이 간편결제,
하유진,2025-10-20,지출,생활,미분류,지앤티클린,-3900.0,네이버페이 간편결제,
천세원,2025-10-20,이체,내계좌이체,미분류,메리츠천세원,200.0,저축예금,
천세원,2025-10-20,지출,카페/간식,커피/음료,복도리 협동조합,-5000.0,세종 여민전 하나멤버스 1Q체크카드(후불교통),
하유진,2025-10-20,지출,교통,미분류,결제대행(3)_나이스,-15000.0,MG+ S 하나카드,
천세원,2025-10-20,이체,이체,미분류,신*수,2500.0,카카오페이 머니,
하유진,2025-10-20,지출,의복/미용,미분류,화해,-7480.0,네이버페이 간편결제(포인트),
하유진,2025-10-20,지출,의복/미용,미분류,화해,-9170.0,네이버페이 간편결제,
하유진,2025-10-20,지출,의료/건강,미분류,허준오빠,-7000.0,네이버페이 간편결제(포인트),
하유진,2025-10-21,지출,식사,미분류,(주)아워홈콘티넨탈세종점,-1200.0,네이버페이 간편결제,
하유진,2025-10-21,지출,주거/통신,미분류,국민은행LiivM,-28500.0,KB국민 nori 체크카드(RF),
하유진,2025-10-21,이체,현금,미분류,현대카드,10000.0,KB마이핏통장,
하유진,2025-10-21,지출,여행/숙박,미분류,Agoda,-216318.0,네이버페이 간편결제,
천세원,2025-10-21,지출,카페/간식,커피/음료,복도리 협동조합,-5000.0,세종 여민전 하나멤버스 1Q체크카드(후불교통),
천세원,2025-10-21,이체,이체,미분류,정*영,2500.0,카카오페이 머니,
천세원,2025-10-21,지출,자동차,차량보험,DB손13610,-35950.0,저축예금,
천세원,2025-10-21,지출,주거/통신,휴대폰,국민은행LiivM,-40490.0,KB국민 첵첵 체크카드(RF),
천세원,2025-10-21,지출,교통,철도,주식회사 에스알,-74400.0,네이버페이 간편결제,
천세원,2025-10-21,지출,교통,철도,주식회사 에스알,-75200.0,네이버페이 간편결제,
하유진,2025-10-22,지출,식사,미분류,코스트코코리아,-9700.0,네이버페이 간편결제,
하유진,2025-10-22,지출,식사,미분류,코스트코코리아,-169900.0,네이버페이 간편결제,
천세원,2025-10-22,지출,식비,양식,(주)아워홈 콘티넨탈 세종점,-3900.0,KB국민 첵첵 체크카드(RF),
천세원,2025-10-23,지출,카페/간식,커피/음료,복도리 협동조합,-7500.0,세종 여민전 하나멤버스 1Q체크카드(후불교통),
하유진,2025-10-23,지출,문화/여가,미분류,네이버플러스멤버십,-7896.0,네이버페이 간편결제,
하유진,2025-10-23,지출,문화/여가,미분류,네이버플러스멤버십,-104.0,네이버페이 간편결제(포인트),
천세원,2025-10-23,이체,이체,미분류,신*수,2500.0,카카오페이 머니,
하유진,2025-10-24,지출,여행/숙박,미분류,주식회사 여기어때컴퍼니,-71828.0,카카오페이 간편결제,
하유진,2025-10-24,수입,급여,미분류,급여 아우모비오,3730871.0,KB마이핏통장,
하유진,2025-10-24,지출,문화/여가,미분류,주식회사 카카오,-990.0,카카오페이 간편결제,
하유진,2025-10-24,지출,식사,미분류,신대구막창 나성점,-64600.0,세종 여민전 하나멤버스 1Q체크카드(후불교통),
하유진,2025-10-24,이체,대출,미분류,천세원_생활비,3000000.0,KB마이핏통장,
하유진,2025-10-24,지출,식사,미분류,(주)아워홈콘티넨탈세종점,-1200.0,네이버페이 간편결제,
천세원,2025-10-24,지출,금융,이자/대출,국민하유진_생활비,-3000000.0,저축예금,
천세원,2025-10-24,수입,급여,미분류,급여 아우모비오,4316710.0,저축예금,
하유진,2025-10-25,지출,생활,미분류,이마트세종점,-126300.0,네이버페이 간편결제,
하유진,2025-10-25,수입,금융수입,미분류,이자,0.0,MY 입출금통장,
천세원,2025-10-25,수입,금융수입,미분류,이자,0.0,MY 입출금통장,
하유진,2025-10-25,수입,금융수입,미분류,입출금통장 이자,9.0,입출금통장,
하유진,2025-10-25,이체,저축,미분류,정기이자 입금,1.0,세이프박스,
하유진,2025-10-26,지출,카페/간식,미분류,카페 세종리,-10000.0,세종 여민전 하나멤버스 1Q체크카드(후불교통),
하유진,2025-10-26,지출,식사,미분류,(주)엘앤케이 에프앤비,-14000.0,네이버페이 간편결제,
하유진,2025-10-27,지출,생활,미분류,한화손02건,-108663.0,KB마이핏통장,
하유진,2025-10-27,지출,식사,미분류,(주)아워홈콘티넨탈세종점,-1100.0,네이버페이 간편결제,
천세원,2025-10-27,이체,내계좌이체,미분류,입금 내역,300000.0,KB스타적금II,
천세원,2025-10-27,지출,금융,보험,메리츠001건,-36120.0,저축예금,
천세원,2025-10-27,이체,카드대금,미분류,신한카드,-541549.0,저축예금,
천세원,2025-10-27,이체,이체,미분류,삼성히어링,-17800.0,저축예금,
천세원,2025-10-27,지출,카페/간식,커피/음료,복도리 협동조합,-7500.0,세종 여민전 하나멤버스 1Q체크카드(후불교통),
천세원,2025-10-27,이체,내계좌이체,미분류,퇴직연금-천세원,-100000.0,저축예금,
천세원,2025-10-27,이체,내계좌이체,미분류,11회-천세원,-500000.0,저축예금,
천세원,2025-10-27,이체,내계좌이체,미분류,입금 내역,500000.0,WON 자유적금,
천세원,2025-10-27,이체,내계좌이체,미분류,천세원청약91,-100000.0,저축예금,
천세원,2025-10-27,이체,내계좌이체,미분류,입금 내역,100000.0,주택청약종합저축,
천세원,2025-10-27,이체,내계좌이체,미분류,"80350300100418  , 9회차",-300000.0,KB마이핏통장,
천세원,2025-10-28,이체,이체,미분류,신*수,2500.0,카카오페이 머니,
하유진,2025-10-28,지출,식사,미분류,(주)아워홈콘티넨탈세종점,-5400.0,네이버페이 간편결제,
하유진,2025-10-28,이체,미분류,미분류,하유진,-4000000.0,KB마이핏통장,
하유진,2025-10-28,이체,이체,미분류,천세원,-5000000.0,KB마이핏통장,
천세원,2025-10-28,이체,이체,미분류,정*영,2500.0,카카오페이 머니,
하유진,2025-10-29,지출,의복/미용,미분류,주식회사 레브잇,-2800.0,카카오페이 간편결제,
하유진,2025-10-29,이체,이체,미분류,김인화,57000.0,KB마이핏통장,
하유진,2025-10-29,지출,생활,미분류,마켓세종,-2480.0,네이버페이 간편결제,
천세원,2025-10-29,지출,온라인쇼핑,인터넷쇼핑,주식회사 카카오,-73800.0,카카오페이 간편결제,
하유진,2025-10-29,이체,이체,미분류,온누리충전,-18000.0,KB마이핏통장,
하유진,2025-10-29,이체,이체,미분류,김재원,-57000.0,KB마이핏통장,
하유진,2025-10-30,이체,이체,미분류,김경희,300000.0,KB마이핏통장,
하유진,2025-10-30,이체,이체,미분류,송금 내역,-32400.0,카카오페이 머니,
천세원,2025-10-30,이체,이체,미분류,신*수,2500.0,카카오페이 머니,
천세원,2025-10-30,지출,카페/간식,커피/음료,복도리 협동조합,-5000.0,세종 여민전 하나멤버스 1Q체크카드(후불교통),
하유진,2025-10-31,이체,미분류,미분류,하유진,-405000.0,KB마이핏통장,
하유진,2025-10-31,이체,저축,미분류,천세원_생일선물,990000.0,KB마이핏통장,
하유진,2025-10-31,지출,생활,미분류,루피너스,-628.0,네이버페이 간편결제(포인트),
하유진,2025-10-31,지출,생활,미분류,루피너스,-989372.0,네이버페이 간편결제,
하유진,2025-10-31,지출,생활,미분류,GS25 신촌세브란스점,-10500.0,네이버페이 간편결제,
하유진,2025-10-31,지출,의복/미용,미분류,CJ올리브영 신촌명물거리점,-17800.0,네이버페이 간편결제,
천세원,2025-10-31,지출,금융,세금/과태료,국민하유진_생일선물,-990000.0,저축예금,
천세원,2025-11-01,지출,온라인쇼핑,인터넷쇼핑,여민전__체크,-300000.0,저축예금,
하유진,2025-11-01,지출,자동차,미분류,옥천부산방향주유소케이아이에스정보통신,-50000.0,네이버 현대카드,
하유진,2025-11-01,이체,미분류,미분류,여민전__체크,-300000.0,KB마이핏통장,
천세원,2025-11-01,이체,내계좌이체,미분류,천세원,300000.0,저축예금,
천세원,2025-11-01,이체,내계좌이체,미분류,천세원,-300000.0,KB마이핏통장,
하유진,2025-11-02,이체,이체,미분류,김경희,300000.0,KB마이핏통장,
하유진,2025-11-02,지출,식사,미분류,코스트코코리아,-3000.0,네이버페이 간편결제,
하유진,2025-11-02,지출,식사,미분류,코스트코코리아,-50160.0,네이버페이 간편결제,
하유진,2025-11-03,지출,의복/미용,미분류,약속헤어앤네일,-180000.0,세종 여민전 하나멤버스 1Q체크카드(후불교통),
천세원,2025-11-03,지출,뷰티/미용,화장품,마드모아젤,-10000.0,네이버페이 간편결제,
하유진,2025-11-03,지출,문화/여가,미분류,ALIPAY CONNECT PTE. LTD,-3950.0,카카오페이 간편결제,
하유진,2025-11-04,지출,자동차,미분류,하이패스3191,-50000.0,KB마이핏통장,
하유진,2025-11-04,이체,미분류,미분류,김정애(미플러스스킨,-1000000.0,KB마이핏통장,
하유진,2025-11-04,이체,이체,미분류,송금 내역,-76000.0,카카오페이 머니,
천세원,2025-11-04,지출,카페/간식,커피/음료,복도리 협동조합,-5000.0,세종 여민전 하나멤버스 1Q체크카드(후불교통),
천세원,2025-11-04,이체,이체,미분류,신*수,2500.0,카카오페이 머니,
하유진,2025-11-04,지출,식사,미분류,아워홈콘티넨탈세종점,-1250.0,네이버페이 간편결제,
하유진,2025-11-04,지출,미분류,미분류,이니시스,-45000.0,네이버 현대카드,
천세원,2025-11-05,지출,카페/간식,커피/음료,복도리 협동조합,-5000.0,세종 여민전 하나멤버스 1Q체크카드(후불교통),
천세원,2025-11-05,이체,이체,미분류,신*수,2500.0,카카오페이 머니,
천세원,2025-11-06,지출,카페/간식,커피/음료,복도리 협동조합,-5000.0,세종 여민전 하나멤버스 1Q체크카드(후불교통),
천세원,2025-11-06,이체,이체,미분류,신*수,2500.0,카카오페이 머니,
하유진,2025-11-06,지출,식사,미분류,아워홈콘티넨탈세종점,-1200.0,네이버페이 간편결제,
하유진,2025-11-07,수입,미분류,미분류,페이코 10주년 페이백,2191.0,페이코포인트,
천세원,2025-11-07,이체,이체,미분류,신*수,2500.0,카카오페이 머니,
천세원,2025-11-07,지출,자동차,주유,행복주유소,-50000.0,세종 여민전 하나멤버스 1Q체크카드(후불교통),
하유진,2025-11-07,지출,카페/간식,미분류,플래티넘페이먼츠,-63409.0,신세계 푸빌라 BC 바로카드,
천세원,2025-11-07,지출,카페/간식,커피/음료,복도리 협동조합,-5000.0,세종 여민전 하나멤버스 1Q체크카드(후불교통),
천세원,2025-11-08,지출,카페/간식,커피/음료,메가커피세종새롬점,-2000.0,KB국민 첵첵 체크카드(RF),
천세원,2025-11-08,지출,카페/간식,커피/음료,메가커피세종새롬점,-2000.0,KB국민 첵첵 체크카드(RF),
천세원,2025-11-08,지출,식비,배달,땡겨요(구)_신한은행,-19900.0,세종 여민전 하나멤버스 1Q체크카드(후불교통),
하유진,2025-11-10,지출,식사,미분류,(주)아워홈콘티넨탈세종점,-1200.0,네이버페이 간편결제,
하유진,2025-11-10,지출,문화/여가,미분류,ALIPAY CONNECT PTE. LTD,3950.0,카카오페이 간편결제,
하유진,2025-11-10,이체,저축,미분류,(주) 루피너스 /,13000.0,KB마이핏통장,
천세원,2025-11-10,지출,카페/간식,커피/음료,복도리 협동조합,-2500.0,세종 여민전 하나멤버스 1Q체크카드(후불교통),
천세원,2025-11-11,이체,이체,미분류,신*수,2500.0,카카오페이 머니,
천세원,2025-11-11,지출,카페/간식,커피/음료,복도리 협동조합,-5000.0,세종 여민전 하나멤버스 1Q체크카드(후불교통),
하유진,2025-11-11,지출,자동차,미분류,행복주유소,-60000.0,세종 여민전 하나멤버스 1Q체크카드(후불교통),
하유진,2025-11-11,지출,식사,미분류,(주)아워홈콘티넨탈세종점,-1200.0,네이버페이 간편결제,
하유진,2025-11-12,지출,생활,미분류,(주)마켓세종,-3300.0,세종 여민전 하나멤버스 1Q체크카드(후불교통),
하유진,2025-11-12,이체,카드대금,미분류,현대카드대금,-708117.0,KB마이핏통장,
천세원,2025-11-12,지출,금융,카드,NHNKCP,-1000.0,네이버페이 간편결제,
천세원,2025-11-12,이체,이체,미분류,신*수,2500.0,카카오페이 머니,
천세원,2025-11-12,지출,카페/간식,커피/음료,복도리 협동조합,-5000.0,세종 여민전 하나멤버스 1Q체크카드(후불교통),
하유진,2025-11-13,지출,식사,미분류,본죽,-31600.0,세종 여민전 하나멤버스 1Q체크카드(후불교통),
하유진,2025-11-13,지출,의료/건강,미분류,세종바름약국,-7300.0,세종 여민전 하나멤버스 1Q체크카드(후불교통),
하유진,2025-11-13,지출,의료/건강,미분류,위하는 내과의원,-5500.0,세종 여민전 하나멤버스 1Q체크카드(후불교통),
천세원,2025-11-13,이체,이체,미분류,이*석,7700.0,카카오페이 머니,
하유진,2025-11-14,지출,교통,미분류,(주)에스알,-75200.0,MG+ S 하나카드,
하유진,2025-11-14,지출,문화/여가,미분류,주식회사 카카오,-2900.0,카카오페이 간편결제,
하유진,2025-11-14,지출,교통,미분류,주식회사 에스알,-75200.0,네이버페이 간편결제,
천세원,2025-11-14,지출,금융,은행,송금 내역,-2900.0,카카오페이 머니,
천세원,2025-11-14,지출,교통,철도,주식회사 에스알,37600.0,네이버페이 간편결제,
천세원,2025-11-14,지출,식비,일식,참치정육점 세종점,-49000.0,세종 여민전 하나멤버스 1Q체크카드(후불교통),
천세원,2025-11-15,이체,미분류,미분류,입금 내역,816.0,KB마이핏통장,
하유진,2025-11-15,이체,미분류,미분류,입금 내역,4594.0,KB마이핏통장,
하유진,2025-11-15,지출,카페/간식,미분류,공차부산역광장점,-10800.0,네이버페이 간편결제,
하유진,2025-11-15,지출,문화/여가,미분류,조이풀조이풀,-79000.0,네이버 현대카드,
하유진,2025-11-16,지출,여행/숙박,미분류,태종대다누비열차,-8000.0,네이버 현대카드,
하유진,2025-11-16,지출,생활,미분류,씨유CU뉴태종대공원점,-3600.0,네이버페이 간편결제,
하유진,2025-11-17,지출,문화/여가,미분류,코레일유통부산역,-26000.0,네이버페이 간편결제,
하유진,2025-11-17,지출,생활,미분류,이마트세종점,-163600.0,네이버 현대카드,
하유진,2025-11-17,이체,이체,미분류,신수기,-15000.0,KB마이핏통장,
하유진,2025-11-17,지출,미분류,미분류,케이지이니시스,-5100.0,네이버페이 간편결제,
하유진,2025-11-17,지출,생활,미분류,세종전자담배마켓,-160000.0,세종 여민전 하나멤버스 1Q체크카드(후불교통),
천세원,2025-11-17,지출,금융,은행,SKB6522025232,-16500.0,저축예금,
천세원,2025-11-17,이체,이체,미분류,금고송은자,-20000.0,저축예금,
하유진,2025-11-17,지출,주거/통신,미분류,민팃,-5900.0,네이버 현대카드,
천세원,2025-11-18,지출,자동차,주유,행복주유소,-60000.0,세종 여민전 하나멤버스 1Q체크카드(후불교통),
하유진,2025-11-18,지출,생활,미분류,락앤락,-118520.0,네이버페이 간편결제,
하유진,2025-11-18,지출,생활,미분류,락앤락,-18080.0,네이버페이 간편결제(포인트),
하유진,2025-11-18,수입,미분류,미분류,11월 모여서 쿠폰 쓰기,1642.0,페이코포인트,
하유진,2025-11-19,이체,이체,미분류,토스페이충전,-50000.0,KB마이핏통장,
하유진,2025-11-19,지출,미분류,미분류,토스쇼핑,-17460.0,토스 간편결제,
하유진,2025-11-20,지출,식사,미분류,찬누리 channuri,-18400.0,네이버페이 간편결제,
하유진,2025-11-20,이체,현금,미분류,현대카드,10000.0,KB마이핏통장,
천세원,2025-11-21,지출,주거/통신,휴대폰,국민은행LiivM,-40490.0,KB국민 첵첵 체크카드(RF),
하유진,2025-11-21,지출,생활,미분류,도루코,-29900.0,네이버페이 간편결제,
하유진,2025-11-21,이체,이체,미분류,온뱅크예탁금해지,46382208.0,자립예탁금,
하유진,2025-11-21,지출,식사,미분류,순한양꼬치,-84500.0,세종 여민전 하나멤버스 1Q체크카드(후불교통),
하유진,2025-11-21,지출,주거/통신,미분류,국민은행LiivM,-28500.0,KB국민 nori 체크카드(RF),
천세원,2025-11-21,지출,자동차,차량보험,DB손13711,-35950.0,저축예금,
하유진,2025-11-22,지출,생활,미분류,(주)마켓세종,-7510.0,세종 여민전 하나멤버스 1Q체크카드(후불교통),
하유진,2025-11-22,지출,식사,미분류,코스트코코리아,-84450.0,네이버페이 간편결제,
하유진,2025-11-22,수입,금융수입,미분류,이자,0.0,MY 입출금통장,
천세원,2025-11-22,수입,금융수입,미분류,이자,0.0,MY 입출금통장,
하유진,2025-11-23,지출,의복/미용,미분류,씨제이올리브네트웍스(주),-100.0,네이버페이 간편결제,
하유진,2025-11-23,지출,문화/여가,미분류,네이버플러스멤버십,-8000.0,네이버페이 간편결제,
하유진,2025-11-24,지출,문화/여가,미분류,주식회사 카카오,-990.0,카카오페이 간편결제,
천세원,2025-11-24,이체,이체,미분류,신*수,2500.0,카카오페이 머니,
천세원,2025-11-24,지출,식비,아시아음식,베트남쌀국수 퍼짱,-16000.0,세종 여민전 하나멤버스 1Q체크카드(후불교통),
천세원,2025-11-24,지출,카페/간식,커피/음료,복도리 카페,-5000.0,KB국민 첵첵 체크카드(RF),
천세원,2025-11-24,지출,의료/건강,약국,세종권약국,-10000.0,세종 여민전 하나멤버스 1Q체크카드(후불교통),
하유진,2025-11-24,지출,식사,미분류,(주)아워홈콘티넨탈세종점,-1200.0,네이버페이 간편결제,
하유진,2025-11-24,지출,의복/미용,미분류,엠오오,-52847.0,네이버페이 간편결제,
하유진,2025-11-24,지출,문화/여가,미분류,세종영창영음악기,-20000.0,세종 여민전 하나멤버스 1Q체크카드(후불교통),
하유진,2025-11-24,지출,의복/미용,미분류,엠오오,-1053.0,네이버페이 간편결제(포인트),
하유진,2025-11-25,수입,미분류,미분류,PAYCO리워드,657.0,페이코포인트,
천세원,2025-11-25,지출,카페/간식,도넛/핫도그,브라더꽈배기 새롬점,-1100.0,세종 여민전 하나멤버스 1Q체크카드(후불교통),
천세원,2025-11-25,이체,내계좌이체,미분류,12회-천세원,-500000.0,저축예금,
천세원,2025-11-25,이체,내계좌이체,미분류,입금 내역,500000.0,WON 자유적금,
천세원,2025-11-25,이체,카드대금,미분류,신한카드,-783230.0,저축예금,
천세원,2025-11-25,지출,금융,이자/대출,국민하유진_생활비,-3000000.0,저축예금,
천세원,2025-11-25,수입,급여,미분류,급여 아우모비오,4201135.0,저축예금,
하유진,2025-11-25,이체,대출,미분류,천세원_생활비,3000000.0,KB마이핏통장,
천세원,2025-11-25,지출,금융,보험,메리츠001건,-36120.0,저축예금,
하유진,2025-11-25,지출,생활,미분류,한화손02건,-108663.0,KB마이핏통장,
하유진,2025-11-25,지출,식사,미분류,류사카,-32000.0,세종 여민전 하나멤버스 1Q체크카드(후불교통),
하유진,2025-11-25,지출,식사,미분류,(주)아워홈콘티넨탈세종점,-1200.0,네이버페이 간편결제,
하유진,2025-11-25,수입,급여,미분류,급여 아우모비오,3728077.0,KB마이핏통장,
천세원,2025-11-26,이체,내계좌이체,미분류,입금 내역,300000.0,KB스타적금II,
천세원,2025-11-26,이체,내계좌이체,미분류,입금 내역,100000.0,주택청약종합저축,
천세원,2025-11-26,이체,내계좌이체,미분류,천세원청약92,-100000.0,저축예금,
천세원,2025-11-26,이체,이체,미분류,삼성히어링,-17800.0,저축예금,
천세원,2025-11-26,지출,자동차,주유,행복주유소,-60000.0,세종 여민전 하나멤버스 1Q체크카드(후불교통),
천세원,2025-11-26,이체,내계좌이체,미분류,"80350300100418  ,10회차",-300000.0,KB마이핏통장,
하유진,2025-11-27,지출,교통,미분류,BC바로카드,-62966.0,KB마이핏통장,
하유진,2025-11-27,이체,이체,미분류,천세원,-5000000.0,KB마이핏통장,
천세원,2025-11-27,이체,내계좌이체,미분류,퇴직연금-천세원,-100000.0,저축예금,
하유진,2025-11-28,지출,식사,미분류,소금,-62000.0,세종 여민전 하나멤버스 1Q체크카드(후불교통),
하유진,2025-11-28,지출,식사,미분류,(주)아워홈콘티넨탈세종점,-1200.0,네이버페이 간편결제,
하유진,2025-11-29,지출,교통,미분류,주식회사 티머니,6600.0,카카오페이 간편결제,
하유진,2025-11-29,지출,교통,미분류,주식회사 티머니,-6600.0,카카오페이 간편결제,
하유진,2025-11-29,지출,교통,미분류,주식회사 티머니,-5460.0,카카오페이 간편결제,
하유진,2025-11-29,이체,저축,미분류,정기이자 입금,1.0,세이프박스,
하유진,2025-11-29,수입,금융수입,미분류,입출금통장 이자,11.0,입출금통장,
하유진,2025-11-29,지출,카페/간식,미분류,씨제이올리브네트웍스 주식회사,-100.0,카카오페이 간편결제,
하유진,2025-11-29,지출,식사,미분류,다인농업협동조합.,-8770.0,네이버페이 간편결제,
하유진,2025-11-30,지출,교통,미분류,부산버스,-7750.0,네이버 현대카드,
하유진,2025-11-30,지출,교통,미분류,부산지하철,-3200.0,네이버 현대카드,
하유진,2025-12-01,지출,식사,미분류,(주)아워홈콘티넨탈세종점,-1200.0,네이버페이 간편결제,
하유진,2025-12-01,지출,식사,미분류,코스트코코리아,-83050.0,네이버 현대카드,
하유진,2025-12-01,지출,식사,미분류,(주)아워홈콘티넨탈세종점,-1200.0,MG+ S 하나카드,
천세원,2025-12-02,지출,카페/간식,커피/음료,복도리 협동조합,-2500.0,세종 여민전 하나멤버스 1Q체크카드(후불교통),
하유진,2025-12-02,이체,미분류,미분류,하유진,-1442492.0,KB마이핏통장,
하유진,2025-12-02,이체,카드대금,미분류,하나카드결제,-1442492.0,KB마이핏통장,
하유진,2025-12-02,지출,미분류,미분류,금융결제원 인터넷지로,-100000.0,네이버페이 간편결제,
하유진,2025-12-02,지출,식사,미분류,(주)아워홈콘티넨탈세종점,-1200.0,네이버페이 간편결제,
하유진,2025-12-02,이체,미분류,미분류,하유진,-200000.0,KB마이핏통장,
하유진,2025-12-03,지출,문화/여가,미분류,ALIPAY CONNECT PTE. LTD,-199937.0,카카오페이 간편결제,
하유진,2025-12-03,지출,식사,미분류,(주)아워홈콘티넨탈세종점,-1200.0,네이버페이 간편결제,
하유진,2025-12-03,지출,생활,미분류,세종전자담배마켓,-150000.0,세종 여민전 하나멤버스 1Q체크카드(후불교통),
천세원,2025-12-03,지출,생활,생필품,세종전자담배마켓,-10000.0,세종 여민전 하나멤버스 1Q체크카드(후불교통),
하유진,2025-12-04,지출,식사,미분류,(주)아워홈콘티넨탈세종점,-2600.0,네이버페이 간편결제,
하유진,2025-12-04,지출,식사,미분류,(주)아워홈콘티넨탈세종점,-1200.0,네이버페이 간편결제,
천세원,2025-12-04,지출,식비,한식,미소야 새롬점,-24000.0,세종 여민전 하나멤버스 1Q체크카드(후불교통),
하유진,2025-12-06,지출,생활,미분류,(주)아성다이소,-23000.0,네이버페이 간편결제,
하유진,2025-12-06,지출,생활,미분류,(주)마켓세종,-24580.0,MG+ S 하나카드,
하유진,2025-12-06,지출,생활,미분류,(주)아성다이소,-23000.0,MG+ S 하나카드,
하유진,2025-12-06,지출,생활,미분류,(주)마켓세종,-24580.0,네이버페이 간편결제,
천세원,2025-12-07,지출,금융,보험,망향휴게소(하)주,-60000.0,저축예금,
하유진,2025-12-07,지출,카페/간식,미분류,씨제이올리브네트웍스 주식회사,-100.0,카카오페이 간편결제,
하유진,2025-12-07,지출,카페/간식,미분류,투썸플레이스 세브란스병원점,-15700.0,네이버페이 간편결제,
하유진,2025-12-07,지출,의료/건강,미분류,(주)케이엠파크 연세의료,-9750.0,네이버페이 간편결제,
하유진,2025-12-07,지출,식사,미분류,(주)제이에스물산,-3500.0,네이버페이 간편결제,
하유진,2025-12-08,지출,식사,미분류,(주)아워홈콘티넨탈세종점,-1200.0,네이버페이 간편결제,
하유진,2025-12-09,지출,문화/여가,미분류,와이든컴퍼니,7836.0,네이버페이 간편결제(포인트),
하유진,2025-12-09,지출,문화/여가,미분류,와이든컴퍼니,5464.0,네이버페이 간편결제,
하유진,2025-12-09,지출,문화/여가,미분류,와이든컴퍼니,-7836.0,네이버페이 간편결제(포인트),
하유진,2025-12-09,지출,식사,미분류,(주)아워홈콘티넨탈세종점,-1200.0,네이버페이 간편결제,
하유진,2025-12-09,지출,문화/여가,미분류,와이든컴퍼니,-5464.0,네이버페이 간편결제,
하유진,2025-12-10,지출,식사,미분류,덴까이,-25000.0,MG+ S 하나카드,
하유진,2025-12-10,지출,식사,미분류,덴까이,-25000.0,네이버페이 간편결제,
하유진,2025-12-11,이체,이체,미분류,김경희,100000.0,KB마이핏통장,
하유진,2025-12-12,지출,식사,미분류,코스트코코리아,-164720.0,네이버페이 간편결제,
하유진,2025-12-12,이체,카드대금,미분류,현대카드대금,-553010.0,KB마이핏통장,
하유진,2025-12-12,지출,생활,미분류,(주)아성다이소,-3000.0,네이버페이 간편결제,
하유진,2025-12-12,지출,생활,미분류,(주)마켓세종,-43270.0,네이버페이 간편결제,
하유진,2025-12-13,지출,카페/간식,미분류,핸드카드,-20800.0,네이버페이 간편결제,
하유진,2025-12-14,지출,생활,미분류,(주)아성다이소,-1000.0,네이버페이 간편결제,
하유진,2025-12-15,지출,식사,미분류,(주)아워홈콘티넨탈세종점,-1200.0,네이버페이 간편결제,
천세원,2025-12-15,지출,식비,한식,복도리협동조합,-12500.0,저축예금,
천세원,2025-12-15,지출,금융,은행,SKB6522025232,-16500.0,저축예금,
하유진,2025-12-15,지출,식사,미분류,(주)아워홈콘티넨탈세종점,-2580.0,네이버페이 간편결제,
하유진,2025-12-15,지출,주거/통신,미분류,민팃,-5900.0,네이버 현대카드,
하유진,2025-12-16,지출,식사,미분류,(주)아워홈콘티넨탈세종점,-1200.0,네이버페이 간편결제,
하유진,2025-12-16,지출,자동차,미분류,(주) 동인청사구도일주유소세종,-50000.0,네이버페이 간편결제,
하유진,2025-12-16,이체,미분류,미분류,당근페이,-28000.0,KB마이핏통장,
하유진,2025-12-17,이체,미분류,미분류,하유진,10000000.0,KB마이핏통장,
천세원,2025-12-17,이체,내계좌이체,미분류,LH천세원,-10094000.0,저축예금,
천세원,2025-12-17,이체,이체,미분류,하유진,10000000.0,저축예금,
하유진,2025-12-17,이체,미분류,미분류,하유진,-10000000.0,자립예탁금,
하유진,2025-12-17,이체,이체,미분류,천세원,-10000000.0,KB마이핏통장,
하유진,2025-12-17,지출,생활,미분류,이마트세종점,-163600.0,네이버 현대카드,
천세원,2025-12-17,이체,현금,미분류,AUMOVIO EL,112700.0,저축예금,
하유진,2025-12-18,이체,이체,미분류,장*윤,1000.0,카카오페이 머니,
하유진,2025-12-18,지출,식사,미분류,(주)아워홈콘티넨탈세종점,-1200.0,네이버페이 간편결제,
하유진,2025-12-19,지출,식사,미분류,(주)아워홈콘티넨탈세종점,-1200.0,MG+ S 하나카드,
하유진,2025-12-19,지출,식사,미분류,(주)아워홈콘티넨탈세종점,-1200.0,네이버페이 간편결제,
하유진,2025-12-19,지출,식사,미분류,계화동. 세종점,-41000.0,네이버페이 간편결제,
하유진,2025-12-19,지출,문화/여가,미분류,오잉코인노래연습장,-5000.0,네이버페이 간편결제,
천세원,2025-12-20,이체,미분류,미분류,입금 내역,0.0,저축예금,
하유진,2025-12-20,이체,이체,미분류,*****,1.0,신한 주거래 S20통장,
하유진,2025-12-20,이체,저축,미분류,예금결산이자,0.0,저축예금,
천세원,2025-12-20,수입,금융수입,미분류,예금결산이자,189.0,저축예금,
천세원,2025-12-22,지출,주거/통신,휴대폰,국민은행LiivM,-40490.0,KB마이핏통장,
하유진,2025-12-22,지출,술/유흥,미분류,담은 Damun,-11808.0,네이버페이 간편결제(포인트),
천세원,2025-12-22,이체,이체,미분류,하유진,1000000.0,저축예금,
천세원,2025-12-22,지출,자동차,차량보험,DB손13812,-35950.0,저축예금,
하유진,2025-12-22,지출,주거/통신,미분류,국민은행LiivM,-28500.0,KB국민 nori 체크카드(RF),
천세원,2025-12-22,지출,금융,이자/대출,기업주식회사 제이와,-1000000.0,저축예금,
하유진,2025-12-22,지출,식사,미분류,(주)아워홈콘티넨탈세종점,-1200.0,네이버페이 간편결제,
하유진,2025-12-22,지출,술/유흥,미분류,담은 Damun,-23472.0,네이버페이 간편결제,
하유진,2025-12-22,이체,이체,미분류,안정희,-85000.0,KB마이핏통장,
하유진,2025-12-22,이체,이체,미분류,천세원,-1000000.0,KB마이핏통장,
하유진,2025-12-23,지출,문화/여가,미분류,네이버플러스멤버십,-8000.0,네이버페이 간편결제,
하유진,2025-12-23,지출,식사,미분류,(주)아워홈콘티넨탈세종점,-1200.0,네이버페이 간편결제,
천세원,2025-12-24,지출,주거/통신,휴대폰,1200706606988,-8000762.0,저축예금,
천세원,2025-12-24,수입,용돈,미분류,대출금입금,8000000.0,저축예금,
천세원,2025-12-24,수입,급여,미분류,급여 아우모비오,4201485.0,저축예금,
천세원,2025-12-24,이체,내계좌이체,미분류,1020500099994,30812160.0,저축예금,
천세원,2025-12-24,이체,내계좌이체,미분류,1040425925447,6095530.0,저축예금,
하유진,2025-12-24,지출,문화/여가,미분류,주식회사 카카오,-990.0,카카오페이 간편결제,
하유진,2025-12-24,수입,급여,미분류,급여 아우모비오,3729389.0,KB마이핏통장,
하유진,2025-12-24,지출,생활,미분류,HY건축자재,-172998.0,네이버페이 간편결제,
하유진,2025-12-24,지출,식사,미분류,(주)아워홈콘티넨탈세종점,-1200.0,MG+ S 하나카드,
하유진,2025-12-24,지출,주거/통신,미분류,6161152607460,-10000000.0,KB마이핏통장,
하유진,2025-12-24,이체,투자,미분류,포인트리입금,9908.0,KB마이핏통장,
하유진,2025-12-24,이체,미분류,미분류,하유진,10000000.0,KB마이핏통장,
하유진,2025-12-24,이체,미분류,미분류,하유진,-10000000.0,자립예탁금,
하유진,2025-12-24,지출,생활,미분류,HY건축자재,-2.0,네이버페이 간편결제(포인트),
천세원,2025-12-24,이체,이체,미분류,카카오페이,-12481.0,저축예금,
하유진,2025-12-24,지출,식사,미분류,(주)아워홈콘티넨탈세종점,-1200.0,네이버페이 간편결제,
하유진,2025-12-25,지출,생활,미분류,(주)이마트세종점,-9570.0,네이버페이 간편결제,
하유진,2025-12-25,지출,의복/미용,미분류,현대아울렛 대전점,-107100.0,네이버페이 간편결제,
하유진,2025-12-25,지출,생활,미분류,(주)마켓세종,-49860.0,네이버페이 간편결제,
천세원,2025-12-26,지출,금융,세금/과태료,국민하유진,-2000000.0,저축예금,
하유진,2025-12-26,지출,카페/간식,미분류,메가엠지씨커피대전유성온천역점,-100.0,네이버페이 간편결제,
하유진,2025-12-26,이체,이체,미분류,천세원,2000000.0,KB마이핏통장,
하유진,2025-12-26,이체,이체,미분류,천세원,-22000000.0,KB마이핏통장,
하유진,2025-12-26,이체,미분류,미분류,하유진,10000000.0,KB마이핏통장,
하유진,2025-12-26,이체,미분류,미분류,하유진,-10000000.0,자립예탁금,
하유진,2025-12-26,이체,미분류,미분류,하유진,-6382208.0,자립예탁금,
하유진,2025-12-26,이체,미분류,미분류,하유진,10000000.0,KB마이핏통장,
하유진,2025-12-26,이체,미분류,미분류,하유진,6382208.0,KB마이핏통장,
하유진,2025-12-26,이체,미분류,미분류,하유진,-10000000.0,자립예탁금,
천세원,2025-12-26,이체,내계좌이체,미분류,"80350300100418  ,11회차",-300000.0,KB마이핏통장,
하유진,2025-12-26,지출,생활,미분류,한화손02건,-108663.0,KB마이핏통장,
천세원,2025-12-26,이체,내계좌이체,미분류,입금 내역,300000.0,KB스타적금II,
천세원,2025-12-26,이체,카드대금,미분류,신한카드,-611125.0,저축예금,
천세원,2025-12-26,이체,이체,미분류,삼성히어링,-17800.0,저축예금,
천세원,2025-12-26,이체,내계좌이체,미분류,LH천세원,-40376000.0,저축예금,
천세원,2025-12-26,이체,이체,미분류,하유진,22000000.0,저축예금,
천세원,2025-12-26,지출,금융,보험,메리츠001건,-36120.0,저축예금,
하유진,2025-12-27,이체,저축,미분류,정기이자 입금,1.0,세이프박스,
천세원,2025-12-27,수입,금융수입,미분류,이자,0.0,MY 입출금통장,
하유진,2025-12-27,수입,금융수입,미분류,결산이자,0.0,자립예탁금,
하유진,2025-12-27,수입,금융수입,미분류,결산이자,1763.0,자립예탁금,
하유진,2025-12-27,수입,금융수입,미분류,이자,0.0,MY 입출금통장,
하유진,2025-12-27,수입,금융수입,미분류,입출금통장 이자,9.0,입출금통장,
하유진,2025-12-28,이체,미분류,미분류,입금 내역,1.0,NH1934우대통장(저축예금),
천세원,2025-12-28,지출,생활,생활서비스,로반프린트카페나성,-180.0,KB마이핏통장,
천세원,2025-12-28,이체,카드대금,미분류,농협최임규(아라익스,-100000.0,저축예금,
천세원,2025-12-28,이체,미분류,미분류,입금 내역,0.0,자립예탁금,
하유진,2025-12-29,지출,생활,미분류,(주)아성다이소,-8550.0,네이버페이 간편결제,
천세원,2025-12-29,지출,금융,증권/투자,하나주식회사우드스토,-500000.0,저축예금,
천세원,2025-12-29,이체,내계좌이체,미분류,퇴직연금-천세원,-100000.0,저축예금,
하유진,2025-12-29,지출,식사,미분류,(주)아워홈콘티넨탈세종점,-1200.0,네이버페이 간편결제,
하유진,2025-12-29,이체,미분류,미분류,(주)카카오,17640.0,KB마이핏통장,
하유진,2025-12-30,이체,이체,미분류,홍봉기,-350000.0,KB마이핏통장,
하유진,2025-12-30,지출,식사,미분류,컬리N마트,-27680.0,네이버페이 간편결제,
하유진,2025-12-30,지출,생활,미분류,채움 철물인테리어,-50.0,네이버페이 간편결제(포인트),
하유진,2025-12-30,지출,생활,미분류,채움 철물인테리어,-67950.0,네이버페이 간편결제,
천세원,2025-12-30,지출,금융,이자/대출,기업주식회사 제이와,-4444000.0,저축예금,
천세원,2025-12-31,이체,이체,미분류,카카오페이,-10500.0,저축예금,
하유진,2025-12-31,지출,식사,미분류,코스트코코리아,-211220.0,네이버페이 간편결제,
하유진,2025-12-31,지출,문화/여가,미분류,주식회사 카카오,-39000.0,카카오페이 간편결제,
